Filename	Atlas Name	Publications	Biospecimen	Assay	Level	Organ	Treatment	Diagnosis	Data Access	Synapse Id	Atlasid	File Format	Data File ID	Parent Data File ID	Primary Diagnosis	Sc RN Aseq Workflow Type	Sc RN Aseq Workflow Parameters Description	Workflow Version	Workflow Link	Release Version	Metadata	View
single_cell_RNAseq_level_3_breast/HTAPP-211-SMP-6751_TST_channel1_barcodes.tsv.gz	HTAN HTAPP		HTA1_211_6751320	scRNA-seq	Level 3	Breast NOS		Intraductal carcinoma NOS	Synapse	syn24245844	HTA1	tsv	HTA1_211_67513201011	HTA1_211_6751320101		CellRanger	scCloud cellranger_workflow with default settings, CellRanger 3	18	https://portal.firecloud.org/?return=terra#methods/scCloud/cellranger_workflow/18	Release 3.0	Details	
single_cell_RNAseq_level_3_breast/HTAPP-211-SMP-6751_TST_channel1_features.tsv.gz	HTAN HTAPP		HTA1_211_6751320	scRNA-seq	Level 3	Breast NOS		Intraductal carcinoma NOS	Synapse	syn24245846	HTA1	tsv	HTA1_211_67513201012	HTA1_211_6751320101		CellRanger	scCloud cellranger_workflow with default settings, CellRanger 3	18	https://portal.firecloud.org/?return=terra#methods/scCloud/cellranger_workflow/18	Release 3.0	Details	
single_cell_RNAseq_level_3_breast/HTAPP-211-SMP-6751_TST_channel1_matrix.mtx.gz	HTAN HTAPP		HTA1_211_6751320	scRNA-seq	Level 3	Breast NOS		Intraductal carcinoma NOS	Synapse	syn24245848	HTA1	mtx	HTA1_211_67513201013	HTA1_211_6751320101		CellRanger	scCloud cellranger_workflow with default settings, CellRanger 3	18	https://portal.firecloud.org/?return=terra#methods/scCloud/cellranger_workflow/18	Release 3.0	Details	
single_cell_RNAseq_level_3_breast/HTAPP-211-SMP-6751_TST_channel2_barcodes.tsv.gz	HTAN HTAPP		HTA1_211_6751320	scRNA-seq	Level 3	Breast NOS		Intraductal carcinoma NOS	Synapse	syn24245849	HTA1	tsv	HTA1_211_67513203011	HTA1_211_6751320301		CellRanger	scCloud cellranger_workflow with default settings, CellRanger 3	18	https://portal.firecloud.org/?return=terra#methods/scCloud/cellranger_workflow/18	Release 3.0	Details	
single_cell_RNAseq_level_3_breast/HTAPP-211-SMP-6751_TST_channel2_features.tsv.gz	HTAN HTAPP		HTA1_211_6751320	scRNA-seq	Level 3	Breast NOS		Intraductal carcinoma NOS	Synapse	syn24245851	HTA1	tsv	HTA1_211_67513203012	HTA1_211_6751320301		CellRanger	scCloud cellranger_workflow with default settings, CellRanger 3	18	https://portal.firecloud.org/?return=terra#methods/scCloud/cellranger_workflow/18	Release 3.0	Details	
single_cell_RNAseq_level_3_breast/HTAPP-211-SMP-6751_TST_channel2_matrix.mtx.gz	HTAN HTAPP		HTA1_211_6751320	scRNA-seq	Level 3	Breast NOS		Intraductal carcinoma NOS	Synapse	syn24245852	HTA1	mtx	HTA1_211_67513203013	HTA1_211_6751320301		CellRanger	scCloud cellranger_workflow with default settings, CellRanger 3	18	https://portal.firecloud.org/?return=terra#methods/scCloud/cellranger_workflow/18	Release 3.0	Details	
single_cell_RNAseq_level_3_breast/HTAPP-213-SMP-6752_TST_channel1_barcodes.tsv.gz	HTAN HTAPP		HTA1_213_6752601	scRNA-seq	Level 3	Breast NOS		Ductal carcinoma NOS	Synapse	syn24245854	HTA1	tsv	HTA1_213_67526011011	HTA1_213_6752601101		CellRanger	scCloud cellranger_workflow with default settings, CellRanger 3	18	https://portal.firecloud.org/?return=terra#methods/scCloud/cellranger_workflow/18	Release 3.0	Details	
single_cell_RNAseq_level_3_breast/HTAPP-213-SMP-6752_TST_channel1_features.tsv.gz	HTAN HTAPP		HTA1_213_6752601	scRNA-seq	Level 3	Breast NOS		Ductal carcinoma NOS	Synapse	syn24245856	HTA1	tsv	HTA1_213_67526011012	HTA1_213_6752601101		CellRanger	scCloud cellranger_workflow with default settings, CellRanger 3	18	https://portal.firecloud.org/?return=terra#methods/scCloud/cellranger_workflow/18	Release 3.0	Details	
single_cell_RNAseq_level_3_breast/HTAPP-213-SMP-6752_TST_channel1_matrix.mtx.gz	HTAN HTAPP		HTA1_213_6752601	scRNA-seq	Level 3	Breast NOS		Ductal carcinoma NOS	Synapse	syn24245858	HTA1	mtx	HTA1_213_67526011013	HTA1_213_6752601101		CellRanger	scCloud cellranger_workflow with default settings, CellRanger 3	18	https://portal.firecloud.org/?return=terra#methods/scCloud/cellranger_workflow/18	Release 3.0	Details	
single_cell_RNAseq_level_3_breast/HTAPP-213-SMP-6752_TST_channel2_barcodes.tsv.gz	HTAN HTAPP		HTA1_213_6752601	scRNA-seq	Level 3	Breast NOS		Ductal carcinoma NOS	Synapse	syn24245861	HTA1	tsv	HTA1_213_67526013011	HTA1_213_6752601301		CellRanger	scCloud cellranger_workflow with default settings, CellRanger 3	18	https://portal.firecloud.org/?return=terra#methods/scCloud/cellranger_workflow/18	Release 3.0	Details	
single_cell_RNAseq_level_3_breast/HTAPP-213-SMP-6752_TST_channel2_features.tsv.gz	HTAN HTAPP		HTA1_213_6752601	scRNA-seq	Level 3	Breast NOS		Ductal carcinoma NOS	Synapse	syn24245863	HTA1	tsv	HTA1_213_67526013012	HTA1_213_6752601301		CellRanger	scCloud cellranger_workflow with default settings, CellRanger 3	18	https://portal.firecloud.org/?return=terra#methods/scCloud/cellranger_workflow/18	Release 3.0	Details	
single_cell_RNAseq_level_3_breast/HTAPP-213-SMP-6752_TST_channel2_matrix.mtx.gz	HTAN HTAPP		HTA1_213_6752601	scRNA-seq	Level 3	Breast NOS		Ductal carcinoma NOS	Synapse	syn24245864	HTA1	mtx	HTA1_213_67526013013	HTA1_213_6752601301		CellRanger	scCloud cellranger_workflow with default settings, CellRanger 3	18	https://portal.firecloud.org/?return=terra#methods/scCloud/cellranger_workflow/18	Release 3.0	Details	
single_cell_RNAseq_level_3_breast/HTAPP-223-SMP-6755_TST_channel1_barcodes.tsv.gz	HTAN HTAPP		HTA1_223_6755320	scRNA-seq	Level 3	Upper-outer quadrant of breast		Ductal carcinoma NOS	Synapse	syn24245866	HTA1	tsv	HTA1_223_67553201011	HTA1_223_6755320101		CellRanger	scCloud cellranger_workflow with default settings, CellRanger 3	18	https://portal.firecloud.org/?return=terra#methods/scCloud/cellranger_workflow/18	Release 3.0	Details	
single_cell_RNAseq_level_3_breast/HTAPP-223-SMP-6755_TST_channel1_matrix.mtx.gz	HTAN HTAPP		HTA1_223_6755320	scRNA-seq	Level 3	Upper-outer quadrant of breast		Ductal carcinoma NOS	Synapse	syn24245870	HTA1	tsv	HTA1_223_67553201013	HTA1_223_6755320101		CellRanger	scCloud cellranger_workflow with default settings, CellRanger 3	18	https://portal.firecloud.org/?return=terra#methods/scCloud/cellranger_workflow/18	Release 3.0	Details	
single_cell_RNAseq_level_3_breast/HTAPP-223-SMP-6755_TST_channel2_barcodes.tsv.gz	HTAN HTAPP		HTA1_223_6755320	scRNA-seq	Level 3	Upper-outer quadrant of breast		Ductal carcinoma NOS	Synapse	syn24245872	HTA1	mtx	HTA1_223_67553203011	HTA1_223_6755320301		CellRanger	scCloud cellranger_workflow with default settings, CellRanger 3	18	https://portal.firecloud.org/?return=terra#methods/scCloud/cellranger_workflow/18	Release 3.0	Details	
single_cell_RNAseq_level_3_breast/HTAPP-223-SMP-6755_TST_channel2_features.tsv.gz	HTAN HTAPP		HTA1_223_6755320	scRNA-seq	Level 3	Upper-outer quadrant of breast		Ductal carcinoma NOS	Synapse	syn24245874	HTA1	tsv	HTA1_223_67553203012	HTA1_223_6755320301		CellRanger	scCloud cellranger_workflow with default settings, CellRanger 3	18	https://portal.firecloud.org/?return=terra#methods/scCloud/cellranger_workflow/18	Release 3.0	Details	
single_cell_RNAseq_level_3_breast/HTAPP-223-SMP-6755_TST_channel1_features.tsv.gz	HTAN HTAPP		HTA1_223_6755320	scRNA-seq	Level 3	Upper-outer quadrant of breast		Ductal carcinoma NOS	Synapse	syn24245875	HTA1	tsv	HTA1_223_67553201012	HTA1_223_6755320101		CellRanger	scCloud cellranger_workflow with default settings, CellRanger 3	18	https://portal.firecloud.org/?return=terra#methods/scCloud/cellranger_workflow/18	Release 3.0	Details	
single_cell_RNAseq_level_3_breast/HTAPP-223-SMP-6755_TST_channel2_matrix.mtx.gz	HTAN HTAPP		HTA1_223_6755320	scRNA-seq	Level 3	Upper-outer quadrant of breast		Ductal carcinoma NOS	Synapse	syn24245876	HTA1	tsv	HTA1_223_67553203013	HTA1_223_6755320301		CellRanger	scCloud cellranger_workflow with default settings, CellRanger 3	18	https://portal.firecloud.org/?return=terra#methods/scCloud/cellranger_workflow/18	Release 3.0	Details	
single_cell_RNAseq_level_3_breast/HTAPP-223-SMP-7537_TST_channel1_barcodes.tsv.gz	HTAN HTAPP		HTA1_223_7537320	scRNA-seq	Level 3	Upper-outer quadrant of breast		Ductal carcinoma NOS	Synapse	syn24245880	HTA1	mtx	HTA1_223_75373201011	HTA1_223_7537320101		CellRanger	scCloud cellranger_workflow with default settings, CellRanger 3	18	https://portal.firecloud.org/?return=terra#methods/scCloud/cellranger_workflow/18	Release 3.0	Details	
single_cell_RNAseq_level_3_breast/HTAPP-223-SMP-7537_TST_channel1_features.tsv.gz	HTAN HTAPP		HTA1_223_7537320	scRNA-seq	Level 3	Upper-outer quadrant of breast		Ductal carcinoma NOS	Synapse	syn24245882	HTA1	tsv	HTA1_223_75373201012	HTA1_223_7537320101		CellRanger	scCloud cellranger_workflow with default settings, CellRanger 3	18	https://portal.firecloud.org/?return=terra#methods/scCloud/cellranger_workflow/18	Release 3.0	Details	
single_cell_RNAseq_level_3_breast/HTAPP-223-SMP-7537_TST_channel1_matrix.mtx.gz	HTAN HTAPP		HTA1_223_7537320	scRNA-seq	Level 3	Upper-outer quadrant of breast		Ductal carcinoma NOS	Synapse	syn24245884	HTA1	tsv	HTA1_223_75373201013	HTA1_223_7537320101		CellRanger	scCloud cellranger_workflow with default settings, CellRanger 3	18	https://portal.firecloud.org/?return=terra#methods/scCloud/cellranger_workflow/18	Release 3.0	Details	
single_cell_RNAseq_level_3_breast/HTAPP-223-SMP-7537_TST_channel2_barcodes.tsv.gz	HTAN HTAPP		HTA1_223_7537320	scRNA-seq	Level 3	Upper-outer quadrant of breast		Ductal carcinoma NOS	Synapse	syn24245886	HTA1	mtx	HTA1_223_75373203011	HTA1_223_7537320301		CellRanger	scCloud cellranger_workflow with default settings, CellRanger 3	18	https://portal.firecloud.org/?return=terra#methods/scCloud/cellranger_workflow/18	Release 3.0	Details	
single_cell_RNAseq_level_3_breast/HTAPP-223-SMP-7537_TST_channel2_matrix.mtx.gz	HTAN HTAPP		HTA1_223_7537320	scRNA-seq	Level 3	Upper-outer quadrant of breast		Ductal carcinoma NOS	Synapse	syn24245888	HTA1	tsv	HTA1_223_75373203013	HTA1_223_7537320301		CellRanger	scCloud cellranger_workflow with default settings, CellRanger 3	18	https://portal.firecloud.org/?return=terra#methods/scCloud/cellranger_workflow/18	Release 3.0	Details	
single_cell_RNAseq_level_3_breast/HTAPP-225-SMP-6756_TST_channel1_barcodes.tsv.gz	HTAN HTAPP		HTA1_225_6756320	scRNA-seq	Level 3	Upper-outer quadrant of breast		Ductal carcinoma NOS	Synapse	syn24245891	HTA1	mtx	HTA1_225_67563201011	HTA1_225_6756320101		CellRanger	scCloud cellranger_workflow with default settings, CellRanger 3	18	https://portal.firecloud.org/?return=terra#methods/scCloud/cellranger_workflow/18	Release 3.0	Details	
single_cell_RNAseq_level_3_breast/HTAPP-223-SMP-7537_TST_channel2_features.tsv.gz	HTAN HTAPP		HTA1_223_7537320	scRNA-seq	Level 3	Upper-outer quadrant of breast		Ductal carcinoma NOS	Synapse	syn24245892	HTA1	tsv	HTA1_223_75373203012	HTA1_223_7537320301		CellRanger	scCloud cellranger_workflow with default settings, CellRanger 3	18	https://portal.firecloud.org/?return=terra#methods/scCloud/cellranger_workflow/18	Release 3.0	Details	
single_cell_RNAseq_level_3_breast/HTAPP-225-SMP-6756_TST_channel1_features.tsv.gz	HTAN HTAPP		HTA1_225_6756320	scRNA-seq	Level 3	Upper-outer quadrant of breast		Ductal carcinoma NOS	Synapse	syn24245893	HTA1	tsv	HTA1_225_67563201012	HTA1_225_6756320101		CellRanger	scCloud cellranger_workflow with default settings, CellRanger 3	18	https://portal.firecloud.org/?return=terra#methods/scCloud/cellranger_workflow/18	Release 3.0	Details	
single_cell_RNAseq_level_3_breast/HTAPP-225-SMP-6756_TST_channel1_matrix.mtx.gz	HTAN HTAPP		HTA1_225_6756320	scRNA-seq	Level 3	Upper-outer quadrant of breast		Ductal carcinoma NOS	Synapse	syn24245895	HTA1	tsv	HTA1_225_67563201013	HTA1_225_6756320101		CellRanger	scCloud cellranger_workflow with default settings, CellRanger 3	18	https://portal.firecloud.org/?return=terra#methods/scCloud/cellranger_workflow/18	Release 3.0	Details	
single_cell_RNAseq_level_3_breast/HTAPP-226-SMP-6757_TST_channel1_barcodes.tsv.gz	HTAN HTAPP		HTA1_226_6757320	scRNA-seq	Level 3	Breast NOS		Carcinoma NOS	Synapse	syn24245897	HTA1	tsv	HTA1_226_67573201011	HTA1_226_6757320101		CellRanger	scCloud cellranger_workflow with default settings, CellRanger 3	18	https://portal.firecloud.org/?return=terra#methods/scCloud/cellranger_workflow/18	Release 3.0	Details	
single_cell_RNAseq_level_3_breast/HTAPP-226-SMP-6757_TST_channel1_features.tsv.gz	HTAN HTAPP		HTA1_226_6757320	scRNA-seq	Level 3	Breast NOS		Carcinoma NOS	Synapse	syn24245899	HTA1	mtx	HTA1_226_67573201012	HTA1_226_6757320101		CellRanger	scCloud cellranger_workflow with default settings, CellRanger 3	18	https://portal.firecloud.org/?return=terra#methods/scCloud/cellranger_workflow/18	Release 3.0	Details	
single_cell_RNAseq_level_3_breast/HTAPP-226-SMP-6757_TST_channel1_matrix.mtx.gz	HTAN HTAPP		HTA1_226_6757320	scRNA-seq	Level 3	Breast NOS		Carcinoma NOS	Synapse	syn24245901	HTA1	tsv	HTA1_226_67573201013	HTA1_226_6757320101		CellRanger	scCloud cellranger_workflow with default settings, CellRanger 3	18	https://portal.firecloud.org/?return=terra#methods/scCloud/cellranger_workflow/18	Release 3.0	Details	
single_cell_RNAseq_level_3_breast/HTAPP-226-SMP-6757_TST_channel2_barcodes.tsv.gz	HTAN HTAPP		HTA1_226_6757320	scRNA-seq	Level 3	Breast NOS		Carcinoma NOS	Synapse	syn24245903	HTA1	tsv	HTA1_226_67573203011	HTA1_226_6757320301		CellRanger	scCloud cellranger_workflow with default settings, CellRanger 3	18	https://portal.firecloud.org/?return=terra#methods/scCloud/cellranger_workflow/18	Release 3.0	Details	
single_cell_RNAseq_level_3_breast/HTAPP-226-SMP-6757_TST_channel2_features.tsv.gz	HTAN HTAPP		HTA1_226_6757320	scRNA-seq	Level 3	Breast NOS		Carcinoma NOS	Synapse	syn24245905	HTA1	mtx	HTA1_226_67573203012	HTA1_226_6757320301		CellRanger	scCloud cellranger_workflow with default settings, CellRanger 3	18	https://portal.firecloud.org/?return=terra#methods/scCloud/cellranger_workflow/18	Release 3.0	Details	
single_cell_RNAseq_level_3_breast/HTAPP-226-SMP-6757_TST_channel2_matrix.mtx.gz	HTAN HTAPP		HTA1_226_6757320	scRNA-seq	Level 3	Breast NOS		Carcinoma NOS	Synapse	syn24245907	HTA1	tsv	HTA1_226_67573203013	HTA1_226_6757320301		CellRanger	scCloud cellranger_workflow with default settings, CellRanger 3	18	https://portal.firecloud.org/?return=terra#methods/scCloud/cellranger_workflow/18	Release 3.0	Details	
single_cell_RNAseq_level_3_breast/HTAPP-231-SMP-6758_TST_channel1_barcodes.tsv.gz	HTAN HTAPP		HTA1_231_6758320	scRNA-seq	Level 3	Breast NOS		Ductal carcinoma NOS	Synapse	syn24245909	HTA1	tsv	HTA1_231_67583201011	HTA1_231_6758320101		CellRanger	scCloud cellranger_workflow with default settings, CellRanger 3	18	https://portal.firecloud.org/?return=terra#methods/scCloud/cellranger_workflow/18	Release 3.0	Details	
single_cell_RNAseq_level_3_breast/HTAPP-231-SMP-6758_TST_channel1_features.tsv.gz	HTAN HTAPP		HTA1_231_6758320	scRNA-seq	Level 3	Breast NOS		Ductal carcinoma NOS	Synapse	syn24245911	HTA1	mtx	HTA1_231_67583201012	HTA1_231_6758320101		CellRanger	scCloud cellranger_workflow with default settings, CellRanger 3	18	https://portal.firecloud.org/?return=terra#methods/scCloud/cellranger_workflow/18	Release 3.0	Details	
single_cell_RNAseq_level_3_breast/HTAPP-231-SMP-6758_TST_channel1_matrix.mtx.gz	HTAN HTAPP		HTA1_231_6758320	scRNA-seq	Level 3	Breast NOS		Ductal carcinoma NOS	Synapse	syn24245913	HTA1	tsv	HTA1_231_67583201013	HTA1_231_6758320101		CellRanger	scCloud cellranger_workflow with default settings, CellRanger 3	18	https://portal.firecloud.org/?return=terra#methods/scCloud/cellranger_workflow/18	Release 3.0	Details	
single_cell_RNAseq_level_3_breast/HTAPP-231-SMP-6758_TST_channel2_barcodes.tsv.gz	HTAN HTAPP		HTA1_231_6758320	scRNA-seq	Level 3	Breast NOS		Ductal carcinoma NOS	Synapse	syn24245915	HTA1	tsv	HTA1_231_67583203011	HTA1_231_6758320301		CellRanger	scCloud cellranger_workflow with default settings, CellRanger 3	18	https://portal.firecloud.org/?return=terra#methods/scCloud/cellranger_workflow/18	Release 3.0	Details	
single_cell_RNAseq_level_3_breast/HTAPP-231-SMP-6758_TST_channel2_features.tsv.gz	HTAN HTAPP		HTA1_231_6758320	scRNA-seq	Level 3	Breast NOS		Ductal carcinoma NOS	Synapse	syn24245917	HTA1	mtx	HTA1_231_67583203012	HTA1_231_6758320301		CellRanger	scCloud cellranger_workflow with default settings, CellRanger 3	18	https://portal.firecloud.org/?return=terra#methods/scCloud/cellranger_workflow/18	Release 3.0	Details	
single_cell_RNAseq_level_3_breast/HTAPP-231-SMP-6758_TST_channel2_matrix.mtx.gz	HTAN HTAPP		HTA1_231_6758320	scRNA-seq	Level 3	Breast NOS		Ductal carcinoma NOS	Synapse	syn24245919	HTA1	tsv	HTA1_231_67583203013	HTA1_231_6758320301		CellRanger	scCloud cellranger_workflow with default settings, CellRanger 3	18	https://portal.firecloud.org/?return=terra#methods/scCloud/cellranger_workflow/18	Release 3.0	Details	
single_cell_RNAseq_level_3_breast/HTAPP-232-SMP-6759_TST_channel1_barcodes.tsv.gz	HTAN HTAPP		HTA1_232_6759320	scRNA-seq	Level 3	Upper-outer quadrant of breast		Ductal carcinoma NOS	Synapse	syn24245921	HTA1	tsv	HTA1_232_67593201011	HTA1_232_6759320101		CellRanger	scCloud cellranger_workflow with default settings, CellRanger 3	18	https://portal.firecloud.org/?return=terra#methods/scCloud/cellranger_workflow/18	Release 3.0	Details	
single_cell_RNAseq_level_3_breast/HTAPP-232-SMP-6759_TST_channel1_features.tsv.gz	HTAN HTAPP		HTA1_232_6759320	scRNA-seq	Level 3	Upper-outer quadrant of breast		Ductal carcinoma NOS	Synapse	syn24245923	HTA1	tsv	HTA1_232_67593201012	HTA1_232_6759320101		CellRanger	scCloud cellranger_workflow with default settings, CellRanger 3	18	https://portal.firecloud.org/?return=terra#methods/scCloud/cellranger_workflow/18	Release 3.0	Details	
single_cell_RNAseq_level_3_breast/HTAPP-232-SMP-6759_TST_channel1_matrix.mtx.gz	HTAN HTAPP		HTA1_232_6759320	scRNA-seq	Level 3	Upper-outer quadrant of breast		Ductal carcinoma NOS	Synapse	syn24245925	HTA1	mtx	HTA1_232_67593201013	HTA1_232_6759320101		CellRanger	scCloud cellranger_workflow with default settings, CellRanger 3	18	https://portal.firecloud.org/?return=terra#methods/scCloud/cellranger_workflow/18	Release 3.0	Details	
single_cell_RNAseq_level_3_breast/HTAPP-232-SMP-6759_TST_channel2_barcodes.tsv.gz	HTAN HTAPP		HTA1_232_6759320	scRNA-seq	Level 3	Upper-outer quadrant of breast		Ductal carcinoma NOS	Synapse	syn24245927	HTA1	tsv	HTA1_232_67593203011	HTA1_232_6759320301		CellRanger	scCloud cellranger_workflow with default settings, CellRanger 3	18	https://portal.firecloud.org/?return=terra#methods/scCloud/cellranger_workflow/18	Release 3.0	Details	
single_cell_RNAseq_level_3_breast/HTAPP-232-SMP-6759_TST_channel2_features.tsv.gz	HTAN HTAPP		HTA1_232_6759320	scRNA-seq	Level 3	Upper-outer quadrant of breast		Ductal carcinoma NOS	Synapse	syn24245929	HTA1	tsv	HTA1_232_67593203012	HTA1_232_6759320301		CellRanger	scCloud cellranger_workflow with default settings, CellRanger 3	18	https://portal.firecloud.org/?return=terra#methods/scCloud/cellranger_workflow/18	Release 3.0	Details	
single_cell_RNAseq_level_3_breast/HTAPP-232-SMP-6759_TST_channel2_matrix.mtx.gz	HTAN HTAPP		HTA1_232_6759320	scRNA-seq	Level 3	Upper-outer quadrant of breast		Ductal carcinoma NOS	Synapse	syn24245931	HTA1	mtx	HTA1_232_67593203013	HTA1_232_6759320301		CellRanger	scCloud cellranger_workflow with default settings, CellRanger 3	18	https://portal.firecloud.org/?return=terra#methods/scCloud/cellranger_workflow/18	Release 3.0	Details	
single_cell_RNAseq_level_3_breast/HTAPP-254-SMP-571_CDD_channel2_barcodes.tsv.gz	HTAN HTAPP		HTA1_254_571101	scRNA-seq	Level 3	Lower-outer quadrant of breast		Ductal carcinoma NOS	Synapse	syn24245933	HTA1	tsv	HTA1_254_5711011011	HTA1_254_571101101		CellRanger	scCloud cellranger_workflow with default settings, CellRanger 3	18	https://portal.firecloud.org/?return=terra#methods/scCloud/cellranger_workflow/18	Release 3.0	Details	
single_cell_RNAseq_level_3_breast/HTAPP-254-SMP-571_CDD_channel2_features.tsv.gz	HTAN HTAPP		HTA1_254_571101	scRNA-seq	Level 3	Lower-outer quadrant of breast		Ductal carcinoma NOS	Synapse	syn24245935	HTA1	tsv	HTA1_254_5711011012	HTA1_254_571101101		CellRanger	scCloud cellranger_workflow with default settings, CellRanger 3	18	https://portal.firecloud.org/?return=terra#methods/scCloud/cellranger_workflow/18	Release 3.0	Details	
single_cell_RNAseq_level_3_breast/HTAPP-254-SMP-571_CDD_channel2_matrix.mtx.gz	HTAN HTAPP		HTA1_254_571101	scRNA-seq	Level 3	Lower-outer quadrant of breast		Ductal carcinoma NOS	Synapse	syn24245937	HTA1	mtx	HTA1_254_5711011013	HTA1_254_571101101		CellRanger	scCloud cellranger_workflow with default settings, CellRanger 3	18	https://portal.firecloud.org/?return=terra#methods/scCloud/cellranger_workflow/18	Release 3.0	Details	
single_cell_RNAseq_level_3_breast/HTAPP-254-SMP-571_LD_channel1_barcodes.tsv.gz	HTAN HTAPP		HTA1_254_571102	scRNA-seq	Level 3	Lower-outer quadrant of breast		Ductal carcinoma NOS	Synapse	syn24245939	HTA1	tsv	HTA1_254_5711021011	HTA1_254_571102101		CellRanger	scCloud cellranger_workflow with default settings, CellRanger 3	18	https://portal.firecloud.org/?return=terra#methods/scCloud/cellranger_workflow/18	Release 3.0	Details	
single_cell_RNAseq_level_3_breast/HTAPP-254-SMP-571_LD_channel1_features.tsv.gz	HTAN HTAPP		HTA1_254_571102	scRNA-seq	Level 3	Lower-outer quadrant of breast		Ductal carcinoma NOS	Synapse	syn24245941	HTA1	tsv	HTA1_254_5711021012	HTA1_254_571102101		CellRanger	scCloud cellranger_workflow with default settings, CellRanger 3	18	https://portal.firecloud.org/?return=terra#methods/scCloud/cellranger_workflow/18	Release 3.0	Details	
single_cell_RNAseq_level_3_breast/HTAPP-254-SMP-571_LD_channel1_matrix.mtx.gz	HTAN HTAPP		HTA1_254_571102	scRNA-seq	Level 3	Lower-outer quadrant of breast		Ductal carcinoma NOS	Synapse	syn24245943	HTA1	mtx	HTA1_254_5711021013	HTA1_254_571102101		CellRanger	scCloud cellranger_workflow with default settings, CellRanger 3	18	https://portal.firecloud.org/?return=terra#methods/scCloud/cellranger_workflow/18	Release 3.0	Details	
single_cell_RNAseq_level_3_breast/HTAPP-262-SMP-602_fresh_channel1_barcodes.tsv.gz	HTAN HTAPP		HTA1_262_602101	scRNA-seq	Level 3	Upper-outer quadrant of breast		Lobular and ductal carcinoma	Synapse	syn24245945	HTA1	tsv	HTA1_262_6021011011	HTA1_262_602101101		CellRanger	scCloud cellranger_workflow with default settings, CellRanger 3	18	https://portal.firecloud.org/?return=terra#methods/scCloud/cellranger_workflow/18	Release 3.0	Details	
single_cell_RNAseq_level_3_breast/HTAPP-262-SMP-602_fresh_channel1_features.tsv.gz	HTAN HTAPP		HTA1_262_602101	scRNA-seq	Level 3	Upper-outer quadrant of breast		Lobular and ductal carcinoma	Synapse	syn24245947	HTA1	tsv	HTA1_262_6021011012	HTA1_262_602101101		CellRanger	scCloud cellranger_workflow with default settings, CellRanger 3	18	https://portal.firecloud.org/?return=terra#methods/scCloud/cellranger_workflow/18	Release 3.0	Details	
single_cell_RNAseq_level_3_breast/HTAPP-262-SMP-602_fresh_channel2_barcodes.tsv.gz	HTAN HTAPP		HTA1_262_602101	scRNA-seq	Level 3	Upper-outer quadrant of breast		Lobular and ductal carcinoma	Synapse	syn24245949	HTA1	mtx	HTA1_262_6021013011	HTA1_262_602101301		CellRanger	scCloud cellranger_workflow with default settings, CellRanger 3	18	https://portal.firecloud.org/?return=terra#methods/scCloud/cellranger_workflow/18	Release 3.0	Details	
single_cell_RNAseq_level_3_breast/HTAPP-262-SMP-602_fresh_channel1_matrix.mtx.gz	HTAN HTAPP		HTA1_262_602101	scRNA-seq	Level 3	Upper-outer quadrant of breast		Lobular and ductal carcinoma	Synapse	syn24245952	HTA1	tsv	HTA1_262_6021011013	HTA1_262_602101101		CellRanger	scCloud cellranger_workflow with default settings, CellRanger 3	18	https://portal.firecloud.org/?return=terra#methods/scCloud/cellranger_workflow/18	Release 3.0	Details	
single_cell_RNAseq_level_3_breast/HTAPP-262-SMP-602_fresh_channel2_features.tsv.gz	HTAN HTAPP		HTA1_262_602101	scRNA-seq	Level 3	Upper-outer quadrant of breast		Lobular and ductal carcinoma	Synapse	syn24245953	HTA1	tsv	HTA1_262_6021013012	HTA1_262_602101301		CellRanger	scCloud cellranger_workflow with default settings, CellRanger 3	18	https://portal.firecloud.org/?return=terra#methods/scCloud/cellranger_workflow/18	Release 3.0	Details	
single_cell_RNAseq_level_3_breast/HTAPP-262-SMP-602_fresh_channel2_matrix.mtx.gz	HTAN HTAPP		HTA1_262_602101	scRNA-seq	Level 3	Upper-outer quadrant of breast		Lobular and ductal carcinoma	Synapse	syn24245955	HTA1	tsv	HTA1_262_6021013013	HTA1_262_602101301		CellRanger	scCloud cellranger_workflow with default settings, CellRanger 3	18	https://portal.firecloud.org/?return=terra#methods/scCloud/cellranger_workflow/18	Release 3.0	Details	
single_cell_RNAseq_level_3_breast/HTAPP-262-SMP-610_TST_channel1_barcodes.tsv.gz	HTAN HTAPP		HTA1_262_602201	scRNA-seq	Level 3	Upper-outer quadrant of breast		Lobular and ductal carcinoma	Synapse	syn24245957	HTA1	mtx	HTA1_262_6022011011	HTA1_262_602201101		CellRanger	scCloud cellranger_workflow with default settings, CellRanger 3	18	https://portal.firecloud.org/?return=terra#methods/scCloud/cellranger_workflow/18	Release 3.0	Details	
single_cell_RNAseq_level_3_breast/HTAPP-262-SMP-610_TST_channel1_features.tsv.gz	HTAN HTAPP		HTA1_262_602201	scRNA-seq	Level 3	Upper-outer quadrant of breast		Lobular and ductal carcinoma	Synapse	syn24245959	HTA1	tsv	HTA1_262_6022011012	HTA1_262_602201101		CellRanger	scCloud cellranger_workflow with default settings, CellRanger 3	18	https://portal.firecloud.org/?return=terra#methods/scCloud/cellranger_workflow/18	Release 3.0	Details	
single_cell_RNAseq_level_3_breast/HTAPP-262-SMP-610_TST_channel1_matrix.mtx.gz	HTAN HTAPP		HTA1_262_602201	scRNA-seq	Level 3	Upper-outer quadrant of breast		Lobular and ductal carcinoma	Synapse	syn24245962	HTA1	tsv	HTA1_262_6022011013	HTA1_262_602201101		CellRanger	scCloud cellranger_workflow with default settings, CellRanger 3	18	https://portal.firecloud.org/?return=terra#methods/scCloud/cellranger_workflow/18	Release 3.0	Details	
single_cell_RNAseq_level_3_breast/HTAPP-285-SMP-751_fresh_channel1_barcodes.tsv.gz	HTAN HTAPP		HTA1_285_751101	scRNA-seq	Level 3	Lower-outer quadrant of breast		Ductal carcinoma NOS	Synapse	syn24245964	HTA1	mtx	HTA1_285_7511011011	HTA1_285_751101101		CellRanger	scCloud cellranger_workflow with default settings, CellRanger 3	18	https://portal.firecloud.org/?return=terra#methods/scCloud/cellranger_workflow/18	Release 3.0	Details	
single_cell_RNAseq_level_3_breast/HTAPP-285-SMP-751_fresh_channel1_features.tsv.gz	HTAN HTAPP		HTA1_285_751101	scRNA-seq	Level 3	Lower-outer quadrant of breast		Ductal carcinoma NOS	Synapse	syn24245966	HTA1	tsv	HTA1_285_7511011012	HTA1_285_751101101		CellRanger	scCloud cellranger_workflow with default settings, CellRanger 3	18	https://portal.firecloud.org/?return=terra#methods/scCloud/cellranger_workflow/18	Release 3.0	Details	
single_cell_RNAseq_level_3_breast/HTAPP-285-SMP-751_fresh_channel1_matrix.mtx.gz	HTAN HTAPP		HTA1_285_751101	scRNA-seq	Level 3	Lower-outer quadrant of breast		Ductal carcinoma NOS	Synapse	syn24245968	HTA1	tsv	HTA1_285_7511011013	HTA1_285_751101101		CellRanger	scCloud cellranger_workflow with default settings, CellRanger 3	18	https://portal.firecloud.org/?return=terra#methods/scCloud/cellranger_workflow/18	Release 3.0	Details	
single_cell_RNAseq_level_3_breast/HTAPP-285-SMP-751_fresh_channel2_barcodes.tsv.gz	HTAN HTAPP		HTA1_285_751101	scRNA-seq	Level 3	Lower-outer quadrant of breast		Ductal carcinoma NOS	Synapse	syn24245969	HTA1	mtx	HTA1_285_7511015011	HTA1_285_751101501		CellRanger	scCloud cellranger_workflow with default settings, CellRanger 3	18	https://portal.firecloud.org/?return=terra#methods/scCloud/cellranger_workflow/18	Release 3.0	Details	
single_cell_RNAseq_level_3_breast/HTAPP-285-SMP-751_fresh_channel2_features.tsv.gz	HTAN HTAPP		HTA1_285_751101	scRNA-seq	Level 3	Lower-outer quadrant of breast		Ductal carcinoma NOS	Synapse	syn24245972	HTA1	tsv	HTA1_285_7511015012	HTA1_285_751101501		CellRanger	scCloud cellranger_workflow with default settings, CellRanger 3	18	https://portal.firecloud.org/?return=terra#methods/scCloud/cellranger_workflow/18	Release 3.0	Details	
single_cell_RNAseq_level_3_breast/HTAPP-285-SMP-751_fresh_channel2_matrix.mtx.gz	HTAN HTAPP		HTA1_285_751101	scRNA-seq	Level 3	Lower-outer quadrant of breast		Ductal carcinoma NOS	Synapse	syn24245973	HTA1	tsv	HTA1_285_7511015013	HTA1_285_751101501		CellRanger	scCloud cellranger_workflow with default settings, CellRanger 3	18	https://portal.firecloud.org/?return=terra#methods/scCloud/cellranger_workflow/18	Release 3.0	Details	
single_cell_RNAseq_level_3_breast/HTAPP-309-SMP-871_fresh_channel1_barcodes.tsv.gz	HTAN HTAPP		HTA1_309_871101	scRNA-seq	Level 3	Upper-outer quadrant of breast		Lobular and ductal carcinoma	Synapse	syn24245975	HTA1	tsv	HTA1_309_8711011011	HTA1_309_871101101		CellRanger	scCloud cellranger_workflow with default settings, CellRanger 3	18	https://portal.firecloud.org/?return=terra#methods/scCloud/cellranger_workflow/18	Release 3.0	Details	
single_cell_RNAseq_level_3_breast/HTAPP-309-SMP-871_fresh_channel1_features.tsv.gz	HTAN HTAPP		HTA1_309_871101	scRNA-seq	Level 3	Upper-outer quadrant of breast		Lobular and ductal carcinoma	Synapse	syn24245977	HTA1	mtx	HTA1_309_8711011012	HTA1_309_871101101		CellRanger	scCloud cellranger_workflow with default settings, CellRanger 3	18	https://portal.firecloud.org/?return=terra#methods/scCloud/cellranger_workflow/18	Release 3.0	Details	
single_cell_RNAseq_level_3_breast/HTAPP-309-SMP-871_fresh_channel1_matrix.mtx.gz	HTAN HTAPP		HTA1_309_871101	scRNA-seq	Level 3	Upper-outer quadrant of breast		Lobular and ductal carcinoma	Synapse	syn24245979	HTA1	tsv	HTA1_309_8711011013	HTA1_309_871101101		CellRanger	scCloud cellranger_workflow with default settings, CellRanger 3	18	https://portal.firecloud.org/?return=terra#methods/scCloud/cellranger_workflow/18	Release 3.0	Details	
single_cell_RNAseq_level_3_breast/HTAPP-309-SMP-871_fresh_channel2_barcodes.tsv.gz	HTAN HTAPP		HTA1_309_871101	scRNA-seq	Level 3	Upper-outer quadrant of breast		Lobular and ductal carcinoma	Synapse	syn24245981	HTA1	tsv	HTA1_309_8711013011	HTA1_309_871101301		CellRanger	scCloud cellranger_workflow with default settings, CellRanger 3	18	https://portal.firecloud.org/?return=terra#methods/scCloud/cellranger_workflow/18	Release 3.0	Details	
single_cell_RNAseq_level_3_breast/HTAPP-309-SMP-871_fresh_channel2_features.tsv.gz	HTAN HTAPP		HTA1_309_871101	scRNA-seq	Level 3	Upper-outer quadrant of breast		Lobular and ductal carcinoma	Synapse	syn24245983	HTA1	mtx	HTA1_309_8711013012	HTA1_309_871101301		CellRanger	scCloud cellranger_workflow with default settings, CellRanger 3	18	https://portal.firecloud.org/?return=terra#methods/scCloud/cellranger_workflow/18	Release 3.0	Details	
single_cell_RNAseq_level_3_breast/HTAPP-309-SMP-871_fresh_channel2_matrix.mtx.gz	HTAN HTAPP		HTA1_309_871101	scRNA-seq	Level 3	Upper-outer quadrant of breast		Lobular and ductal carcinoma	Synapse	syn24245985	HTA1	tsv	HTA1_309_8711013013	HTA1_309_871101301		CellRanger	scCloud cellranger_workflow with default settings, CellRanger 3	18	https://portal.firecloud.org/?return=terra#methods/scCloud/cellranger_workflow/18	Release 3.0	Details	
single_cell_RNAseq_level_3_breast/HTAPP-313-SMP-932_fresh_channel1_barcodes.tsv.gz	HTAN HTAPP		HTA1_313_932101	scRNA-seq	Level 3	Upper-outer quadrant of breast		Adenocarcinoma NOS	Synapse	syn24245987	HTA1	tsv	HTA1_313_9321011011	HTA1_313_932101101		CellRanger	scCloud cellranger_workflow with default settings, CellRanger 3	18	https://portal.firecloud.org/?return=terra#methods/scCloud/cellranger_workflow/18	Release 3.0	Details	
single_cell_RNAseq_level_3_breast/HTAPP-313-SMP-932_fresh_channel1_features.tsv.gz	HTAN HTAPP		HTA1_313_932101	scRNA-seq	Level 3	Upper-outer quadrant of breast		Adenocarcinoma NOS	Synapse	syn24245988	HTA1	mtx	HTA1_313_9321011012	HTA1_313_932101101		CellRanger	scCloud cellranger_workflow with default settings, CellRanger 3	18	https://portal.firecloud.org/?return=terra#methods/scCloud/cellranger_workflow/18	Release 3.0	Details	
single_cell_RNAseq_level_3_breast/HTAPP-313-SMP-932_fresh_channel1_matrix.mtx.gz	HTAN HTAPP		HTA1_313_932101	scRNA-seq	Level 3	Upper-outer quadrant of breast		Adenocarcinoma NOS	Synapse	syn24245989	HTA1	tsv	HTA1_313_9321011013	HTA1_313_932101101		CellRanger	scCloud cellranger_workflow with default settings, CellRanger 3	18	https://portal.firecloud.org/?return=terra#methods/scCloud/cellranger_workflow/18	Release 3.0	Details	
single_cell_RNAseq_level_3_breast/HTAPP-313-SMP-932_fresh_channel2_barcodes.tsv.gz	HTAN HTAPP		HTA1_313_932101	scRNA-seq	Level 3	Upper-outer quadrant of breast		Adenocarcinoma NOS	Synapse	syn24245991	HTA1	tsv	HTA1_313_9321013011	HTA1_313_932101301		CellRanger	scCloud cellranger_workflow with default settings, CellRanger 3	18	https://portal.firecloud.org/?return=terra#methods/scCloud/cellranger_workflow/18	Release 3.0	Details	
single_cell_RNAseq_level_3_breast/HTAPP-313-SMP-932_fresh_channel2_features.tsv.gz	HTAN HTAPP		HTA1_313_932101	scRNA-seq	Level 3	Upper-outer quadrant of breast		Adenocarcinoma NOS	Synapse	syn24245993	HTA1	mtx	HTA1_313_9321013012	HTA1_313_932101301		CellRanger	scCloud cellranger_workflow with default settings, CellRanger 3	18	https://portal.firecloud.org/?return=terra#methods/scCloud/cellranger_workflow/18	Release 3.0	Details	
single_cell_RNAseq_level_3_breast/HTAPP-313-SMP-932_fresh_channel2_matrix.mtx.gz	HTAN HTAPP		HTA1_313_932101	scRNA-seq	Level 3	Upper-outer quadrant of breast		Adenocarcinoma NOS	Synapse	syn24245995	HTA1	tsv	HTA1_313_9321013013	HTA1_313_932101301		CellRanger	scCloud cellranger_workflow with default settings, CellRanger 3	18	https://portal.firecloud.org/?return=terra#methods/scCloud/cellranger_workflow/18	Release 3.0	Details	
single_cell_RNAseq_level_3_breast/HTAPP-321-SMP-1021_fresh_channel1_barcodes.tsv.gz	HTAN HTAPP		HTA1_321_1021101	scRNA-seq	Level 3	Upper-outer quadrant of breast		Ductal carcinoma NOS	Synapse	syn24245997	HTA1	tsv	HTA1_321_10211011011	HTA1_321_1021101101		CellRanger	scCloud cellranger_workflow with default settings, CellRanger 3	18	https://portal.firecloud.org/?return=terra#methods/scCloud/cellranger_workflow/18	Release 3.0	Details	
single_cell_RNAseq_level_3_breast/HTAPP-321-SMP-1021_fresh_channel1_features.tsv.gz	HTAN HTAPP		HTA1_321_1021101	scRNA-seq	Level 3	Upper-outer quadrant of breast		Ductal carcinoma NOS	Synapse	syn24245999	HTA1	tsv	HTA1_321_10211011012	HTA1_321_1021101101		CellRanger	scCloud cellranger_workflow with default settings, CellRanger 3	18	https://portal.firecloud.org/?return=terra#methods/scCloud/cellranger_workflow/18	Release 3.0	Details	
single_cell_RNAseq_level_3_breast/HTAPP-321-SMP-1021_fresh_channel1_matrix.mtx.gz	HTAN HTAPP		HTA1_321_1021101	scRNA-seq	Level 3	Upper-outer quadrant of breast		Ductal carcinoma NOS	Synapse	syn24246001	HTA1	mtx	HTA1_321_10211011013	HTA1_321_1021101101		CellRanger	scCloud cellranger_workflow with default settings, CellRanger 3	18	https://portal.firecloud.org/?return=terra#methods/scCloud/cellranger_workflow/18	Release 3.0	Details	
single_cell_RNAseq_level_3_breast/HTAPP-364-SMP-1321_fresh_channel1_barcodes.tsv.gz	HTAN HTAPP		HTA1_364_1321101	scRNA-seq	Level 3	Upper-inner quadrant of breast		Ductal carcinoma NOS	Synapse	syn24246003	HTA1	tsv	HTA1_364_13211011011	HTA1_364_1321101101		CellRanger	scCloud cellranger_workflow with default settings, CellRanger 3	18	https://portal.firecloud.org/?return=terra#methods/scCloud/cellranger_workflow/18	Release 3.0	Details	
single_cell_RNAseq_level_3_breast/HTAPP-364-SMP-1321_fresh_channel1_features.tsv.gz	HTAN HTAPP		HTA1_364_1321101	scRNA-seq	Level 3	Upper-inner quadrant of breast		Ductal carcinoma NOS	Synapse	syn24246005	HTA1	tsv	HTA1_364_13211011012	HTA1_364_1321101101		CellRanger	scCloud cellranger_workflow with default settings, CellRanger 3	18	https://portal.firecloud.org/?return=terra#methods/scCloud/cellranger_workflow/18	Release 3.0	Details	
single_cell_RNAseq_level_3_breast/HTAPP-364-SMP-1321_fresh_channel1_matrix.mtx.gz	HTAN HTAPP		HTA1_364_1321101	scRNA-seq	Level 3	Upper-inner quadrant of breast		Ductal carcinoma NOS	Synapse	syn24246007	HTA1	mtx	HTA1_364_13211011013	HTA1_364_1321101101		CellRanger	scCloud cellranger_workflow with default settings, CellRanger 3	18	https://portal.firecloud.org/?return=terra#methods/scCloud/cellranger_workflow/18	Release 3.0	Details	
single_cell_RNAseq_level_3_breast/HTAPP-364-SMP-1321_fresh_channel2_barcodes.tsv.gz	HTAN HTAPP		HTA1_364_1321101	scRNA-seq	Level 3	Upper-inner quadrant of breast		Ductal carcinoma NOS	Synapse	syn24246008	HTA1	tsv	HTA1_364_13211013011	HTA1_364_1321101301		CellRanger	scCloud cellranger_workflow with default settings, CellRanger 3	18	https://portal.firecloud.org/?return=terra#methods/scCloud/cellranger_workflow/18	Release 3.0	Details	
single_cell_RNAseq_level_3_breast/HTAPP-364-SMP-1321_fresh_channel2_features.tsv.gz	HTAN HTAPP		HTA1_364_1321101	scRNA-seq	Level 3	Upper-inner quadrant of breast		Ductal carcinoma NOS	Synapse	syn24246010	HTA1	tsv	HTA1_364_13211013012	HTA1_364_1321101301		CellRanger	scCloud cellranger_workflow with default settings, CellRanger 3	18	https://portal.firecloud.org/?return=terra#methods/scCloud/cellranger_workflow/18	Release 3.0	Details	
single_cell_RNAseq_level_3_breast/HTAPP-364-SMP-1321_fresh_channel2_matrix.mtx.gz	HTAN HTAPP		HTA1_364_1321101	scRNA-seq	Level 3	Upper-inner quadrant of breast		Ductal carcinoma NOS	Synapse	syn24246011	HTA1	mtx	HTA1_364_13211013013	HTA1_364_1321101301		CellRanger	scCloud cellranger_workflow with default settings, CellRanger 3	18	https://portal.firecloud.org/?return=terra#methods/scCloud/cellranger_workflow/18	Release 3.0	Details	
single_cell_RNAseq_level_3_breast/HTAPP-382-SMP-1441_fresh_channel1_barcodes.tsv.gz	HTAN HTAPP		HTA1_382_1441101	scRNA-seq	Level 3	Breast NOS		Ductal carcinoma NOS	Synapse	syn24246012	HTA1	tsv	HTA1_382_14411011011	HTA1_382_1441101101		CellRanger	scCloud cellranger_workflow with default settings, CellRanger 3	18	https://portal.firecloud.org/?return=terra#methods/scCloud/cellranger_workflow/18	Release 3.0	Details	
single_cell_RNAseq_level_3_breast/HTAPP-382-SMP-1441_fresh_channel1_features.tsv.gz	HTAN HTAPP		HTA1_382_1441101	scRNA-seq	Level 3	Breast NOS		Ductal carcinoma NOS	Synapse	syn24246013	HTA1	tsv	HTA1_382_14411011012	HTA1_382_1441101101		CellRanger	scCloud cellranger_workflow with default settings, CellRanger 3	18	https://portal.firecloud.org/?return=terra#methods/scCloud/cellranger_workflow/18	Release 3.0	Details	
single_cell_RNAseq_level_3_breast/HTAPP-382-SMP-1441_fresh_channel1_matrix.mtx.gz	HTAN HTAPP		HTA1_382_1441101	scRNA-seq	Level 3	Breast NOS		Ductal carcinoma NOS	Synapse	syn24246014	HTA1	mtx	HTA1_382_14411011013	HTA1_382_1441101101		CellRanger	scCloud cellranger_workflow with default settings, CellRanger 3	18	https://portal.firecloud.org/?return=terra#methods/scCloud/cellranger_workflow/18	Release 3.0	Details	
single_cell_RNAseq_level_3_breast/HTAPP-394-SMP-1561_CST_channel1_barcodes.tsv.gz	HTAN HTAPP		HTA1_394_1561320	scRNA-seq	Level 3	Breast NOS		Ductal carcinoma NOS	Synapse	syn24246016	HTA1	tsv	HTA1_394_15613201011	HTA1_394_1561320101		CellRanger	scCloud cellranger_workflow with default settings, CellRanger 3	18	https://portal.firecloud.org/?return=terra#methods/scCloud/cellranger_workflow/18	Release 3.0	Details	
single_cell_RNAseq_level_3_breast/HTAPP-394-SMP-1561_CST_channel1_features.tsv.gz	HTAN HTAPP		HTA1_394_1561320	scRNA-seq	Level 3	Breast NOS		Ductal carcinoma NOS	Synapse	syn24246018	HTA1	tsv	HTA1_394_15613201012	HTA1_394_1561320101		CellRanger	scCloud cellranger_workflow with default settings, CellRanger 3	18	https://portal.firecloud.org/?return=terra#methods/scCloud/cellranger_workflow/18	Release 3.0	Details	
single_cell_RNAseq_level_3_breast/HTAPP-394-SMP-1561_CST_channel1_matrix.mtx.gz	HTAN HTAPP		HTA1_394_1561320	scRNA-seq	Level 3	Breast NOS		Ductal carcinoma NOS	Synapse	syn24246020	HTA1	tsv	HTA1_394_15613201013	HTA1_394_1561320101		CellRanger	scCloud cellranger_workflow with default settings, CellRanger 3	18	https://portal.firecloud.org/?return=terra#methods/scCloud/cellranger_workflow/18	Release 3.0	Details	
single_cell_RNAseq_level_3_breast/HTAPP-394-SMP-1561_NST_channel2_barcodes.tsv.gz	HTAN HTAPP		HTA1_394_1561321	scRNA-seq	Level 3	Breast NOS		Ductal carcinoma NOS	Synapse	syn24246022	HTA1	mtx	HTA1_394_15613211011	HTA1_394_1561321101		CellRanger	scCloud cellranger_workflow with default settings, CellRanger 3	18	https://portal.firecloud.org/?return=terra#methods/scCloud/cellranger_workflow/18	Release 3.0	Details	
single_cell_RNAseq_level_3_breast/HTAPP-394-SMP-1561_NST_channel2_features.tsv.gz	HTAN HTAPP		HTA1_394_1561321	scRNA-seq	Level 3	Breast NOS		Ductal carcinoma NOS	Synapse	syn24246024	HTA1	tsv	HTA1_394_15613211012	HTA1_394_1561321101		CellRanger	scCloud cellranger_workflow with default settings, CellRanger 3	18	https://portal.firecloud.org/?return=terra#methods/scCloud/cellranger_workflow/18	Release 3.0	Details	
single_cell_RNAseq_level_3_breast/HTAPP-394-SMP-1561_NST_channel2_matrix.mtx.gz	HTAN HTAPP		HTA1_394_1561321	scRNA-seq	Level 3	Breast NOS		Ductal carcinoma NOS	Synapse	syn24246026	HTA1	tsv	HTA1_394_15613211013	HTA1_394_1561321101		CellRanger	scCloud cellranger_workflow with default settings, CellRanger 3	18	https://portal.firecloud.org/?return=terra#methods/scCloud/cellranger_workflow/18	Release 3.0	Details	
single_cell_RNAseq_level_3_breast/HTAPP-414-SMP-1681_fresh_channel1_barcodes.tsv.gz	HTAN HTAPP		HTA1_414_1681101	scRNA-seq	Level 3	Upper-inner quadrant of breast		Lobular and ductal carcinoma	Synapse	syn24246028	HTA1	mtx	HTA1_414_16811011011	HTA1_414_1681101101		CellRanger	scCloud cellranger_workflow with default settings, CellRanger 3	18	https://portal.firecloud.org/?return=terra#methods/scCloud/cellranger_workflow/18	Release 3.0	Details	
single_cell_RNAseq_level_3_breast/HTAPP-414-SMP-1681_fresh_channel1_features.tsv.gz	HTAN HTAPP		HTA1_414_1681101	scRNA-seq	Level 3	Upper-inner quadrant of breast		Lobular and ductal carcinoma	Synapse	syn24246030	HTA1	tsv	HTA1_414_16811011012	HTA1_414_1681101101		CellRanger	scCloud cellranger_workflow with default settings, CellRanger 3	18	https://portal.firecloud.org/?return=terra#methods/scCloud/cellranger_workflow/18	Release 3.0	Details	
single_cell_RNAseq_level_3_breast/HTAPP-414-SMP-1681_fresh_channel1_matrix.mtx.gz	HTAN HTAPP		HTA1_414_1681101	scRNA-seq	Level 3	Upper-inner quadrant of breast		Lobular and ductal carcinoma	Synapse	syn24246031	HTA1	tsv	HTA1_414_16811011013	HTA1_414_1681101101		CellRanger	scCloud cellranger_workflow with default settings, CellRanger 3	18	https://portal.firecloud.org/?return=terra#methods/scCloud/cellranger_workflow/18	Release 3.0	Details	
single_cell_RNAseq_level_3_breast/HTAPP-414-SMP-1681_fresh_channel2_barcodes.tsv.gz	HTAN HTAPP		HTA1_414_1681101	scRNA-seq	Level 3	Upper-inner quadrant of breast		Lobular and ductal carcinoma	Synapse	syn24246033	HTA1	mtx	HTA1_414_16811013011	HTA1_414_1681101301		CellRanger	scCloud cellranger_workflow with default settings, CellRanger 3	18	https://portal.firecloud.org/?return=terra#methods/scCloud/cellranger_workflow/18	Release 3.0	Details	
single_cell_RNAseq_level_3_breast/HTAPP-414-SMP-1681_fresh_channel2_features.tsv.gz	HTAN HTAPP		HTA1_414_1681101	scRNA-seq	Level 3	Upper-inner quadrant of breast		Lobular and ductal carcinoma	Synapse	syn24246035	HTA1	tsv	HTA1_414_16811013012	HTA1_414_1681101301		CellRanger	scCloud cellranger_workflow with default settings, CellRanger 3	18	https://portal.firecloud.org/?return=terra#methods/scCloud/cellranger_workflow/18	Release 3.0	Details	
single_cell_RNAseq_level_3_breast/HTAPP-414-SMP-1681_fresh_channel2_matrix.mtx.gz	HTAN HTAPP		HTA1_414_1681101	scRNA-seq	Level 3	Upper-inner quadrant of breast		Lobular and ductal carcinoma	Synapse	syn24246037	HTA1	tsv	HTA1_414_16811013013	HTA1_414_1681101301		CellRanger	scCloud cellranger_workflow with default settings, CellRanger 3	18	https://portal.firecloud.org/?return=terra#methods/scCloud/cellranger_workflow/18	Release 3.0	Details	
single_cell_RNAseq_level_3_breast/HTAPP-423-SMP-1741_fresh_channel1_barcodes.tsv.gz	HTAN HTAPP		HTA1_423_1741101	scRNA-seq	Level 3	Breast NOS		Lobular adenocarcinoma	Synapse	syn24246039	HTA1	mtx	HTA1_423_17411011011	HTA1_423_1741101101		CellRanger	scCloud cellranger_workflow with default settings, CellRanger 3	18	https://portal.firecloud.org/?return=terra#methods/scCloud/cellranger_workflow/18	Release 3.0	Details	
single_cell_RNAseq_level_3_breast/HTAPP-423-SMP-1741_fresh_channel1_features.tsv.gz	HTAN HTAPP		HTA1_423_1741101	scRNA-seq	Level 3	Breast NOS		Lobular adenocarcinoma	Synapse	syn24246041	HTA1	tsv	HTA1_423_17411011012	HTA1_423_1741101101		CellRanger	scCloud cellranger_workflow with default settings, CellRanger 3	18	https://portal.firecloud.org/?return=terra#methods/scCloud/cellranger_workflow/18	Release 3.0	Details	
single_cell_RNAseq_level_3_breast/HTAPP-423-SMP-1741_fresh_channel1_matrix.mtx.gz	HTAN HTAPP		HTA1_423_1741101	scRNA-seq	Level 3	Breast NOS		Lobular adenocarcinoma	Synapse	syn24246043	HTA1	tsv	HTA1_423_17411011013	HTA1_423_1741101101		CellRanger	scCloud cellranger_workflow with default settings, CellRanger 3	18	https://portal.firecloud.org/?return=terra#methods/scCloud/cellranger_workflow/18	Release 3.0	Details	
single_cell_RNAseq_level_3_breast/HTAPP-423-SMP-1741_fresh_channel2_barcodes.tsv.gz	HTAN HTAPP		HTA1_423_1741101	scRNA-seq	Level 3	Breast NOS		Lobular adenocarcinoma	Synapse	syn24246045	HTA1	tsv	HTA1_423_17411013011	HTA1_423_1741101301		CellRanger	scCloud cellranger_workflow with default settings, CellRanger 3	18	https://portal.firecloud.org/?return=terra#methods/scCloud/cellranger_workflow/18	Release 3.0	Details	
single_cell_RNAseq_level_3_breast/HTAPP-423-SMP-1741_fresh_channel2_features.tsv.gz	HTAN HTAPP		HTA1_423_1741101	scRNA-seq	Level 3	Breast NOS		Lobular adenocarcinoma	Synapse	syn24246046	HTA1	mtx	HTA1_423_17411013012	HTA1_423_1741101301		CellRanger	scCloud cellranger_workflow with default settings, CellRanger 3	18	https://portal.firecloud.org/?return=terra#methods/scCloud/cellranger_workflow/18	Release 3.0	Details	
single_cell_RNAseq_level_3_breast/HTAPP-423-SMP-1741_fresh_channel2_matrix.mtx.gz	HTAN HTAPP		HTA1_423_1741101	scRNA-seq	Level 3	Breast NOS		Lobular adenocarcinoma	Synapse	syn24246047	HTA1	tsv	HTA1_423_17411013013	HTA1_423_1741101301		CellRanger	scCloud cellranger_workflow with default settings, CellRanger 3	18	https://portal.firecloud.org/?return=terra#methods/scCloud/cellranger_workflow/18	Release 3.0	Details	
single_cell_RNAseq_level_3_breast/HTAPP-425-SMP-1771_fresh_channel1_barcodes.tsv.gz	HTAN HTAPP		HTA1_425_1771101	scRNA-seq	Level 3	Overlapping lesion of breast		Ductal carcinoma NOS	Synapse	syn24246049	HTA1	tsv	HTA1_425_17711011011	HTA1_425_1771101101		CellRanger	scCloud cellranger_workflow with default settings, CellRanger 3	18	https://portal.firecloud.org/?return=terra#methods/scCloud/cellranger_workflow/18	Release 3.0	Details	
single_cell_RNAseq_level_3_breast/HTAPP-425-SMP-1771_fresh_channel1_features.tsv.gz	HTAN HTAPP		HTA1_425_1771101	scRNA-seq	Level 3	Overlapping lesion of breast		Ductal carcinoma NOS	Synapse	syn24246051	HTA1	mtx	HTA1_425_17711011012	HTA1_425_1771101101		CellRanger	scCloud cellranger_workflow with default settings, CellRanger 3	18	https://portal.firecloud.org/?return=terra#methods/scCloud/cellranger_workflow/18	Release 3.0	Details	
single_cell_RNAseq_level_3_breast/HTAPP-425-SMP-1771_fresh_channel1_matrix.mtx.gz	HTAN HTAPP		HTA1_425_1771101	scRNA-seq	Level 3	Overlapping lesion of breast		Ductal carcinoma NOS	Synapse	syn24246053	HTA1	tsv	HTA1_425_17711011013	HTA1_425_1771101101		CellRanger	scCloud cellranger_workflow with default settings, CellRanger 3	18	https://portal.firecloud.org/?return=terra#methods/scCloud/cellranger_workflow/18	Release 3.0	Details	
single_cell_RNAseq_level_3_breast/HTAPP-425-SMP-1771_fresh_channel2_barcodes.tsv.gz	HTAN HTAPP		HTA1_425_1771101	scRNA-seq	Level 3	Overlapping lesion of breast		Ductal carcinoma NOS	Synapse	syn24246055	HTA1	tsv	HTA1_425_17711013011	HTA1_425_1771101301		CellRanger	scCloud cellranger_workflow with default settings, CellRanger 3	18	https://portal.firecloud.org/?return=terra#methods/scCloud/cellranger_workflow/18	Release 3.0	Details	
single_cell_RNAseq_level_3_breast/HTAPP-425-SMP-1771_fresh_channel2_features.tsv.gz	HTAN HTAPP		HTA1_425_1771101	scRNA-seq	Level 3	Overlapping lesion of breast		Ductal carcinoma NOS	Synapse	syn24246057	HTA1	mtx	HTA1_425_17711013012	HTA1_425_1771101301		CellRanger	scCloud cellranger_workflow with default settings, CellRanger 3	18	https://portal.firecloud.org/?return=terra#methods/scCloud/cellranger_workflow/18	Release 3.0	Details	
single_cell_RNAseq_level_3_breast/HTAPP-425-SMP-1771_fresh_channel2_matrix.mtx.gz	HTAN HTAPP		HTA1_425_1771101	scRNA-seq	Level 3	Overlapping lesion of breast		Ductal carcinoma NOS	Synapse	syn24246059	HTA1	tsv	HTA1_425_17711013013	HTA1_425_1771101301		CellRanger	scCloud cellranger_workflow with default settings, CellRanger 3	18	https://portal.firecloud.org/?return=terra#methods/scCloud/cellranger_workflow/18	Release 3.0	Details	
single_cell_RNAseq_level_3_breast/HTAPP-514-SMP-6760_TST_channel1_barcodes.tsv.gz	HTAN HTAPP		HTA1_514_6760601	scRNA-seq	Level 3	Breast NOS		Ductal carcinoma NOS	Synapse	syn24246061	HTA1	tsv	HTA1_514_67606011011	HTA1_514_6760601101		CellRanger	scCloud cellranger_workflow with default settings, CellRanger 3	18	https://portal.firecloud.org/?return=terra#methods/scCloud/cellranger_workflow/18	Release 3.0	Details	
single_cell_RNAseq_level_3_breast/HTAPP-514-SMP-6760_TST_channel1_features.tsv.gz	HTAN HTAPP		HTA1_514_6760601	scRNA-seq	Level 3	Breast NOS		Ductal carcinoma NOS	Synapse	syn24246063	HTA1	mtx	HTA1_514_67606011012	HTA1_514_6760601101		CellRanger	scCloud cellranger_workflow with default settings, CellRanger 3	18	https://portal.firecloud.org/?return=terra#methods/scCloud/cellranger_workflow/18	Release 3.0	Details	
single_cell_RNAseq_level_3_breast/HTAPP-514-SMP-6760_TST_channel1_matrix.mtx.gz	HTAN HTAPP		HTA1_514_6760601	scRNA-seq	Level 3	Breast NOS		Ductal carcinoma NOS	Synapse	syn24246065	HTA1	tsv	HTA1_514_67606011013	HTA1_514_6760601101		CellRanger	scCloud cellranger_workflow with default settings, CellRanger 3	18	https://portal.firecloud.org/?return=terra#methods/scCloud/cellranger_workflow/18	Release 3.0	Details	
single_cell_RNAseq_level_3_breast/HTAPP-514-SMP-6760_TST_channel2_barcodes.tsv.gz	HTAN HTAPP		HTA1_514_6760601	scRNA-seq	Level 3	Breast NOS		Ductal carcinoma NOS	Synapse	syn24246067	HTA1	tsv	HTA1_514_67606013011	HTA1_514_6760601301		CellRanger	scCloud cellranger_workflow with default settings, CellRanger 3	18	https://portal.firecloud.org/?return=terra#methods/scCloud/cellranger_workflow/18	Release 3.0	Details	
single_cell_RNAseq_level_3_breast/HTAPP-514-SMP-6760_TST_channel2_features.tsv.gz	HTAN HTAPP		HTA1_514_6760601	scRNA-seq	Level 3	Breast NOS		Ductal carcinoma NOS	Synapse	syn24246068	HTA1	tsv	HTA1_514_67606013012	HTA1_514_6760601301		CellRanger	scCloud cellranger_workflow with default settings, CellRanger 3	18	https://portal.firecloud.org/?return=terra#methods/scCloud/cellranger_workflow/18	Release 3.0	Details	
single_cell_RNAseq_level_3_breast/HTAPP-514-SMP-6760_TST_channel2_matrix.mtx.gz	HTAN HTAPP		HTA1_514_6760601	scRNA-seq	Level 3	Breast NOS		Ductal carcinoma NOS	Synapse	syn24246070	HTA1	mtx	HTA1_514_67606013013	HTA1_514_6760601301		CellRanger	scCloud cellranger_workflow with default settings, CellRanger 3	18	https://portal.firecloud.org/?return=terra#methods/scCloud/cellranger_workflow/18	Release 3.0	Details	
single_cell_RNAseq_level_3_breast/HTAPP-516-SMP-6761_CST_channel1_barcodes.tsv.gz	HTAN HTAPP		HTA1_516_6761320	scRNA-seq	Level 3	Upper-outer quadrant of breast		Ductal carcinoma NOS	Synapse	syn24246072	HTA1	tsv	HTA1_516_67613201011	HTA1_516_6761320101		CellRanger	scCloud cellranger_workflow with default settings, CellRanger 3	18	https://portal.firecloud.org/?return=terra#methods/scCloud/cellranger_workflow/18	Release 3.0	Details	
single_cell_RNAseq_level_3_breast/HTAPP-516-SMP-6761_CST_channel1_features.tsv.gz	HTAN HTAPP		HTA1_516_6761320	scRNA-seq	Level 3	Upper-outer quadrant of breast		Ductal carcinoma NOS	Synapse	syn24246074	HTA1	tsv	HTA1_516_67613201012	HTA1_516_6761320101		CellRanger	scCloud cellranger_workflow with default settings, CellRanger 3	18	https://portal.firecloud.org/?return=terra#methods/scCloud/cellranger_workflow/18	Release 3.0	Details	
single_cell_RNAseq_level_3_breast/HTAPP-516-SMP-6761_CST_channel1_matrix.mtx.gz	HTAN HTAPP		HTA1_516_6761320	scRNA-seq	Level 3	Upper-outer quadrant of breast		Ductal carcinoma NOS	Synapse	syn24246076	HTA1	mtx	HTA1_516_67613201013	HTA1_516_6761320101		CellRanger	scCloud cellranger_workflow with default settings, CellRanger 3	18	https://portal.firecloud.org/?return=terra#methods/scCloud/cellranger_workflow/18	Release 3.0	Details	
single_cell_RNAseq_level_3_breast/HTAPP-516-SMP-6761_TST_channel2_barcodes.tsv.gz	HTAN HTAPP		HTA1_516_6761321	scRNA-seq	Level 3	Upper-outer quadrant of breast		Ductal carcinoma NOS	Synapse	syn24246078	HTA1	tsv	HTA1_516_67613211011	HTA1_516_6761321101		CellRanger	scCloud cellranger_workflow with default settings, CellRanger 3	18	https://portal.firecloud.org/?return=terra#methods/scCloud/cellranger_workflow/18	Release 3.0	Details	
single_cell_RNAseq_level_3_breast/HTAPP-516-SMP-6761_TST_channel2_features.tsv.gz	HTAN HTAPP		HTA1_516_6761321	scRNA-seq	Level 3	Upper-outer quadrant of breast		Ductal carcinoma NOS	Synapse	syn24246080	HTA1	tsv	HTA1_516_67613211012	HTA1_516_6761321101		CellRanger	scCloud cellranger_workflow with default settings, CellRanger 3	18	https://portal.firecloud.org/?return=terra#methods/scCloud/cellranger_workflow/18	Release 3.0	Details	
single_cell_RNAseq_level_3_breast/HTAPP-516-SMP-6761_TST_channel2_matrix.mtx.gz	HTAN HTAPP		HTA1_516_6761321	scRNA-seq	Level 3	Upper-outer quadrant of breast		Ductal carcinoma NOS	Synapse	syn24246082	HTA1	mtx	HTA1_516_67613211013	HTA1_516_6761321101		CellRanger	scCloud cellranger_workflow with default settings, CellRanger 3	18	https://portal.firecloud.org/?return=terra#methods/scCloud/cellranger_workflow/18	Release 3.0	Details	
single_cell_RNAseq_level_3_breast/HTAPP-519-SMP-6762_TST_channel1_barcodes.tsv.gz	HTAN HTAPP		HTA1_519_6762320	scRNA-seq	Level 3	Lower-outer quadrant of breast		Ductal carcinoma NOS	Synapse	syn24246083	HTA1	tsv	HTA1_519_67623201011	HTA1_519_6762320101		CellRanger	scCloud cellranger_workflow with default settings, CellRanger 3	18	https://portal.firecloud.org/?return=terra#methods/scCloud/cellranger_workflow/18	Release 3.0	Details	
single_cell_RNAseq_level_3_breast/HTAPP-519-SMP-6762_TST_channel1_features.tsv.gz	HTAN HTAPP		HTA1_519_6762320	scRNA-seq	Level 3	Lower-outer quadrant of breast		Ductal carcinoma NOS	Synapse	syn24246086	HTA1	tsv	HTA1_519_67623201012	HTA1_519_6762320101		CellRanger	scCloud cellranger_workflow with default settings, CellRanger 3	18	https://portal.firecloud.org/?return=terra#methods/scCloud/cellranger_workflow/18	Release 3.0	Details	
single_cell_RNAseq_level_3_breast/HTAPP-519-SMP-6762_TST_channel1_matrix.mtx.gz	HTAN HTAPP		HTA1_519_6762320	scRNA-seq	Level 3	Lower-outer quadrant of breast		Ductal carcinoma NOS	Synapse	syn24246088	HTA1	mtx	HTA1_519_67623201013	HTA1_519_6762320101		CellRanger	scCloud cellranger_workflow with default settings, CellRanger 3	18	https://portal.firecloud.org/?return=terra#methods/scCloud/cellranger_workflow/18	Release 3.0	Details	
single_cell_RNAseq_level_3_breast/HTAPP-521-SMP-6763_TST_channel1_barcodes.tsv.gz	HTAN HTAPP		HTA1_521_6763320	scRNA-seq	Level 3	Breast NOS		Lobular and ductal carcinoma	Synapse	syn24246090	HTA1	tsv	HTA1_521_67633201011	HTA1_521_6763320101		CellRanger	scCloud cellranger_workflow with default settings, CellRanger 3	18	https://portal.firecloud.org/?return=terra#methods/scCloud/cellranger_workflow/18	Release 3.0	Details	
single_cell_RNAseq_level_3_breast/HTAPP-521-SMP-6763_TST_channel1_features.tsv.gz	HTAN HTAPP		HTA1_521_6763320	scRNA-seq	Level 3	Breast NOS		Lobular and ductal carcinoma	Synapse	syn24246092	HTA1	tsv	HTA1_521_67633201012	HTA1_521_6763320101		CellRanger	scCloud cellranger_workflow with default settings, CellRanger 3	18	https://portal.firecloud.org/?return=terra#methods/scCloud/cellranger_workflow/18	Release 3.0	Details	
single_cell_RNAseq_level_3_breast/HTAPP-521-SMP-6763_TST_channel1_matrix.mtx.gz	HTAN HTAPP		HTA1_521_6763320	scRNA-seq	Level 3	Breast NOS		Lobular and ductal carcinoma	Synapse	syn24246094	HTA1	tsv	HTA1_521_67633201013	HTA1_521_6763320101		CellRanger	scCloud cellranger_workflow with default settings, CellRanger 3	18	https://portal.firecloud.org/?return=terra#methods/scCloud/cellranger_workflow/18	Release 3.0	Details	
single_cell_RNAseq_level_3_breast/HTAPP-525-SMP-6765_TST_channel1_barcodes.tsv.gz	HTAN HTAPP		HTA1_525_6765320	scRNA-seq	Level 3	Breast NOS		Ductal carcinoma NOS	Synapse	syn24246095	HTA1	mtx	HTA1_525_67653201011	HTA1_525_6765320101		CellRanger	scCloud cellranger_workflow with default settings, CellRanger 3	18	https://portal.firecloud.org/?return=terra#methods/scCloud/cellranger_workflow/18	Release 3.0	Details	
single_cell_RNAseq_level_3_breast/HTAPP-525-SMP-6765_TST_channel1_features.tsv.gz	HTAN HTAPP		HTA1_525_6765320	scRNA-seq	Level 3	Breast NOS		Ductal carcinoma NOS	Synapse	syn24246098	HTA1	tsv	HTA1_525_67653201012	HTA1_525_6765320101		CellRanger	scCloud cellranger_workflow with default settings, CellRanger 3	18	https://portal.firecloud.org/?return=terra#methods/scCloud/cellranger_workflow/18	Release 3.0	Details	
single_cell_RNAseq_level_3_breast/HTAPP-525-SMP-6765_TST_channel1_matrix.mtx.gz	HTAN HTAPP		HTA1_525_6765320	scRNA-seq	Level 3	Breast NOS		Ductal carcinoma NOS	Synapse	syn24246099	HTA1	tsv	HTA1_525_67653201013	HTA1_525_6765320101		CellRanger	scCloud cellranger_workflow with default settings, CellRanger 3	18	https://portal.firecloud.org/?return=terra#methods/scCloud/cellranger_workflow/18	Release 3.0	Details	
single_cell_RNAseq_level_3_breast/HTAPP-562-SMP-2581_CD45neg_channel2_barcodes.tsv.gz	HTAN HTAPP		HTA1_562_2581102	scRNA-seq	Level 3	Breast NOS		Ductal carcinoma NOS	Synapse	syn24246101	HTA1	mtx	HTA1_562_25811021011	HTA1_562_2581102101		CellRanger	scCloud cellranger_workflow with default settings, CellRanger 3	18	https://portal.firecloud.org/?return=terra#methods/scCloud/cellranger_workflow/18	Release 3.0	Details	
single_cell_RNAseq_level_3_breast/HTAPP-562-SMP-2581_CD45neg_channel2_features.tsv.gz	HTAN HTAPP		HTA1_562_2581102	scRNA-seq	Level 3	Breast NOS		Ductal carcinoma NOS	Synapse	syn24246103	HTA1	tsv	HTA1_562_25811021012	HTA1_562_2581102101		CellRanger	scCloud cellranger_workflow with default settings, CellRanger 3	18	https://portal.firecloud.org/?return=terra#methods/scCloud/cellranger_workflow/18	Release 3.0	Details	
single_cell_RNAseq_level_3_breast/HTAPP-562-SMP-2581_CD45neg_channel2_matrix.mtx.gz	HTAN HTAPP		HTA1_562_2581102	scRNA-seq	Level 3	Breast NOS		Ductal carcinoma NOS	Synapse	syn24246106	HTA1	tsv	HTA1_562_25811021013	HTA1_562_2581102101		CellRanger	scCloud cellranger_workflow with default settings, CellRanger 3	18	https://portal.firecloud.org/?return=terra#methods/scCloud/cellranger_workflow/18	Release 3.0	Details	
single_cell_RNAseq_level_3_breast/HTAPP-562-SMP-2581_fresh_channel1_barcodes.tsv.gz	HTAN HTAPP		HTA1_562_2581101	scRNA-seq	Level 3	Breast NOS		Ductal carcinoma NOS	Synapse	syn24246107	HTA1	mtx	HTA1_562_25811011011	HTA1_562_2581101101		CellRanger	scCloud cellranger_workflow with default settings, CellRanger 3	18	https://portal.firecloud.org/?return=terra#methods/scCloud/cellranger_workflow/18	Release 3.0	Details	
single_cell_RNAseq_level_3_breast/HTAPP-562-SMP-2581_fresh_channel1_features.tsv.gz	HTAN HTAPP		HTA1_562_2581101	scRNA-seq	Level 3	Breast NOS		Ductal carcinoma NOS	Synapse	syn24246109	HTA1	tsv	HTA1_562_25811011012	HTA1_562_2581101101		CellRanger	scCloud cellranger_workflow with default settings, CellRanger 3	18	https://portal.firecloud.org/?return=terra#methods/scCloud/cellranger_workflow/18	Release 3.0	Details	
single_cell_RNAseq_level_3_breast/HTAPP-562-SMP-2581_fresh_channel1_matrix.mtx.gz	HTAN HTAPP		HTA1_562_2581101	scRNA-seq	Level 3	Breast NOS		Ductal carcinoma NOS	Synapse	syn24246111	HTA1	tsv	HTA1_562_25811011013	HTA1_562_2581101101		CellRanger	scCloud cellranger_workflow with default settings, CellRanger 3	18	https://portal.firecloud.org/?return=terra#methods/scCloud/cellranger_workflow/18	Release 3.0	Details	
single_cell_RNAseq_level_3_breast/HTAPP-586-SMP-8599_fresh_channel1_barcodes.tsv.gz	HTAN HTAPP		HTA1_586_8599101	scRNA-seq	Level 3	Breast NOS		Intraductal carcinoma NOS	Synapse	syn24246113	HTA1	mtx	HTA1_586_85991011011	HTA1_586_8599101101		CellRanger	scCloud cellranger_workflow with default settings, CellRanger 3	18	https://portal.firecloud.org/?return=terra#methods/scCloud/cellranger_workflow/18	Release 3.0	Details	
single_cell_RNAseq_level_3_breast/HTAPP-586-SMP-8599_fresh_channel1_features.tsv.gz	HTAN HTAPP		HTA1_586_8599101	scRNA-seq	Level 3	Breast NOS		Intraductal carcinoma NOS	Synapse	syn24246115	HTA1	tsv	HTA1_586_85991011012	HTA1_586_8599101101		CellRanger	scCloud cellranger_workflow with default settings, CellRanger 3	18	https://portal.firecloud.org/?return=terra#methods/scCloud/cellranger_workflow/18	Release 3.0	Details	
single_cell_RNAseq_level_3_breast/HTAPP-586-SMP-8599_fresh_channel1_matrix.mtx.gz	HTAN HTAPP		HTA1_586_8599101	scRNA-seq	Level 3	Breast NOS		Intraductal carcinoma NOS	Synapse	syn24246117	HTA1	tsv	HTA1_586_85991011013	HTA1_586_8599101101		CellRanger	scCloud cellranger_workflow with default settings, CellRanger 3	18	https://portal.firecloud.org/?return=terra#methods/scCloud/cellranger_workflow/18	Release 3.0	Details	
single_cell_RNAseq_level_3_breast/HTAPP-589-SMP-2851_CST_channel1_barcodes.tsv.gz	HTAN HTAPP		HTA1_589_2851320	scRNA-seq	Level 3	Lower-outer quadrant of breast		Ductal carcinoma NOS	Synapse	syn24246119	HTA1	tsv	HTA1_589_28513201011	HTA1_589_2851320101		CellRanger	scCloud cellranger_workflow with default settings, CellRanger 3	18	https://portal.firecloud.org/?return=terra#methods/scCloud/cellranger_workflow/18	Release 3.0	Details	
single_cell_RNAseq_level_3_breast/HTAPP-589-SMP-2851_CST_channel1_features.tsv.gz	HTAN HTAPP		HTA1_589_2851320	scRNA-seq	Level 3	Lower-outer quadrant of breast		Ductal carcinoma NOS	Synapse	syn24246120	HTA1	mtx	HTA1_589_28513201012	HTA1_589_2851320101		CellRanger	scCloud cellranger_workflow with default settings, CellRanger 3	18	https://portal.firecloud.org/?return=terra#methods/scCloud/cellranger_workflow/18	Release 3.0	Details	
single_cell_RNAseq_level_3_breast/HTAPP-589-SMP-2851_CST_channel1_matrix.mtx.gz	HTAN HTAPP		HTA1_589_2851320	scRNA-seq	Level 3	Lower-outer quadrant of breast		Ductal carcinoma NOS	Synapse	syn24246122	HTA1	tsv	HTA1_589_28513201013	HTA1_589_2851320101		CellRanger	scCloud cellranger_workflow with default settings, CellRanger 3	18	https://portal.firecloud.org/?return=terra#methods/scCloud/cellranger_workflow/18	Release 3.0	Details	
single_cell_RNAseq_level_3_breast/HTAPP-589-SMP-2851_TST_channel2_barcodes.tsv.gz	HTAN HTAPP		HTA1_589_2851321	scRNA-seq	Level 3	Lower-outer quadrant of breast		Ductal carcinoma NOS	Synapse	syn24246124	HTA1	tsv	HTA1_589_28513211011	HTA1_589_2851321101		CellRanger	scCloud cellranger_workflow with default settings, CellRanger 3	18	https://portal.firecloud.org/?return=terra#methods/scCloud/cellranger_workflow/18	Release 3.0	Details	
single_cell_RNAseq_level_3_breast/HTAPP-589-SMP-2851_TST_channel2_features.tsv.gz	HTAN HTAPP		HTA1_589_2851321	scRNA-seq	Level 3	Lower-outer quadrant of breast		Ductal carcinoma NOS	Synapse	syn24246126	HTA1	mtx	HTA1_589_28513211012	HTA1_589_2851321101		CellRanger	scCloud cellranger_workflow with default settings, CellRanger 3	18	https://portal.firecloud.org/?return=terra#methods/scCloud/cellranger_workflow/18	Release 3.0	Details	
single_cell_RNAseq_level_3_breast/HTAPP-589-SMP-2851_TST_channel2_matrix.mtx.gz	HTAN HTAPP		HTA1_589_2851321	scRNA-seq	Level 3	Lower-outer quadrant of breast		Ductal carcinoma NOS	Synapse	syn24246128	HTA1	tsv	HTA1_589_28513211013	HTA1_589_2851321101		CellRanger	scCloud cellranger_workflow with default settings, CellRanger 3	18	https://portal.firecloud.org/?return=terra#methods/scCloud/cellranger_workflow/18	Release 3.0	Details	
single_cell_RNAseq_level_3_breast/HTAPP-589-SMP-2860_TST_channel1_barcodes.tsv.gz	HTAN HTAPP		HTA1_589_2860320	scRNA-seq	Level 3	Lower-outer quadrant of breast		Ductal carcinoma NOS	Synapse	syn24246130	HTA1	tsv	HTA1_589_28603201011	HTA1_589_2860320101		CellRanger	scCloud cellranger_workflow with default settings, CellRanger 3	18	https://portal.firecloud.org/?return=terra#methods/scCloud/cellranger_workflow/18	Release 3.0	Details	
single_cell_RNAseq_level_3_breast/HTAPP-589-SMP-2860_TST_channel1_features.tsv.gz	HTAN HTAPP		HTA1_589_2860320	scRNA-seq	Level 3	Lower-outer quadrant of breast		Ductal carcinoma NOS	Synapse	syn24246132	HTA1	mtx	HTA1_589_28603201012	HTA1_589_2860320101		CellRanger	scCloud cellranger_workflow with default settings, CellRanger 3	18	https://portal.firecloud.org/?return=terra#methods/scCloud/cellranger_workflow/18	Release 3.0	Details	
single_cell_RNAseq_level_3_breast/HTAPP-589-SMP-2860_TST_channel1_matrix.mtx.gz	HTAN HTAPP		HTA1_589_2860320	scRNA-seq	Level 3	Lower-outer quadrant of breast		Ductal carcinoma NOS	Synapse	syn24246134	HTA1	tsv	HTA1_589_28603201013	HTA1_589_2860320101		CellRanger	scCloud cellranger_workflow with default settings, CellRanger 3	18	https://portal.firecloud.org/?return=terra#methods/scCloud/cellranger_workflow/18	Release 3.0	Details	
single_cell_RNAseq_level_3_breast/HTAPP-589-SMP-2860_TST_channel2_barcodes.tsv.gz	HTAN HTAPP		HTA1_589_2860320	scRNA-seq	Level 3	Lower-outer quadrant of breast		Ductal carcinoma NOS	Synapse	syn24246136	HTA1	tsv	HTA1_589_28603203011	HTA1_589_2860320301		CellRanger	scCloud cellranger_workflow with default settings, CellRanger 3	18	https://portal.firecloud.org/?return=terra#methods/scCloud/cellranger_workflow/18	Release 3.0	Details	
single_cell_RNAseq_level_3_breast/HTAPP-589-SMP-2860_TST_channel2_features.tsv.gz	HTAN HTAPP		HTA1_589_2860320	scRNA-seq	Level 3	Lower-outer quadrant of breast		Ductal carcinoma NOS	Synapse	syn24246138	HTA1	mtx	HTA1_589_28603203012	HTA1_589_2860320301		CellRanger	scCloud cellranger_workflow with default settings, CellRanger 3	18	https://portal.firecloud.org/?return=terra#methods/scCloud/cellranger_workflow/18	Release 3.0	Details	
single_cell_RNAseq_level_3_breast/HTAPP-589-SMP-2860_TST_channel2_matrix.mtx.gz	HTAN HTAPP		HTA1_589_2860320	scRNA-seq	Level 3	Lower-outer quadrant of breast		Ductal carcinoma NOS	Synapse	syn24246140	HTA1	tsv	HTA1_589_28603203013	HTA1_589_2860320301		CellRanger	scCloud cellranger_workflow with default settings, CellRanger 3	18	https://portal.firecloud.org/?return=terra#methods/scCloud/cellranger_workflow/18	Release 3.0	Details	
single_cell_RNAseq_level_3_breast/HTAPP-600-SMP-2941_CST_channel1_barcodes.tsv.gz	HTAN HTAPP		HTA1_600_2941320	scRNA-seq	Level 3	Breast NOS		Lobular and ductal carcinoma	Synapse	syn24246142	HTA1	tsv	HTA1_600_29413201011	HTA1_600_2941320101		CellRanger	scCloud cellranger_workflow with default settings, CellRanger 3	18	https://portal.firecloud.org/?return=terra#methods/scCloud/cellranger_workflow/18	Release 3.0	Details	
single_cell_RNAseq_level_3_breast/HTAPP-600-SMP-2941_CST_channel1_features.tsv.gz	HTAN HTAPP		HTA1_600_2941320	scRNA-seq	Level 3	Breast NOS		Lobular and ductal carcinoma	Synapse	syn24246144	HTA1	tsv	HTA1_600_29413201012	HTA1_600_2941320101		CellRanger	scCloud cellranger_workflow with default settings, CellRanger 3	18	https://portal.firecloud.org/?return=terra#methods/scCloud/cellranger_workflow/18	Release 3.0	Details	
single_cell_RNAseq_level_3_breast/HTAPP-600-SMP-2941_CST_channel1_matrix.mtx.gz	HTAN HTAPP		HTA1_600_2941320	scRNA-seq	Level 3	Breast NOS		Lobular and ductal carcinoma	Synapse	syn24246146	HTA1	mtx	HTA1_600_29413201013	HTA1_600_2941320101		CellRanger	scCloud cellranger_workflow with default settings, CellRanger 3	18	https://portal.firecloud.org/?return=terra#methods/scCloud/cellranger_workflow/18	Release 3.0	Details	
single_cell_RNAseq_level_3_breast/HTAPP-600-SMP-2941_NST_channel2_barcodes.tsv.gz	HTAN HTAPP		HTA1_600_2941321	scRNA-seq	Level 3	Breast NOS		Lobular and ductal carcinoma	Synapse	syn24246148	HTA1	tsv	HTA1_600_29413211011	HTA1_600_2941321101		CellRanger	scCloud cellranger_workflow with default settings, CellRanger 3	18	https://portal.firecloud.org/?return=terra#methods/scCloud/cellranger_workflow/18	Release 3.0	Details	
single_cell_RNAseq_level_3_breast/HTAPP-600-SMP-2941_NST_channel2_features.tsv.gz	HTAN HTAPP		HTA1_600_2941321	scRNA-seq	Level 3	Breast NOS		Lobular and ductal carcinoma	Synapse	syn24246150	HTA1	tsv	HTA1_600_29413211012	HTA1_600_2941321101		CellRanger	scCloud cellranger_workflow with default settings, CellRanger 3	18	https://portal.firecloud.org/?return=terra#methods/scCloud/cellranger_workflow/18	Release 3.0	Details	
single_cell_RNAseq_level_3_breast/HTAPP-600-SMP-2941_NST_channel2_matrix.mtx.gz	HTAN HTAPP		HTA1_600_2941321	scRNA-seq	Level 3	Breast NOS		Lobular and ductal carcinoma	Synapse	syn24246151	HTA1	mtx	HTA1_600_29413211013	HTA1_600_2941321101		CellRanger	scCloud cellranger_workflow with default settings, CellRanger 3	18	https://portal.firecloud.org/?return=terra#methods/scCloud/cellranger_workflow/18	Release 3.0	Details	
single_cell_RNAseq_level_3_breast/HTAPP-611-SMP-3062_fresh_channel1_barcodes.tsv.gz	HTAN HTAPP		HTA1_611_3062101	scRNA-seq	Level 3	Upper-outer quadrant of breast		Ductal carcinoma NOS	Synapse	syn24246153	HTA1	tsv	HTA1_611_30621011011	HTA1_611_3062101101		CellRanger	scCloud cellranger_workflow with default settings, CellRanger 3	18	https://portal.firecloud.org/?return=terra#methods/scCloud/cellranger_workflow/18	Release 3.0	Details	
single_cell_RNAseq_level_3_breast/HTAPP-611-SMP-3062_fresh_channel1_features.tsv.gz	HTAN HTAPP		HTA1_611_3062101	scRNA-seq	Level 3	Upper-outer quadrant of breast		Ductal carcinoma NOS	Synapse	syn24246155	HTA1	tsv	HTA1_611_30621011012	HTA1_611_3062101101		CellRanger	scCloud cellranger_workflow with default settings, CellRanger 3	18	https://portal.firecloud.org/?return=terra#methods/scCloud/cellranger_workflow/18	Release 3.0	Details	
single_cell_RNAseq_level_3_breast/HTAPP-611-SMP-3062_fresh_channel1_matrix.mtx.gz	HTAN HTAPP		HTA1_611_3062101	scRNA-seq	Level 3	Upper-outer quadrant of breast		Ductal carcinoma NOS	Synapse	syn24246157	HTA1	mtx	HTA1_611_30621011013	HTA1_611_3062101101		CellRanger	scCloud cellranger_workflow with default settings, CellRanger 3	18	https://portal.firecloud.org/?return=terra#methods/scCloud/cellranger_workflow/18	Release 3.0	Details	
single_cell_RNAseq_level_3_breast/HTAPP-611-SMP-3062_fresh_channel2_barcodes.tsv.gz	HTAN HTAPP		HTA1_611_3062101	scRNA-seq	Level 3	Upper-outer quadrant of breast		Ductal carcinoma NOS	Synapse	syn24246159	HTA1	tsv	HTA1_611_30621013011	HTA1_611_3062101301		CellRanger	scCloud cellranger_workflow with default settings, CellRanger 3	18	https://portal.firecloud.org/?return=terra#methods/scCloud/cellranger_workflow/18	Release 3.0	Details	
single_cell_RNAseq_level_3_breast/HTAPP-611-SMP-3062_fresh_channel2_features.tsv.gz	HTAN HTAPP		HTA1_611_3062101	scRNA-seq	Level 3	Upper-outer quadrant of breast		Ductal carcinoma NOS	Synapse	syn24246161	HTA1	tsv	HTA1_611_30621013012	HTA1_611_3062101301		CellRanger	scCloud cellranger_workflow with default settings, CellRanger 3	18	https://portal.firecloud.org/?return=terra#methods/scCloud/cellranger_workflow/18	Release 3.0	Details	
single_cell_RNAseq_level_3_breast/HTAPP-611-SMP-3062_fresh_channel2_matrix.mtx.gz	HTAN HTAPP		HTA1_611_3062101	scRNA-seq	Level 3	Upper-outer quadrant of breast		Ductal carcinoma NOS	Synapse	syn24246162	HTA1	mtx	HTA1_611_30621013013	HTA1_611_3062101301		CellRanger	scCloud cellranger_workflow with default settings, CellRanger 3	18	https://portal.firecloud.org/?return=terra#methods/scCloud/cellranger_workflow/18	Release 3.0	Details	
single_cell_RNAseq_level_3_breast/HTAPP-627-SMP-3242_fresh_channel1_barcodes.tsv.gz	HTAN HTAPP		HTA1_627_3242101	scRNA-seq	Level 3	Breast NOS		Ductal carcinoma NOS	Synapse	syn24246165	HTA1	tsv	HTA1_627_32421011011	HTA1_627_3242101101		CellRanger	scCloud cellranger_workflow with default settings, CellRanger 3	18	https://portal.firecloud.org/?return=terra#methods/scCloud/cellranger_workflow/18	Release 3.0	Details	
single_cell_RNAseq_level_3_breast/HTAPP-627-SMP-3242_fresh_channel1_features.tsv.gz	HTAN HTAPP		HTA1_627_3242101	scRNA-seq	Level 3	Breast NOS		Ductal carcinoma NOS	Synapse	syn24246166	HTA1	tsv	HTA1_627_32421011012	HTA1_627_3242101101		CellRanger	scCloud cellranger_workflow with default settings, CellRanger 3	18	https://portal.firecloud.org/?return=terra#methods/scCloud/cellranger_workflow/18	Release 3.0	Details	
single_cell_RNAseq_level_3_breast/HTAPP-627-SMP-3242_fresh_channel1_matrix.mtx.gz	HTAN HTAPP		HTA1_627_3242101	scRNA-seq	Level 3	Breast NOS		Ductal carcinoma NOS	Synapse	syn24246169	HTA1	tsv	HTA1_627_32421011013	HTA1_627_3242101101		CellRanger	scCloud cellranger_workflow with default settings, CellRanger 3	18	https://portal.firecloud.org/?return=terra#methods/scCloud/cellranger_workflow/18	Release 3.0	Details	
single_cell_RNAseq_level_3_breast/HTAPP-627-SMP-3242_fresh_channel2_barcodes.tsv.gz	HTAN HTAPP		HTA1_627_3242101	scRNA-seq	Level 3	Breast NOS		Ductal carcinoma NOS	Synapse	syn24246172	HTA1	mtx	HTA1_627_32421013011	HTA1_627_3242101301		CellRanger	scCloud cellranger_workflow with default settings, CellRanger 3	18	https://portal.firecloud.org/?return=terra#methods/scCloud/cellranger_workflow/18	Release 3.0	Details	
single_cell_RNAseq_level_3_breast/HTAPP-627-SMP-3242_fresh_channel2_features.tsv.gz	HTAN HTAPP		HTA1_627_3242101	scRNA-seq	Level 3	Breast NOS		Ductal carcinoma NOS	Synapse	syn24246174	HTA1	tsv	HTA1_627_32421013012	HTA1_627_3242101301		CellRanger	scCloud cellranger_workflow with default settings, CellRanger 3	18	https://portal.firecloud.org/?return=terra#methods/scCloud/cellranger_workflow/18	Release 3.0	Details	
single_cell_RNAseq_level_3_breast/HTAPP-627-SMP-3242_fresh_channel2_matrix.mtx.gz	HTAN HTAPP		HTA1_627_3242101	scRNA-seq	Level 3	Breast NOS		Ductal carcinoma NOS	Synapse	syn24246176	HTA1	tsv	HTA1_627_32421013013	HTA1_627_3242101301		CellRanger	scCloud cellranger_workflow with default settings, CellRanger 3	18	https://portal.firecloud.org/?return=terra#methods/scCloud/cellranger_workflow/18	Release 3.0	Details	
single_cell_RNAseq_level_3_breast/HTAPP-649-SMP-3422_fresh_channel1_barcodes.tsv.gz	HTAN HTAPP		HTA1_649_3422101	scRNA-seq	Level 3	Breast NOS		Adenocarcinoma NOS	Synapse	syn24246177	HTA1	mtx	HTA1_649_34221011011	HTA1_649_3422101101		CellRanger	scCloud cellranger_workflow with default settings, CellRanger 3	18	https://portal.firecloud.org/?return=terra#methods/scCloud/cellranger_workflow/18	Release 3.0	Details	
single_cell_RNAseq_level_3_breast/HTAPP-649-SMP-3422_fresh_channel1_features.tsv.gz	HTAN HTAPP		HTA1_649_3422101	scRNA-seq	Level 3	Breast NOS		Adenocarcinoma NOS	Synapse	syn24246179	HTA1	tsv	HTA1_649_34221011012	HTA1_649_3422101101		CellRanger	scCloud cellranger_workflow with default settings, CellRanger 3	18	https://portal.firecloud.org/?return=terra#methods/scCloud/cellranger_workflow/18	Release 3.0	Details	
single_cell_RNAseq_level_3_breast/HTAPP-649-SMP-3422_fresh_channel1_matrix.mtx.gz	HTAN HTAPP		HTA1_649_3422101	scRNA-seq	Level 3	Breast NOS		Adenocarcinoma NOS	Synapse	syn24246181	HTA1	tsv	HTA1_649_34221011013	HTA1_649_3422101101		CellRanger	scCloud cellranger_workflow with default settings, CellRanger 3	18	https://portal.firecloud.org/?return=terra#methods/scCloud/cellranger_workflow/18	Release 3.0	Details	
single_cell_RNAseq_level_3_breast/HTAPP-662-SMP-3602_fresh_channel1_barcodes.tsv.gz	HTAN HTAPP		HTA1_662_3602101	scRNA-seq	Level 3	Lower-outer quadrant of breast		Ductal carcinoma NOS	Synapse	syn24246183	HTA1	mtx	HTA1_662_36021011011	HTA1_662_3602101101		CellRanger	scCloud cellranger_workflow with default settings, CellRanger 3	18	https://portal.firecloud.org/?return=terra#methods/scCloud/cellranger_workflow/18	Release 3.0	Details	
single_cell_RNAseq_level_3_breast/HTAPP-662-SMP-3602_fresh_channel1_features.tsv.gz	HTAN HTAPP		HTA1_662_3602101	scRNA-seq	Level 3	Lower-outer quadrant of breast		Ductal carcinoma NOS	Synapse	syn24246185	HTA1	tsv	HTA1_662_36021011012	HTA1_662_3602101101		CellRanger	scCloud cellranger_workflow with default settings, CellRanger 3	18	https://portal.firecloud.org/?return=terra#methods/scCloud/cellranger_workflow/18	Release 3.0	Details	
single_cell_RNAseq_level_3_breast/HTAPP-662-SMP-3602_fresh_channel1_matrix.mtx.gz	HTAN HTAPP		HTA1_662_3602101	scRNA-seq	Level 3	Lower-outer quadrant of breast		Ductal carcinoma NOS	Synapse	syn24246187	HTA1	tsv	HTA1_662_36021011013	HTA1_662_3602101101		CellRanger	scCloud cellranger_workflow with default settings, CellRanger 3	18	https://portal.firecloud.org/?return=terra#methods/scCloud/cellranger_workflow/18	Release 3.0	Details	
single_cell_RNAseq_level_3_breast/HTAPP-662-SMP-3602_fresh_channel2_barcodes.tsv.gz	HTAN HTAPP		HTA1_662_3602101	scRNA-seq	Level 3	Lower-outer quadrant of breast		Ductal carcinoma NOS	Synapse	syn24246189	HTA1	mtx	HTA1_662_36021013011	HTA1_662_3602101301		CellRanger	scCloud cellranger_workflow with default settings, CellRanger 3	18	https://portal.firecloud.org/?return=terra#methods/scCloud/cellranger_workflow/18	Release 3.0	Details	
single_cell_RNAseq_level_3_breast/HTAPP-662-SMP-3602_fresh_channel2_features.tsv.gz	HTAN HTAPP		HTA1_662_3602101	scRNA-seq	Level 3	Lower-outer quadrant of breast		Ductal carcinoma NOS	Synapse	syn24246191	HTA1	tsv	HTA1_662_36021013012	HTA1_662_3602101301		CellRanger	scCloud cellranger_workflow with default settings, CellRanger 3	18	https://portal.firecloud.org/?return=terra#methods/scCloud/cellranger_workflow/18	Release 3.0	Details	
single_cell_RNAseq_level_3_breast/HTAPP-662-SMP-3602_fresh_channel2_matrix.mtx.gz	HTAN HTAPP		HTA1_662_3602101	scRNA-seq	Level 3	Lower-outer quadrant of breast		Ductal carcinoma NOS	Synapse	syn24246193	HTA1	tsv	HTA1_662_36021013013	HTA1_662_3602101301		CellRanger	scCloud cellranger_workflow with default settings, CellRanger 3	18	https://portal.firecloud.org/?return=terra#methods/scCloud/cellranger_workflow/18	Release 3.0	Details	
single_cell_RNAseq_level_3_breast/HTAPP-735-SMP-3841_fresh_channel1_barcodes.tsv.gz	HTAN HTAPP		HTA1_735_3841101	scRNA-seq	Level 3	Upper-outer quadrant of breast		Ductal carcinoma NOS	Synapse	syn24246195	HTA1	tsv	HTA1_735_38411011011	HTA1_735_3841101101		CellRanger	scCloud cellranger_workflow with default settings, CellRanger 3	18	https://portal.firecloud.org/?return=terra#methods/scCloud/cellranger_workflow/18	Release 3.0	Details	
single_cell_RNAseq_level_3_breast/HTAPP-735-SMP-3841_fresh_channel1_features.tsv.gz	HTAN HTAPP		HTA1_735_3841101	scRNA-seq	Level 3	Upper-outer quadrant of breast		Ductal carcinoma NOS	Synapse	syn24246197	HTA1	mtx	HTA1_735_38411011012	HTA1_735_3841101101		CellRanger	scCloud cellranger_workflow with default settings, CellRanger 3	18	https://portal.firecloud.org/?return=terra#methods/scCloud/cellranger_workflow/18	Release 3.0	Details	
single_cell_RNAseq_level_3_breast/HTAPP-735-SMP-3841_fresh_channel1_matrix.mtx.gz	HTAN HTAPP		HTA1_735_3841101	scRNA-seq	Level 3	Upper-outer quadrant of breast		Ductal carcinoma NOS	Synapse	syn24246199	HTA1	tsv	HTA1_735_38411011013	HTA1_735_3841101101		CellRanger	scCloud cellranger_workflow with default settings, CellRanger 3	18	https://portal.firecloud.org/?return=terra#methods/scCloud/cellranger_workflow/18	Release 3.0	Details	
single_cell_RNAseq_level_3_breast/HTAPP-735-SMP-3841_fresh_channel2_barcodes.tsv.gz	HTAN HTAPP		HTA1_735_3841101	scRNA-seq	Level 3	Upper-outer quadrant of breast		Ductal carcinoma NOS	Synapse	syn24246200	HTA1	tsv	HTA1_735_38411013011	HTA1_735_3841101301		CellRanger	scCloud cellranger_workflow with default settings, CellRanger 3	18	https://portal.firecloud.org/?return=terra#methods/scCloud/cellranger_workflow/18	Release 3.0	Details	
single_cell_RNAseq_level_3_breast/HTAPP-735-SMP-3841_fresh_channel2_features.tsv.gz	HTAN HTAPP		HTA1_735_3841101	scRNA-seq	Level 3	Upper-outer quadrant of breast		Ductal carcinoma NOS	Synapse	syn24246202	HTA1	mtx	HTA1_735_38411013012	HTA1_735_3841101301		CellRanger	scCloud cellranger_workflow with default settings, CellRanger 3	18	https://portal.firecloud.org/?return=terra#methods/scCloud/cellranger_workflow/18	Release 3.0	Details	
single_cell_RNAseq_level_3_breast/HTAPP-735-SMP-3841_fresh_channel2_matrix.mtx.gz	HTAN HTAPP		HTA1_735_3841101	scRNA-seq	Level 3	Upper-outer quadrant of breast		Ductal carcinoma NOS	Synapse	syn24246204	HTA1	tsv	HTA1_735_38411013013	HTA1_735_3841101301		CellRanger	scCloud cellranger_workflow with default settings, CellRanger 3	18	https://portal.firecloud.org/?return=terra#methods/scCloud/cellranger_workflow/18	Release 3.0	Details	
single_cell_RNAseq_level_3_breast/HTAPP-745-SMP-3961_fresh_channel1_barcodes.tsv.gz	HTAN HTAPP		HTA1_745_3961101	scRNA-seq	Level 3	Upper-inner quadrant of breast		Ductal carcinoma NOS	Synapse	syn24246206	HTA1	tsv	HTA1_745_39611011011	HTA1_745_3961101101		CellRanger	scCloud cellranger_workflow with default settings, CellRanger 3	18	https://portal.firecloud.org/?return=terra#methods/scCloud/cellranger_workflow/18	Release 3.0	Details	
single_cell_RNAseq_level_3_breast/HTAPP-745-SMP-3961_fresh_channel1_features.tsv.gz	HTAN HTAPP		HTA1_745_3961101	scRNA-seq	Level 3	Upper-inner quadrant of breast		Ductal carcinoma NOS	Synapse	syn24246208	HTA1	mtx	HTA1_745_39611011012	HTA1_745_3961101101		CellRanger	scCloud cellranger_workflow with default settings, CellRanger 3	18	https://portal.firecloud.org/?return=terra#methods/scCloud/cellranger_workflow/18	Release 3.0	Details	
single_cell_RNAseq_level_3_breast/HTAPP-745-SMP-3961_fresh_channel1_matrix.mtx.gz	HTAN HTAPP		HTA1_745_3961101	scRNA-seq	Level 3	Upper-inner quadrant of breast		Ductal carcinoma NOS	Synapse	syn24246210	HTA1	tsv	HTA1_745_39611011013	HTA1_745_3961101101		CellRanger	scCloud cellranger_workflow with default settings, CellRanger 3	18	https://portal.firecloud.org/?return=terra#methods/scCloud/cellranger_workflow/18	Release 3.0	Details	
single_cell_RNAseq_level_3_breast/HTAPP-752-SMP-4051_CST_channel1_barcodes.tsv.gz	HTAN HTAPP		HTA1_752_4051320	scRNA-seq	Level 3	Lower-inner quadrant of breast		Ductal carcinoma NOS	Synapse	syn24246212	HTA1	tsv	HTA1_752_40513201011	HTA1_752_4051320101		CellRanger	scCloud cellranger_workflow with default settings, CellRanger 3	18	https://portal.firecloud.org/?return=terra#methods/scCloud/cellranger_workflow/18	Release 3.0	Details	
single_cell_RNAseq_level_3_breast/HTAPP-752-SMP-4051_CST_channel1_features.tsv.gz	HTAN HTAPP		HTA1_752_4051320	scRNA-seq	Level 3	Lower-inner quadrant of breast		Ductal carcinoma NOS	Synapse	syn24246214	HTA1	mtx	HTA1_752_40513201012	HTA1_752_4051320101		CellRanger	scCloud cellranger_workflow with default settings, CellRanger 3	18	https://portal.firecloud.org/?return=terra#methods/scCloud/cellranger_workflow/18	Release 3.0	Details	
single_cell_RNAseq_level_3_breast/HTAPP-752-SMP-4051_CST_channel1_matrix.mtx.gz	HTAN HTAPP		HTA1_752_4051320	scRNA-seq	Level 3	Lower-inner quadrant of breast		Ductal carcinoma NOS	Synapse	syn24246215	HTA1	tsv	HTA1_752_40513201013	HTA1_752_4051320101		CellRanger	scCloud cellranger_workflow with default settings, CellRanger 3	18	https://portal.firecloud.org/?return=terra#methods/scCloud/cellranger_workflow/18	Release 3.0	Details	
single_cell_RNAseq_level_3_breast/HTAPP-752-SMP-4051_TST_channel2_barcodes.tsv.gz	HTAN HTAPP		HTA1_752_4051321	scRNA-seq	Level 3	Lower-inner quadrant of breast		Ductal carcinoma NOS	Synapse	syn24246216	HTA1	tsv	HTA1_752_40513211011	HTA1_752_4051321101		CellRanger	scCloud cellranger_workflow with default settings, CellRanger 3	18	https://portal.firecloud.org/?return=terra#methods/scCloud/cellranger_workflow/18	Release 3.0	Details	
single_cell_RNAseq_level_3_breast/HTAPP-752-SMP-4051_TST_channel2_features.tsv.gz	HTAN HTAPP		HTA1_752_4051321	scRNA-seq	Level 3	Lower-inner quadrant of breast		Ductal carcinoma NOS	Synapse	syn24246217	HTA1	tsv	HTA1_752_40513211012	HTA1_752_4051321101		CellRanger	scCloud cellranger_workflow with default settings, CellRanger 3	18	https://portal.firecloud.org/?return=terra#methods/scCloud/cellranger_workflow/18	Release 3.0	Details	
single_cell_RNAseq_level_3_breast/HTAPP-752-SMP-4051_TST_channel2_matrix.mtx.gz	HTAN HTAPP		HTA1_752_4051321	scRNA-seq	Level 3	Lower-inner quadrant of breast		Ductal carcinoma NOS	Synapse	syn24246218	HTA1	mtx	HTA1_752_40513211013	HTA1_752_4051321101		CellRanger	scCloud cellranger_workflow with default settings, CellRanger 3	18	https://portal.firecloud.org/?return=terra#methods/scCloud/cellranger_workflow/18	Release 3.0	Details	
single_cell_RNAseq_level_3_breast/HTAPP-759-SMP-8359_fresh_channel1_barcodes.tsv.gz	HTAN HTAPP		HTA1_759_8359101	scRNA-seq	Level 3	Overlapping lesion of breast		Ductal carcinoma NOS	Synapse	syn24246219	HTA1	tsv	HTA1_759_83591011011	HTA1_759_8359101101		CellRanger	scCloud cellranger_workflow with default settings, CellRanger 3	18	https://portal.firecloud.org/?return=terra#methods/scCloud/cellranger_workflow/18	Release 3.0	Details	
single_cell_RNAseq_level_3_breast/HTAPP-759-SMP-8359_fresh_channel1_features.tsv.gz	HTAN HTAPP		HTA1_759_8359101	scRNA-seq	Level 3	Overlapping lesion of breast		Ductal carcinoma NOS	Synapse	syn24246220	HTA1	tsv	HTA1_759_83591011012	HTA1_759_8359101101		CellRanger	scCloud cellranger_workflow with default settings, CellRanger 3	18	https://portal.firecloud.org/?return=terra#methods/scCloud/cellranger_workflow/18	Release 3.0	Details	
single_cell_RNAseq_level_3_breast/HTAPP-759-SMP-8359_fresh_channel1_matrix.mtx.gz	HTAN HTAPP		HTA1_759_8359101	scRNA-seq	Level 3	Overlapping lesion of breast		Ductal carcinoma NOS	Synapse	syn24246221	HTA1	mtx	HTA1_759_83591011013	HTA1_759_8359101101		CellRanger	scCloud cellranger_workflow with default settings, CellRanger 3	18	https://portal.firecloud.org/?return=terra#methods/scCloud/cellranger_workflow/18	Release 3.0	Details	
single_cell_RNAseq_level_3_breast/HTAPP-759-SMP-8359_fresh_channel2_barcodes.tsv.gz	HTAN HTAPP		HTA1_759_8359101	scRNA-seq	Level 3	Overlapping lesion of breast		Ductal carcinoma NOS	Synapse	syn24246222	HTA1	tsv	HTA1_759_83591013011	HTA1_759_8359101301		CellRanger	scCloud cellranger_workflow with default settings, CellRanger 3	18	https://portal.firecloud.org/?return=terra#methods/scCloud/cellranger_workflow/18	Release 3.0	Details	
single_cell_RNAseq_level_3_breast/HTAPP-759-SMP-8359_fresh_channel2_features.tsv.gz	HTAN HTAPP		HTA1_759_8359101	scRNA-seq	Level 3	Overlapping lesion of breast		Ductal carcinoma NOS	Synapse	syn24246223	HTA1	tsv	HTA1_759_83591013012	HTA1_759_8359101301		CellRanger	scCloud cellranger_workflow with default settings, CellRanger 3	18	https://portal.firecloud.org/?return=terra#methods/scCloud/cellranger_workflow/18	Release 3.0	Details	
single_cell_RNAseq_level_3_breast/HTAPP-759-SMP-8359_fresh_channel2_matrix.mtx.gz	HTAN HTAPP		HTA1_759_8359101	scRNA-seq	Level 3	Overlapping lesion of breast		Ductal carcinoma NOS	Synapse	syn24246224	HTA1	mtx	HTA1_759_83591013013	HTA1_759_8359101301		CellRanger	scCloud cellranger_workflow with default settings, CellRanger 3	18	https://portal.firecloud.org/?return=terra#methods/scCloud/cellranger_workflow/18	Release 3.0	Details	
single_cell_RNAseq_level_3_breast/HTAPP-783-SMP-4081_fresh_channel1_barcodes.tsv.gz	HTAN HTAPP		HTA1_783_4081101	scRNA-seq	Level 3	Lower-inner quadrant of breast		Ductal carcinoma NOS	Synapse	syn24246225	HTA1	tsv	HTA1_783_40811011011	HTA1_783_4081101101		CellRanger	scCloud cellranger_workflow with default settings, CellRanger 3	18	https://portal.firecloud.org/?return=terra#methods/scCloud/cellranger_workflow/18	Release 3.0	Details	
single_cell_RNAseq_level_3_breast/HTAPP-783-SMP-4081_fresh_channel1_features.tsv.gz	HTAN HTAPP		HTA1_783_4081101	scRNA-seq	Level 3	Lower-inner quadrant of breast		Ductal carcinoma NOS	Synapse	syn24246226	HTA1	tsv	HTA1_783_40811011012	HTA1_783_4081101101		CellRanger	scCloud cellranger_workflow with default settings, CellRanger 3	18	https://portal.firecloud.org/?return=terra#methods/scCloud/cellranger_workflow/18	Release 3.0	Details	
single_cell_RNAseq_level_3_breast/HTAPP-783-SMP-4081_fresh_channel1_matrix.mtx.gz	HTAN HTAPP		HTA1_783_4081101	scRNA-seq	Level 3	Lower-inner quadrant of breast		Ductal carcinoma NOS	Synapse	syn24246227	HTA1	mtx	HTA1_783_40811011013	HTA1_783_4081101101		CellRanger	scCloud cellranger_workflow with default settings, CellRanger 3	18	https://portal.firecloud.org/?return=terra#methods/scCloud/cellranger_workflow/18	Release 3.0	Details	
single_cell_RNAseq_level_3_breast/HTAPP-806-SMP-6789_TST_channel1_barcodes.tsv.gz	HTAN HTAPP		HTA1_806_6789320	scRNA-seq	Level 3	Upper-outer quadrant of breast		Lobular carcinoma NOS	Synapse	syn24246228	HTA1	tsv	HTA1_806_67893201011	HTA1_806_6789320101		CellRanger	scCloud cellranger_workflow with default settings, CellRanger 3	18	https://portal.firecloud.org/?return=terra#methods/scCloud/cellranger_workflow/18	Release 3.0	Details	
single_cell_RNAseq_level_3_breast/HTAPP-806-SMP-6789_TST_channel1_features.tsv.gz	HTAN HTAPP		HTA1_806_6789320	scRNA-seq	Level 3	Upper-outer quadrant of breast		Lobular carcinoma NOS	Synapse	syn24246229	HTA1	tsv	HTA1_806_67893201012	HTA1_806_6789320101		CellRanger	scCloud cellranger_workflow with default settings, CellRanger 3	18	https://portal.firecloud.org/?return=terra#methods/scCloud/cellranger_workflow/18	Release 3.0	Details	
single_cell_RNAseq_level_3_breast/HTAPP-806-SMP-6789_TST_channel1_matrix.mtx.gz	HTAN HTAPP		HTA1_806_6789320	scRNA-seq	Level 3	Upper-outer quadrant of breast		Lobular carcinoma NOS	Synapse	syn24246230	HTA1	tsv	HTA1_806_67893201013	HTA1_806_6789320101		CellRanger	scCloud cellranger_workflow with default settings, CellRanger 3	18	https://portal.firecloud.org/?return=terra#methods/scCloud/cellranger_workflow/18	Release 3.0	Details	
single_cell_RNAseq_level_3_breast/HTAPP-806-SMP-6789_TST_channel2_barcodes.tsv.gz	HTAN HTAPP		HTA1_806_6789320	scRNA-seq	Level 3	Upper-outer quadrant of breast		Lobular carcinoma NOS	Synapse	syn24246231	HTA1	mtx	HTA1_806_67893203011	HTA1_806_6789320301		CellRanger	scCloud cellranger_workflow with default settings, CellRanger 3	18	https://portal.firecloud.org/?return=terra#methods/scCloud/cellranger_workflow/18	Release 3.0	Details	
single_cell_RNAseq_level_3_breast/HTAPP-806-SMP-6789_TST_channel2_features.tsv.gz	HTAN HTAPP		HTA1_806_6789320	scRNA-seq	Level 3	Upper-outer quadrant of breast		Lobular carcinoma NOS	Synapse	syn24246232	HTA1	tsv	HTA1_806_67893203012	HTA1_806_6789320301		CellRanger	scCloud cellranger_workflow with default settings, CellRanger 3	18	https://portal.firecloud.org/?return=terra#methods/scCloud/cellranger_workflow/18	Release 3.0	Details	
single_cell_RNAseq_level_3_breast/HTAPP-806-SMP-6789_TST_channel2_matrix.mtx.gz	HTAN HTAPP		HTA1_806_6789320	scRNA-seq	Level 3	Upper-outer quadrant of breast		Lobular carcinoma NOS	Synapse	syn24246233	HTA1	tsv	HTA1_806_67893203013	HTA1_806_6789320301		CellRanger	scCloud cellranger_workflow with default settings, CellRanger 3	18	https://portal.firecloud.org/?return=terra#methods/scCloud/cellranger_workflow/18	Release 3.0	Details	
single_cell_RNAseq_level_3_breast/HTAPP-812-SMP-8239_fresh_channel1_barcodes.tsv.gz	HTAN HTAPP		HTA1_812_8239101	scRNA-seq	Level 3	Breast NOS		Ductal carcinoma NOS	Synapse	syn24246234	HTA1	mtx	HTA1_812_82391011011	HTA1_812_8239101101		CellRanger	scCloud cellranger_workflow with default settings, CellRanger 3	18	https://portal.firecloud.org/?return=terra#methods/scCloud/cellranger_workflow/18	Release 3.0	Details	
single_cell_RNAseq_level_3_breast/HTAPP-812-SMP-8239_fresh_channel1_features.tsv.gz	HTAN HTAPP		HTA1_812_8239101	scRNA-seq	Level 3	Breast NOS		Ductal carcinoma NOS	Synapse	syn24246235	HTA1	tsv	HTA1_812_82391011012	HTA1_812_8239101101		CellRanger	scCloud cellranger_workflow with default settings, CellRanger 3	18	https://portal.firecloud.org/?return=terra#methods/scCloud/cellranger_workflow/18	Release 3.0	Details	
single_cell_RNAseq_level_3_breast/HTAPP-812-SMP-8239_fresh_channel1_matrix.mtx.gz	HTAN HTAPP		HTA1_812_8239101	scRNA-seq	Level 3	Breast NOS		Ductal carcinoma NOS	Synapse	syn24246236	HTA1	tsv	HTA1_812_82391011013	HTA1_812_8239101101		CellRanger	scCloud cellranger_workflow with default settings, CellRanger 3	18	https://portal.firecloud.org/?return=terra#methods/scCloud/cellranger_workflow/18	Release 3.0	Details	
single_cell_RNAseq_level_3_breast/HTAPP-814-SMP-6879_TST_channel1_barcodes.tsv.gz	HTAN HTAPP		HTA1_814_6879320	scRNA-seq	Level 3	Breast NOS		Ductal carcinoma NOS	Synapse	syn24246237	HTA1	mtx	HTA1_814_68793201011	HTA1_814_6879320101		CellRanger	scCloud cellranger_workflow with default settings, CellRanger 3	18	https://portal.firecloud.org/?return=terra#methods/scCloud/cellranger_workflow/18	Release 3.0	Details	
single_cell_RNAseq_level_3_breast/HTAPP-814-SMP-6879_TST_channel1_features.tsv.gz	HTAN HTAPP		HTA1_814_6879320	scRNA-seq	Level 3	Breast NOS		Ductal carcinoma NOS	Synapse	syn24246238	HTA1	tsv	HTA1_814_68793201012	HTA1_814_6879320101		CellRanger	scCloud cellranger_workflow with default settings, CellRanger 3	18	https://portal.firecloud.org/?return=terra#methods/scCloud/cellranger_workflow/18	Release 3.0	Details	
single_cell_RNAseq_level_3_breast/HTAPP-814-SMP-6879_TST_channel1_matrix.mtx.gz	HTAN HTAPP		HTA1_814_6879320	scRNA-seq	Level 3	Breast NOS		Ductal carcinoma NOS	Synapse	syn24246239	HTA1	tsv	HTA1_814_68793201013	HTA1_814_6879320101		CellRanger	scCloud cellranger_workflow with default settings, CellRanger 3	18	https://portal.firecloud.org/?return=terra#methods/scCloud/cellranger_workflow/18	Release 3.0	Details	
single_cell_RNAseq_level_3_breast/HTAPP-814-SMP-6879_TST_channel2_barcodes.tsv.gz	HTAN HTAPP		HTA1_814_6879320	scRNA-seq	Level 3	Breast NOS		Ductal carcinoma NOS	Synapse	syn24246241	HTA1	mtx	HTA1_814_68793203011	HTA1_814_6879320301		CellRanger	scCloud cellranger_workflow with default settings, CellRanger 3	18	https://portal.firecloud.org/?return=terra#methods/scCloud/cellranger_workflow/18	Release 3.0	Details	
single_cell_RNAseq_level_3_breast/HTAPP-814-SMP-6879_TST_channel2_features.tsv.gz	HTAN HTAPP		HTA1_814_6879320	scRNA-seq	Level 3	Breast NOS		Ductal carcinoma NOS	Synapse	syn24246243	HTA1	tsv	HTA1_814_68793203012	HTA1_814_6879320301		CellRanger	scCloud cellranger_workflow with default settings, CellRanger 3	18	https://portal.firecloud.org/?return=terra#methods/scCloud/cellranger_workflow/18	Release 3.0	Details	
single_cell_RNAseq_level_3_breast/HTAPP-814-SMP-6879_TST_channel2_matrix.mtx.gz	HTAN HTAPP		HTA1_814_6879320	scRNA-seq	Level 3	Breast NOS		Ductal carcinoma NOS	Synapse	syn24246245	HTA1	tsv	HTA1_814_68793203013	HTA1_814_6879320301		CellRanger	scCloud cellranger_workflow with default settings, CellRanger 3	18	https://portal.firecloud.org/?return=terra#methods/scCloud/cellranger_workflow/18	Release 3.0	Details	
single_cell_RNAseq_level_3_breast/HTAPP-835-SMP-6999_TST_channel1_barcodes.tsv.gz	HTAN HTAPP		HTA1_835_6999320	scRNA-seq	Level 3	Breast NOS		Carcinoma NOS	Synapse	syn24246246	HTA1	tsv	HTA1_835_69993201011	HTA1_835_6999320101		CellRanger	scCloud cellranger_workflow with default settings, CellRanger 3	18	https://portal.firecloud.org/?return=terra#methods/scCloud/cellranger_workflow/18	Release 3.0	Details	
single_cell_RNAseq_level_3_breast/HTAPP-835-SMP-6999_TST_channel1_features.tsv.gz	HTAN HTAPP		HTA1_835_6999320	scRNA-seq	Level 3	Breast NOS		Carcinoma NOS	Synapse	syn24246249	HTA1	mtx	HTA1_835_69993201012	HTA1_835_6999320101		CellRanger	scCloud cellranger_workflow with default settings, CellRanger 3	18	https://portal.firecloud.org/?return=terra#methods/scCloud/cellranger_workflow/18	Release 3.0	Details	
single_cell_RNAseq_level_3_breast/HTAPP-835-SMP-6999_TST_channel1_matrix.mtx.gz	HTAN HTAPP		HTA1_835_6999320	scRNA-seq	Level 3	Breast NOS		Carcinoma NOS	Synapse	syn24246251	HTA1	tsv	HTA1_835_69993201013	HTA1_835_6999320101		CellRanger	scCloud cellranger_workflow with default settings, CellRanger 3	18	https://portal.firecloud.org/?return=terra#methods/scCloud/cellranger_workflow/18	Release 3.0	Details	
single_cell_RNAseq_level_3_breast/HTAPP-835-SMP-6999_TST_channel2_barcodes.tsv.gz	HTAN HTAPP		HTA1_835_6999320	scRNA-seq	Level 3	Breast NOS		Carcinoma NOS	Synapse	syn24246252	HTA1	tsv	HTA1_835_69993203011	HTA1_835_6999320301		CellRanger	scCloud cellranger_workflow with default settings, CellRanger 3	18	https://portal.firecloud.org/?return=terra#methods/scCloud/cellranger_workflow/18	Release 3.0	Details	
single_cell_RNAseq_level_3_breast/HTAPP-835-SMP-6999_TST_channel2_features.tsv.gz	HTAN HTAPP		HTA1_835_6999320	scRNA-seq	Level 3	Breast NOS		Carcinoma NOS	Synapse	syn24246255	HTA1	mtx	HTA1_835_69993203012	HTA1_835_6999320301		CellRanger	scCloud cellranger_workflow with default settings, CellRanger 3	18	https://portal.firecloud.org/?return=terra#methods/scCloud/cellranger_workflow/18	Release 3.0	Details	
single_cell_RNAseq_level_3_breast/HTAPP-835-SMP-6999_TST_channel2_matrix.mtx.gz	HTAN HTAPP		HTA1_835_6999320	scRNA-seq	Level 3	Breast NOS		Carcinoma NOS	Synapse	syn24246257	HTA1	tsv	HTA1_835_69993203013	HTA1_835_6999320301		CellRanger	scCloud cellranger_workflow with default settings, CellRanger 3	18	https://portal.firecloud.org/?return=terra#methods/scCloud/cellranger_workflow/18	Release 3.0	Details	
single_cell_RNAseq_level_3_breast/HTAPP-851-SMP-4351_fresh_channel1_barcodes.tsv.gz	HTAN HTAPP		HTA1_851_4351101	scRNA-seq	Level 3	Upper-outer quadrant of breast		Lobular and ductal carcinoma	Synapse	syn24246259	HTA1	tsv	HTA1_851_43511011011	HTA1_851_4351101101		CellRanger	scCloud cellranger_workflow with default settings, CellRanger 3	18	https://portal.firecloud.org/?return=terra#methods/scCloud/cellranger_workflow/18	Release 3.0	Details	
single_cell_RNAseq_level_3_breast/HTAPP-851-SMP-4351_fresh_channel1_features.tsv.gz	HTAN HTAPP		HTA1_851_4351101	scRNA-seq	Level 3	Upper-outer quadrant of breast		Lobular and ductal carcinoma	Synapse	syn24246261	HTA1	mtx	HTA1_851_43511011012	HTA1_851_4351101101		CellRanger	scCloud cellranger_workflow with default settings, CellRanger 3	18	https://portal.firecloud.org/?return=terra#methods/scCloud/cellranger_workflow/18	Release 3.0	Details	
single_cell_RNAseq_level_3_breast/HTAPP-851-SMP-4351_fresh_channel1_matrix.mtx.gz	HTAN HTAPP		HTA1_851_4351101	scRNA-seq	Level 3	Upper-outer quadrant of breast		Lobular and ductal carcinoma	Synapse	syn24246263	HTA1	tsv	HTA1_851_43511011013	HTA1_851_4351101101		CellRanger	scCloud cellranger_workflow with default settings, CellRanger 3	18	https://portal.firecloud.org/?return=terra#methods/scCloud/cellranger_workflow/18	Release 3.0	Details	
single_cell_RNAseq_level_3_breast/HTAPP-853-SMP-4381_fresh_channel1_barcodes.tsv.gz	HTAN HTAPP		HTA1_853_4381101	scRNA-seq	Level 3	Breast NOS		Intraductal carcinoma NOS	Synapse	syn24246265	HTA1	tsv	HTA1_853_43811011011	HTA1_853_4381101101		CellRanger	scCloud cellranger_workflow with default settings, CellRanger 3	18	https://portal.firecloud.org/?return=terra#methods/scCloud/cellranger_workflow/18	Release 3.0	Details	
single_cell_RNAseq_level_3_breast/HTAPP-853-SMP-4381_fresh_channel1_features.tsv.gz	HTAN HTAPP		HTA1_853_4381101	scRNA-seq	Level 3	Breast NOS		Intraductal carcinoma NOS	Synapse	syn24246267	HTA1	mtx	HTA1_853_43811011012	HTA1_853_4381101101		CellRanger	scCloud cellranger_workflow with default settings, CellRanger 3	18	https://portal.firecloud.org/?return=terra#methods/scCloud/cellranger_workflow/18	Release 3.0	Details	
single_cell_RNAseq_level_3_breast/HTAPP-853-SMP-4381_fresh_channel1_matrix.mtx.gz	HTAN HTAPP		HTA1_853_4381101	scRNA-seq	Level 3	Breast NOS		Intraductal carcinoma NOS	Synapse	syn24246269	HTA1	tsv	HTA1_853_43811011013	HTA1_853_4381101101		CellRanger	scCloud cellranger_workflow with default settings, CellRanger 3	18	https://portal.firecloud.org/?return=terra#methods/scCloud/cellranger_workflow/18	Release 3.0	Details	
single_cell_RNAseq_level_3_breast/HTAPP-861-SMP-7028_TST_channel1_features.tsv.gz	HTAN HTAPP		HTA1_861_7028201	scRNA-seq	Level 3	Breast NOS		Lobular and ductal carcinoma	Synapse	syn24246273	HTA1	tsv	HTA1_861_70282011012	HTA1_861_7028201101		CellRanger	scCloud cellranger_workflow with default settings, CellRanger 3	18	https://portal.firecloud.org/?return=terra#methods/scCloud/cellranger_workflow/18	Release 3.0	Details	
single_cell_RNAseq_level_3_breast/HTAPP-861-SMP-7028_TST_channel1_matrix.mtx.gz	HTAN HTAPP		HTA1_861_7028201	scRNA-seq	Level 3	Breast NOS		Lobular and ductal carcinoma	Synapse	syn24246275	HTA1	mtx	HTA1_861_70282011013	HTA1_861_7028201101		CellRanger	scCloud cellranger_workflow with default settings, CellRanger 3	18	https://portal.firecloud.org/?return=terra#methods/scCloud/cellranger_workflow/18	Release 3.0	Details	
single_cell_RNAseq_level_3_breast/HTAPP-861-SMP-7028_TST_channel1_barcodes.tsv.gz	HTAN HTAPP		HTA1_861_7028201	scRNA-seq	Level 3	Breast NOS		Lobular and ductal carcinoma	Synapse	syn24246276	HTA1	tsv	HTA1_861_70282011011	HTA1_861_7028201101		CellRanger	scCloud cellranger_workflow with default settings, CellRanger 3	18	https://portal.firecloud.org/?return=terra#methods/scCloud/cellranger_workflow/18	Release 3.0	Details	
single_cell_RNAseq_level_3_breast/HTAPP-861-SMP-7028_TST_channel2_barcodes.tsv.gz	HTAN HTAPP		HTA1_861_7028201	scRNA-seq	Level 3	Breast NOS		Lobular and ductal carcinoma	Synapse	syn24246278	HTA1	tsv	HTA1_861_70282013011	HTA1_861_7028201301		CellRanger	scCloud cellranger_workflow with default settings, CellRanger 3	18	https://portal.firecloud.org/?return=terra#methods/scCloud/cellranger_workflow/18	Release 3.0	Details	
single_cell_RNAseq_level_3_breast/HTAPP-861-SMP-7028_TST_channel2_features.tsv.gz	HTAN HTAPP		HTA1_861_7028201	scRNA-seq	Level 3	Breast NOS		Lobular and ductal carcinoma	Synapse	syn24246279	HTA1	tsv	HTA1_861_70282013012	HTA1_861_7028201301		CellRanger	scCloud cellranger_workflow with default settings, CellRanger 3	18	https://portal.firecloud.org/?return=terra#methods/scCloud/cellranger_workflow/18	Release 3.0	Details	
single_cell_RNAseq_level_3_breast/HTAPP-861-SMP-7028_TST_channel2_matrix.mtx.gz	HTAN HTAPP		HTA1_861_7028201	scRNA-seq	Level 3	Breast NOS		Lobular and ductal carcinoma	Synapse	syn24246281	HTA1	mtx	HTA1_861_70282013013	HTA1_861_7028201301		CellRanger	scCloud cellranger_workflow with default settings, CellRanger 3	18	https://portal.firecloud.org/?return=terra#methods/scCloud/cellranger_workflow/18	Release 3.0	Details	
single_cell_RNAseq_level_3_breast/HTAPP-862-SMP-7059_TST_channel1_barcodes.tsv.gz	HTAN HTAPP		HTA1_862_7059320	scRNA-seq	Level 3	Overlapping lesion of breast		Ductal carcinoma NOS	Synapse	syn24246283	HTA1	tsv	HTA1_862_70593201011	HTA1_862_7059320101		CellRanger	scCloud cellranger_workflow with default settings, CellRanger 3	18	https://portal.firecloud.org/?return=terra#methods/scCloud/cellranger_workflow/18	Release 3.0	Details	
single_cell_RNAseq_level_3_breast/HTAPP-862-SMP-7059_TST_channel1_features.tsv.gz	HTAN HTAPP		HTA1_862_7059320	scRNA-seq	Level 3	Overlapping lesion of breast		Ductal carcinoma NOS	Synapse	syn24246285	HTA1	tsv	HTA1_862_70593201012	HTA1_862_7059320101		CellRanger	scCloud cellranger_workflow with default settings, CellRanger 3	18	https://portal.firecloud.org/?return=terra#methods/scCloud/cellranger_workflow/18	Release 3.0	Details	
single_cell_RNAseq_level_3_breast/HTAPP-862-SMP-7059_TST_channel1_matrix.mtx.gz	HTAN HTAPP		HTA1_862_7059320	scRNA-seq	Level 3	Overlapping lesion of breast		Ductal carcinoma NOS	Synapse	syn24246287	HTA1	mtx	HTA1_862_70593201013	HTA1_862_7059320101		CellRanger	scCloud cellranger_workflow with default settings, CellRanger 3	18	https://portal.firecloud.org/?return=terra#methods/scCloud/cellranger_workflow/18	Release 3.0	Details	
single_cell_RNAseq_level_3_breast/HTAPP-862-SMP-7059_TST_channel2_barcodes.tsv.gz	HTAN HTAPP		HTA1_862_7059320	scRNA-seq	Level 3	Overlapping lesion of breast		Ductal carcinoma NOS	Synapse	syn24246289	HTA1	tsv	HTA1_862_70593203011	HTA1_862_7059320301		CellRanger	scCloud cellranger_workflow with default settings, CellRanger 3	18	https://portal.firecloud.org/?return=terra#methods/scCloud/cellranger_workflow/18	Release 3.0	Details	
single_cell_RNAseq_level_3_breast/HTAPP-862-SMP-7059_TST_channel2_features.tsv.gz	HTAN HTAPP		HTA1_862_7059320	scRNA-seq	Level 3	Overlapping lesion of breast		Ductal carcinoma NOS	Synapse	syn24246292	HTA1	tsv	HTA1_862_70593203012	HTA1_862_7059320301		CellRanger	scCloud cellranger_workflow with default settings, CellRanger 3	18	https://portal.firecloud.org/?return=terra#methods/scCloud/cellranger_workflow/18	Release 3.0	Details	
single_cell_RNAseq_level_3_breast/HTAPP-862-SMP-7059_TST_channel2_matrix.mtx.gz	HTAN HTAPP		HTA1_862_7059320	scRNA-seq	Level 3	Overlapping lesion of breast		Ductal carcinoma NOS	Synapse	syn24246294	HTA1	mtx	HTA1_862_70593203013	HTA1_862_7059320301		CellRanger	scCloud cellranger_workflow with default settings, CellRanger 3	18	https://portal.firecloud.org/?return=terra#methods/scCloud/cellranger_workflow/18	Release 3.0	Details	
single_cell_RNAseq_level_3_breast/HTAPP-862-SMP-7060_TST_channel1_barcodes.tsv.gz	HTAN HTAPP		HTA1_862_7060320	scRNA-seq	Level 3	Overlapping lesion of breast		Ductal carcinoma NOS	Synapse	syn24246296	HTA1	tsv	HTA1_862_70603201011	HTA1_862_7060320101		CellRanger	scCloud cellranger_workflow with default settings, CellRanger 3	18	https://portal.firecloud.org/?return=terra#methods/scCloud/cellranger_workflow/18	Release 3.0	Details	
single_cell_RNAseq_level_3_breast/HTAPP-862-SMP-7060_TST_channel1_features.tsv.gz	HTAN HTAPP		HTA1_862_7060320	scRNA-seq	Level 3	Overlapping lesion of breast		Ductal carcinoma NOS	Synapse	syn24246298	HTA1	tsv	HTA1_862_70603201012	HTA1_862_7060320101		CellRanger	scCloud cellranger_workflow with default settings, CellRanger 3	18	https://portal.firecloud.org/?return=terra#methods/scCloud/cellranger_workflow/18	Release 3.0	Details	
single_cell_RNAseq_level_3_breast/HTAPP-862-SMP-7060_TST_channel1_matrix.mtx.gz	HTAN HTAPP		HTA1_862_7060320	scRNA-seq	Level 3	Overlapping lesion of breast		Ductal carcinoma NOS	Synapse	syn24246300	HTA1	tsv	HTA1_862_70603201013	HTA1_862_7060320101		CellRanger	scCloud cellranger_workflow with default settings, CellRanger 3	18	https://portal.firecloud.org/?return=terra#methods/scCloud/cellranger_workflow/18	Release 3.0	Details	
single_cell_RNAseq_level_3_breast/HTAPP-862-SMP-7060_TST_channel2_barcodes.tsv.gz	HTAN HTAPP		HTA1_862_7060320	scRNA-seq	Level 3	Overlapping lesion of breast		Ductal carcinoma NOS	Synapse	syn24246302	HTA1	mtx	HTA1_862_70603203011	HTA1_862_7060320301		CellRanger	scCloud cellranger_workflow with default settings, CellRanger 3	18	https://portal.firecloud.org/?return=terra#methods/scCloud/cellranger_workflow/18	Release 3.0	Details	
single_cell_RNAseq_level_3_breast/HTAPP-862-SMP-7060_TST_channel2_features.tsv.gz	HTAN HTAPP		HTA1_862_7060320	scRNA-seq	Level 3	Overlapping lesion of breast		Ductal carcinoma NOS	Synapse	syn24246304	HTA1	tsv	HTA1_862_70603203012	HTA1_862_7060320301		CellRanger	scCloud cellranger_workflow with default settings, CellRanger 3	18	https://portal.firecloud.org/?return=terra#methods/scCloud/cellranger_workflow/18	Release 3.0	Details	
single_cell_RNAseq_level_3_breast/HTAPP-862-SMP-7060_TST_channel2_matrix.mtx.gz	HTAN HTAPP		HTA1_862_7060320	scRNA-seq	Level 3	Overlapping lesion of breast		Ductal carcinoma NOS	Synapse	syn24246306	HTA1	tsv	HTA1_862_70603203013	HTA1_862_7060320301		CellRanger	scCloud cellranger_workflow with default settings, CellRanger 3	18	https://portal.firecloud.org/?return=terra#methods/scCloud/cellranger_workflow/18	Release 3.0	Details	
single_cell_RNAseq_level_3_breast/HTAPP-870-SMP-7089_TST_channel1_barcodes.tsv.gz	HTAN HTAPP		HTA1_870_7089320	scRNA-seq	Level 3	Upper-outer quadrant of breast		Ductal carcinoma NOS	Synapse	syn24246308	HTA1	mtx	HTA1_870_70893201011	HTA1_870_7089320101		CellRanger	scCloud cellranger_workflow with default settings, CellRanger 3	18	https://portal.firecloud.org/?return=terra#methods/scCloud/cellranger_workflow/18	Release 3.0	Details	
single_cell_RNAseq_level_3_breast/HTAPP-870-SMP-7089_TST_channel1_features.tsv.gz	HTAN HTAPP		HTA1_870_7089320	scRNA-seq	Level 3	Upper-outer quadrant of breast		Ductal carcinoma NOS	Synapse	syn24246311	HTA1	tsv	HTA1_870_70893201012	HTA1_870_7089320101		CellRanger	scCloud cellranger_workflow with default settings, CellRanger 3	18	https://portal.firecloud.org/?return=terra#methods/scCloud/cellranger_workflow/18	Release 3.0	Details	
single_cell_RNAseq_level_3_breast/HTAPP-870-SMP-7089_TST_channel1_matrix.mtx.gz	HTAN HTAPP		HTA1_870_7089320	scRNA-seq	Level 3	Upper-outer quadrant of breast		Ductal carcinoma NOS	Synapse	syn24246312	HTA1	tsv	HTA1_870_70893201013	HTA1_870_7089320101		CellRanger	scCloud cellranger_workflow with default settings, CellRanger 3	18	https://portal.firecloud.org/?return=terra#methods/scCloud/cellranger_workflow/18	Release 3.0	Details	
single_cell_RNAseq_level_3_breast/HTAPP-870-SMP-7089_TST_channel2_features.tsv.gz	HTAN HTAPP		HTA1_870_7089320	scRNA-seq	Level 3	Upper-outer quadrant of breast		Ductal carcinoma NOS	Synapse	syn24246315	HTA1	tsv	HTA1_870_70893203012	HTA1_870_7089320301		CellRanger	scCloud cellranger_workflow with default settings, CellRanger 3	18	https://portal.firecloud.org/?return=terra#methods/scCloud/cellranger_workflow/18	Release 3.0	Details	
single_cell_RNAseq_level_3_breast/HTAPP-870-SMP-7089_TST_channel2_matrix.mtx.gz	HTAN HTAPP		HTA1_870_7089320	scRNA-seq	Level 3	Upper-outer quadrant of breast		Ductal carcinoma NOS	Synapse	syn24246317	HTA1	tsv	HTA1_870_70893203013	HTA1_870_7089320301		CellRanger	scCloud cellranger_workflow with default settings, CellRanger 3	18	https://portal.firecloud.org/?return=terra#methods/scCloud/cellranger_workflow/18	Release 3.0	Details	
single_cell_RNAseq_level_3_breast/HTAPP-870-SMP-7089_TST_channel2_barcodes.tsv.gz	HTAN HTAPP		HTA1_870_7089320	scRNA-seq	Level 3	Upper-outer quadrant of breast		Ductal carcinoma NOS	Synapse	syn24246319	HTA1	mtx	HTA1_870_70893203011	HTA1_870_7089320301		CellRanger	scCloud cellranger_workflow with default settings, CellRanger 3	18	https://portal.firecloud.org/?return=terra#methods/scCloud/cellranger_workflow/18	Release 3.0	Details	
single_cell_RNAseq_level_3_breast/HTAPP-873-SMP-7119_TST_channel1_barcodes.tsv.gz	HTAN HTAPP		HTA1_873_7119320	scRNA-seq	Level 3	Overlapping lesion of breast		Ductal carcinoma NOS	Synapse	syn24246321	HTA1	mtx	HTA1_873_71193201011	HTA1_873_7119320101		CellRanger	scCloud cellranger_workflow with default settings, CellRanger 3	18	https://portal.firecloud.org/?return=terra#methods/scCloud/cellranger_workflow/18	Release 3.0	Details	
single_cell_RNAseq_level_3_breast/HTAPP-873-SMP-7119_TST_channel1_features.tsv.gz	HTAN HTAPP		HTA1_873_7119320	scRNA-seq	Level 3	Overlapping lesion of breast		Ductal carcinoma NOS	Synapse	syn24246323	HTA1	tsv	HTA1_873_71193201012	HTA1_873_7119320101		CellRanger	scCloud cellranger_workflow with default settings, CellRanger 3	18	https://portal.firecloud.org/?return=terra#methods/scCloud/cellranger_workflow/18	Release 3.0	Details	
single_cell_RNAseq_level_3_breast/HTAPP-873-SMP-7119_TST_channel1_matrix.mtx.gz	HTAN HTAPP		HTA1_873_7119320	scRNA-seq	Level 3	Overlapping lesion of breast		Ductal carcinoma NOS	Synapse	syn24246325	HTA1	tsv	HTA1_873_71193201013	HTA1_873_7119320101		CellRanger	scCloud cellranger_workflow with default settings, CellRanger 3	18	https://portal.firecloud.org/?return=terra#methods/scCloud/cellranger_workflow/18	Release 3.0	Details	
single_cell_RNAseq_level_3_breast/HTAPP-873-SMP-7119_TST_channel2_barcodes.tsv.gz	HTAN HTAPP		HTA1_873_7119320	scRNA-seq	Level 3	Overlapping lesion of breast		Ductal carcinoma NOS	Synapse	syn24246327	HTA1	tsv	HTA1_873_71193203011	HTA1_873_7119320301		CellRanger	scCloud cellranger_workflow with default settings, CellRanger 3	18	https://portal.firecloud.org/?return=terra#methods/scCloud/cellranger_workflow/18	Release 3.0	Details	
single_cell_RNAseq_level_3_breast/HTAPP-873-SMP-7119_TST_channel2_features.tsv.gz	HTAN HTAPP		HTA1_873_7119320	scRNA-seq	Level 3	Overlapping lesion of breast		Ductal carcinoma NOS	Synapse	syn24246329	HTA1	mtx	HTA1_873_71193203012	HTA1_873_7119320301		CellRanger	scCloud cellranger_workflow with default settings, CellRanger 3	18	https://portal.firecloud.org/?return=terra#methods/scCloud/cellranger_workflow/18	Release 3.0	Details	
single_cell_RNAseq_level_3_breast/HTAPP-873-SMP-7119_TST_channel2_matrix.mtx.gz	HTAN HTAPP		HTA1_873_7119320	scRNA-seq	Level 3	Overlapping lesion of breast		Ductal carcinoma NOS	Synapse	syn24246331	HTA1	tsv	HTA1_873_71193203013	HTA1_873_7119320301		CellRanger	scCloud cellranger_workflow with default settings, CellRanger 3	18	https://portal.firecloud.org/?return=terra#methods/scCloud/cellranger_workflow/18	Release 3.0	Details	
single_cell_RNAseq_level_3_breast/HTAPP-878-SMP-7149_TST_channel1_barcodes.tsv.gz	HTAN HTAPP		HTA1_878_7149601	scRNA-seq	Level 3	Breast NOS		Ductal carcinoma NOS	Synapse	syn24246333	HTA1	tsv	HTA1_878_71496011011	HTA1_878_7149601101		CellRanger	scCloud cellranger_workflow with default settings, CellRanger 3	18	https://portal.firecloud.org/?return=terra#methods/scCloud/cellranger_workflow/18	Release 3.0	Details	
single_cell_RNAseq_level_3_breast/HTAPP-878-SMP-7149_TST_channel1_features.tsv.gz	HTAN HTAPP		HTA1_878_7149601	scRNA-seq	Level 3	Breast NOS		Ductal carcinoma NOS	Synapse	syn24246335	HTA1	mtx	HTA1_878_71496011012	HTA1_878_7149601101		CellRanger	scCloud cellranger_workflow with default settings, CellRanger 3	18	https://portal.firecloud.org/?return=terra#methods/scCloud/cellranger_workflow/18	Release 3.0	Details	
single_cell_RNAseq_level_3_breast/HTAPP-878-SMP-7149_TST_channel1_matrix.mtx.gz	HTAN HTAPP		HTA1_878_7149601	scRNA-seq	Level 3	Breast NOS		Ductal carcinoma NOS	Synapse	syn24246337	HTA1	tsv	HTA1_878_71496011013	HTA1_878_7149601101		CellRanger	scCloud cellranger_workflow with default settings, CellRanger 3	18	https://portal.firecloud.org/?return=terra#methods/scCloud/cellranger_workflow/18	Release 3.0	Details	
single_cell_RNAseq_level_3_breast/HTAPP-878-SMP-7149_TST_channel2_barcodes.tsv.gz	HTAN HTAPP		HTA1_878_7149601	scRNA-seq	Level 3	Breast NOS		Ductal carcinoma NOS	Synapse	syn24246339	HTA1	tsv	HTA1_878_71496013011	HTA1_878_7149601301		CellRanger	scCloud cellranger_workflow with default settings, CellRanger 3	18	https://portal.firecloud.org/?return=terra#methods/scCloud/cellranger_workflow/18	Release 3.0	Details	
single_cell_RNAseq_level_3_breast/HTAPP-878-SMP-7149_TST_channel2_features.tsv.gz	HTAN HTAPP		HTA1_878_7149601	scRNA-seq	Level 3	Breast NOS		Ductal carcinoma NOS	Synapse	syn24246340	HTA1	mtx	HTA1_878_71496013012	HTA1_878_7149601301		CellRanger	scCloud cellranger_workflow with default settings, CellRanger 3	18	https://portal.firecloud.org/?return=terra#methods/scCloud/cellranger_workflow/18	Release 3.0	Details	
single_cell_RNAseq_level_3_breast/HTAPP-878-SMP-7149_TST_channel2_matrix.mtx.gz	HTAN HTAPP		HTA1_878_7149601	scRNA-seq	Level 3	Breast NOS		Ductal carcinoma NOS	Synapse	syn24246342	HTA1	tsv	HTA1_878_71496013013	HTA1_878_7149601301		CellRanger	scCloud cellranger_workflow with default settings, CellRanger 3	18	https://portal.firecloud.org/?return=terra#methods/scCloud/cellranger_workflow/18	Release 3.0	Details	
single_cell_RNAseq_level_3_breast/HTAPP-880-SMP-7179_TST_channel1_barcodes.tsv.gz	HTAN HTAPP		HTA1_880_7179601	scRNA-seq	Level 3	Breast NOS		Lobular carcinoma NOS	Synapse	syn24246344	HTA1	tsv	HTA1_880_71796011011	HTA1_880_7179601101		CellRanger	scCloud cellranger_workflow with default settings, CellRanger 3	18	https://portal.firecloud.org/?return=terra#methods/scCloud/cellranger_workflow/18	Release 3.0	Details	
single_cell_RNAseq_level_3_breast/HTAPP-880-SMP-7179_TST_channel1_features.tsv.gz	HTAN HTAPP		HTA1_880_7179601	scRNA-seq	Level 3	Breast NOS		Lobular carcinoma NOS	Synapse	syn24246346	HTA1	mtx	HTA1_880_71796011012	HTA1_880_7179601101		CellRanger	scCloud cellranger_workflow with default settings, CellRanger 3	18	https://portal.firecloud.org/?return=terra#methods/scCloud/cellranger_workflow/18	Release 3.0	Details	
single_cell_RNAseq_level_3_breast/HTAPP-880-SMP-7179_TST_channel1_matrix.mtx.gz	HTAN HTAPP		HTA1_880_7179601	scRNA-seq	Level 3	Breast NOS		Lobular carcinoma NOS	Synapse	syn24246348	HTA1	tsv	HTA1_880_71796011013	HTA1_880_7179601101		CellRanger	scCloud cellranger_workflow with default settings, CellRanger 3	18	https://portal.firecloud.org/?return=terra#methods/scCloud/cellranger_workflow/18	Release 3.0	Details	
single_cell_RNAseq_level_3_breast/HTAPP-880-SMP-7179_TST_channel2_barcodes.tsv.gz	HTAN HTAPP		HTA1_880_7179601	scRNA-seq	Level 3	Breast NOS		Lobular carcinoma NOS	Synapse	syn24246350	HTA1	tsv	HTA1_880_71796013011	HTA1_880_7179601301		CellRanger	scCloud cellranger_workflow with default settings, CellRanger 3	18	https://portal.firecloud.org/?return=terra#methods/scCloud/cellranger_workflow/18	Release 3.0	Details	
single_cell_RNAseq_level_3_breast/HTAPP-880-SMP-7179_TST_channel2_features.tsv.gz	HTAN HTAPP		HTA1_880_7179601	scRNA-seq	Level 3	Breast NOS		Lobular carcinoma NOS	Synapse	syn24246352	HTA1	tsv	HTA1_880_71796013012	HTA1_880_7179601301		CellRanger	scCloud cellranger_workflow with default settings, CellRanger 3	18	https://portal.firecloud.org/?return=terra#methods/scCloud/cellranger_workflow/18	Release 3.0	Details	
single_cell_RNAseq_level_3_breast/HTAPP-880-SMP-7179_TST_channel2_matrix.mtx.gz	HTAN HTAPP		HTA1_880_7179601	scRNA-seq	Level 3	Breast NOS		Lobular carcinoma NOS	Synapse	syn24246354	HTA1	mtx	HTA1_880_71796013013	HTA1_880_7179601301		CellRanger	scCloud cellranger_workflow with default settings, CellRanger 3	18	https://portal.firecloud.org/?return=terra#methods/scCloud/cellranger_workflow/18	Release 3.0	Details	
single_cell_RNAseq_level_3_breast/HTAPP-887-SMP-7239_TST_channel1_barcodes.tsv.gz	HTAN HTAPP		HTA1_887_7239320	scRNA-seq	Level 3	Breast NOS		Ductal carcinoma NOS	Synapse	syn24246357	HTA1	tsv	HTA1_887_72393201011	HTA1_887_7239320101		CellRanger	scCloud cellranger_workflow with default settings, CellRanger 3	18	https://portal.firecloud.org/?return=terra#methods/scCloud/cellranger_workflow/18	Release 3.0	Details	
single_cell_RNAseq_level_3_breast/HTAPP-887-SMP-7239_TST_channel1_matrix.mtx.gz	HTAN HTAPP		HTA1_887_7239320	scRNA-seq	Level 3	Breast NOS		Ductal carcinoma NOS	Synapse	syn24246361	HTA1	mtx	HTA1_887_72393201013	HTA1_887_7239320101		CellRanger	scCloud cellranger_workflow with default settings, CellRanger 3	18	https://portal.firecloud.org/?return=terra#methods/scCloud/cellranger_workflow/18	Release 3.0	Details	
single_cell_RNAseq_level_3_breast/HTAPP-887-SMP-7239_TST_channel2_barcodes.tsv.gz	HTAN HTAPP		HTA1_887_7239320	scRNA-seq	Level 3	Breast NOS		Ductal carcinoma NOS	Synapse	syn24246363	HTA1	tsv	HTA1_887_72393203011	HTA1_887_7239320301		CellRanger	scCloud cellranger_workflow with default settings, CellRanger 3	18	https://portal.firecloud.org/?return=terra#methods/scCloud/cellranger_workflow/18	Release 3.0	Details	
single_cell_RNAseq_level_3_breast/HTAPP-887-SMP-7239_TST_channel2_features.tsv.gz	HTAN HTAPP		HTA1_887_7239320	scRNA-seq	Level 3	Breast NOS		Ductal carcinoma NOS	Synapse	syn24246366	HTA1	tsv	HTA1_887_72393203012	HTA1_887_7239320301		CellRanger	scCloud cellranger_workflow with default settings, CellRanger 3	18	https://portal.firecloud.org/?return=terra#methods/scCloud/cellranger_workflow/18	Release 3.0	Details	
single_cell_RNAseq_level_3_breast/HTAPP-887-SMP-7239_TST_channel2_matrix.mtx.gz	HTAN HTAPP		HTA1_887_7239320	scRNA-seq	Level 3	Breast NOS		Ductal carcinoma NOS	Synapse	syn24246370	HTA1	mtx	HTA1_887_72393203013	HTA1_887_7239320301		CellRanger	scCloud cellranger_workflow with default settings, CellRanger 3	18	https://portal.firecloud.org/?return=terra#methods/scCloud/cellranger_workflow/18	Release 3.0	Details	
single_cell_RNAseq_level_3_breast/HTAPP-887-SMP-7239_TST_channel1_features.tsv.gz	HTAN HTAPP		HTA1_887_7239320	scRNA-seq	Level 3	Breast NOS		Ductal carcinoma NOS	Synapse	syn24246371	HTA1	tsv	HTA1_887_72393201012	HTA1_887_7239320101		CellRanger	scCloud cellranger_workflow with default settings, CellRanger 3	18	https://portal.firecloud.org/?return=terra#methods/scCloud/cellranger_workflow/18	Release 3.0	Details	
single_cell_RNAseq_level_3_breast/HTAPP-887-SMP-7250_TST_channel1_barcodes.tsv.gz	HTAN HTAPP		HTA1_887_7250320	scRNA-seq	Level 3	Breast NOS		Ductal carcinoma NOS	Synapse	syn24246376	HTA1	tsv	HTA1_887_72503201011	HTA1_887_7250320101		CellRanger	scCloud cellranger_workflow with default settings, CellRanger 3	18	https://portal.firecloud.org/?return=terra#methods/scCloud/cellranger_workflow/18	Release 3.0	Details	
single_cell_RNAseq_level_3_breast/HTAPP-887-SMP-7250_TST_channel1_features.tsv.gz	HTAN HTAPP		HTA1_887_7250320	scRNA-seq	Level 3	Breast NOS		Ductal carcinoma NOS	Synapse	syn24246378	HTA1	tsv	HTA1_887_72503201012	HTA1_887_7250320101		CellRanger	scCloud cellranger_workflow with default settings, CellRanger 3	18	https://portal.firecloud.org/?return=terra#methods/scCloud/cellranger_workflow/18	Release 3.0	Details	
single_cell_RNAseq_level_3_breast/HTAPP-887-SMP-7250_TST_channel1_matrix.mtx.gz	HTAN HTAPP		HTA1_887_7250320	scRNA-seq	Level 3	Breast NOS		Ductal carcinoma NOS	Synapse	syn24246381	HTA1	mtx	HTA1_887_72503201013	HTA1_887_7250320101		CellRanger	scCloud cellranger_workflow with default settings, CellRanger 3	18	https://portal.firecloud.org/?return=terra#methods/scCloud/cellranger_workflow/18	Release 3.0	Details	
single_cell_RNAseq_level_3_breast/HTAPP-889-SMP-7269_TST_channel1_barcodes.tsv.gz	HTAN HTAPP		HTA1_889_7269320	scRNA-seq	Level 3	Overlapping lesion of breast		Ductal carcinoma NOS	Synapse	syn24246383	HTA1	tsv	HTA1_889_72693201011	HTA1_889_7269320101		CellRanger	scCloud cellranger_workflow with default settings, CellRanger 3	18	https://portal.firecloud.org/?return=terra#methods/scCloud/cellranger_workflow/18	Release 3.0	Details	
single_cell_RNAseq_level_3_breast/HTAPP-889-SMP-7269_TST_channel1_features.tsv.gz	HTAN HTAPP		HTA1_889_7269320	scRNA-seq	Level 3	Overlapping lesion of breast		Ductal carcinoma NOS	Synapse	syn24246385	HTA1	tsv	HTA1_889_72693201012	HTA1_889_7269320101		CellRanger	scCloud cellranger_workflow with default settings, CellRanger 3	18	https://portal.firecloud.org/?return=terra#methods/scCloud/cellranger_workflow/18	Release 3.0	Details	
single_cell_RNAseq_level_3_breast/HTAPP-889-SMP-7269_TST_channel1_matrix.mtx.gz	HTAN HTAPP		HTA1_889_7269320	scRNA-seq	Level 3	Overlapping lesion of breast		Ductal carcinoma NOS	Synapse	syn24246390	HTA1	tsv	HTA1_889_72693201013	HTA1_889_7269320101		CellRanger	scCloud cellranger_workflow with default settings, CellRanger 3	18	https://portal.firecloud.org/?return=terra#methods/scCloud/cellranger_workflow/18	Release 3.0	Details	
single_cell_RNAseq_level_3_breast/HTAPP-889-SMP-7269_TST_channel2_barcodes.tsv.gz	HTAN HTAPP		HTA1_889_7269320	scRNA-seq	Level 3	Overlapping lesion of breast		Ductal carcinoma NOS	Synapse	syn24246393	HTA1	mtx	HTA1_889_72693203011	HTA1_889_7269320301		CellRanger	scCloud cellranger_workflow with default settings, CellRanger 3	18	https://portal.firecloud.org/?return=terra#methods/scCloud/cellranger_workflow/18	Release 3.0	Details	
single_cell_RNAseq_level_3_breast/HTAPP-889-SMP-7269_TST_channel2_features.tsv.gz	HTAN HTAPP		HTA1_889_7269320	scRNA-seq	Level 3	Overlapping lesion of breast		Ductal carcinoma NOS	Synapse	syn24246395	HTA1	tsv	HTA1_889_72693203012	HTA1_889_7269320301		CellRanger	scCloud cellranger_workflow with default settings, CellRanger 3	18	https://portal.firecloud.org/?return=terra#methods/scCloud/cellranger_workflow/18	Release 3.0	Details	
single_cell_RNAseq_level_3_breast/HTAPP-889-SMP-7269_TST_channel2_matrix.mtx.gz	HTAN HTAPP		HTA1_889_7269320	scRNA-seq	Level 3	Overlapping lesion of breast		Ductal carcinoma NOS	Synapse	syn24246399	HTA1	tsv	HTA1_889_72693203013	HTA1_889_7269320301		CellRanger	scCloud cellranger_workflow with default settings, CellRanger 3	18	https://portal.firecloud.org/?return=terra#methods/scCloud/cellranger_workflow/18	Release 3.0	Details	
single_cell_RNAseq_level_3_breast/HTAPP-889-SMP-7270_TST_channel1_barcodes.tsv.gz	HTAN HTAPP		HTA1_889_7270320	scRNA-seq	Level 3	Overlapping lesion of breast		Ductal carcinoma NOS	Synapse	syn24246401	HTA1	mtx	HTA1_889_72703201011	HTA1_889_7270320101		CellRanger	scCloud cellranger_workflow with default settings, CellRanger 3	18	https://portal.firecloud.org/?return=terra#methods/scCloud/cellranger_workflow/18	Release 3.0	Details	
single_cell_RNAseq_level_3_breast/HTAPP-889-SMP-7270_TST_channel1_features.tsv.gz	HTAN HTAPP		HTA1_889_7270320	scRNA-seq	Level 3	Overlapping lesion of breast		Ductal carcinoma NOS	Synapse	syn24246403	HTA1	tsv	HTA1_889_72703201012	HTA1_889_7270320101		CellRanger	scCloud cellranger_workflow with default settings, CellRanger 3	18	https://portal.firecloud.org/?return=terra#methods/scCloud/cellranger_workflow/18	Release 3.0	Details	
single_cell_RNAseq_level_3_breast/HTAPP-889-SMP-7270_TST_channel1_matrix.mtx.gz	HTAN HTAPP		HTA1_889_7270320	scRNA-seq	Level 3	Overlapping lesion of breast		Ductal carcinoma NOS	Synapse	syn24246405	HTA1	tsv	HTA1_889_72703201013	HTA1_889_7270320101		CellRanger	scCloud cellranger_workflow with default settings, CellRanger 3	18	https://portal.firecloud.org/?return=terra#methods/scCloud/cellranger_workflow/18	Release 3.0	Details	
single_cell_RNAseq_level_3_breast/HTAPP-889-SMP-7270_TST_channel2_barcodes.tsv.gz	HTAN HTAPP		HTA1_889_7270320	scRNA-seq	Level 3	Overlapping lesion of breast		Ductal carcinoma NOS	Synapse	syn24246406	HTA1	mtx	HTA1_889_72703203011	HTA1_889_7270320301		CellRanger	scCloud cellranger_workflow with default settings, CellRanger 3	18	https://portal.firecloud.org/?return=terra#methods/scCloud/cellranger_workflow/18	Release 3.0	Details	
single_cell_RNAseq_level_3_breast/HTAPP-889-SMP-7270_TST_channel2_features.tsv.gz	HTAN HTAPP		HTA1_889_7270320	scRNA-seq	Level 3	Overlapping lesion of breast		Ductal carcinoma NOS	Synapse	syn24246408	HTA1	tsv	HTA1_889_72703203012	HTA1_889_7270320301		CellRanger	scCloud cellranger_workflow with default settings, CellRanger 3	18	https://portal.firecloud.org/?return=terra#methods/scCloud/cellranger_workflow/18	Release 3.0	Details	
single_cell_RNAseq_level_3_breast/HTAPP-889-SMP-7270_TST_channel2_matrix.mtx.gz	HTAN HTAPP		HTA1_889_7270320	scRNA-seq	Level 3	Overlapping lesion of breast		Ductal carcinoma NOS	Synapse	syn24246410	HTA1	tsv	HTA1_889_72703203013	HTA1_889_7270320301		CellRanger	scCloud cellranger_workflow with default settings, CellRanger 3	18	https://portal.firecloud.org/?return=terra#methods/scCloud/cellranger_workflow/18	Release 3.0	Details	
single_cell_RNAseq_level_3_breast/HTAPP-890-SMP-7299_TST_channel1_barcodes.tsv.gz	HTAN HTAPP		HTA1_890_7299320	scRNA-seq	Level 3	Lower-outer quadrant of breast		Ductal carcinoma NOS	Synapse	syn24246413	HTA1	mtx	HTA1_890_72993201011	HTA1_890_7299320101		CellRanger	scCloud cellranger_workflow with default settings, CellRanger 3	18	https://portal.firecloud.org/?return=terra#methods/scCloud/cellranger_workflow/18	Release 3.0	Details	
single_cell_RNAseq_level_3_breast/HTAPP-890-SMP-7299_TST_channel1_features.tsv.gz	HTAN HTAPP		HTA1_890_7299320	scRNA-seq	Level 3	Lower-outer quadrant of breast		Ductal carcinoma NOS	Synapse	syn24246415	HTA1	tsv	HTA1_890_72993201012	HTA1_890_7299320101		CellRanger	scCloud cellranger_workflow with default settings, CellRanger 3	18	https://portal.firecloud.org/?return=terra#methods/scCloud/cellranger_workflow/18	Release 3.0	Details	
single_cell_RNAseq_level_3_breast/HTAPP-890-SMP-7299_TST_channel1_matrix.mtx.gz	HTAN HTAPP		HTA1_890_7299320	scRNA-seq	Level 3	Lower-outer quadrant of breast		Ductal carcinoma NOS	Synapse	syn24246416	HTA1	tsv	HTA1_890_72993201013	HTA1_890_7299320101		CellRanger	scCloud cellranger_workflow with default settings, CellRanger 3	18	https://portal.firecloud.org/?return=terra#methods/scCloud/cellranger_workflow/18	Release 3.0	Details	
single_cell_RNAseq_level_3_breast/HTAPP-890-SMP-7299_TST_channel2_barcodes.tsv.gz	HTAN HTAPP		HTA1_890_7299320	scRNA-seq	Level 3	Lower-outer quadrant of breast		Ductal carcinoma NOS	Synapse	syn24246418	HTA1	tsv	HTA1_890_72993203011	HTA1_890_7299320301		CellRanger	scCloud cellranger_workflow with default settings, CellRanger 3	18	https://portal.firecloud.org/?return=terra#methods/scCloud/cellranger_workflow/18	Release 3.0	Details	
single_cell_RNAseq_level_3_breast/HTAPP-890-SMP-7299_TST_channel2_features.tsv.gz	HTAN HTAPP		HTA1_890_7299320	scRNA-seq	Level 3	Lower-outer quadrant of breast		Ductal carcinoma NOS	Synapse	syn24246420	HTA1	mtx	HTA1_890_72993203012	HTA1_890_7299320301		CellRanger	scCloud cellranger_workflow with default settings, CellRanger 3	18	https://portal.firecloud.org/?return=terra#methods/scCloud/cellranger_workflow/18	Release 3.0	Details	
single_cell_RNAseq_level_3_breast/HTAPP-890-SMP-7299_TST_channel2_matrix.mtx.gz	HTAN HTAPP		HTA1_890_7299320	scRNA-seq	Level 3	Lower-outer quadrant of breast		Ductal carcinoma NOS	Synapse	syn24246423	HTA1	tsv	HTA1_890_72993203013	HTA1_890_7299320301		CellRanger	scCloud cellranger_workflow with default settings, CellRanger 3	18	https://portal.firecloud.org/?return=terra#methods/scCloud/cellranger_workflow/18	Release 3.0	Details	
single_cell_RNAseq_level_3_breast/HTAPP-895-SMP-7359_TST_channel1_barcodes.tsv.gz	HTAN HTAPP		HTA1_895_7359320	scRNA-seq	Level 3	Overlapping lesion of breast		Ductal carcinoma NOS	Synapse	syn24246425	HTA1	tsv	HTA1_895_73593201011	HTA1_895_7359320101		CellRanger	scCloud cellranger_workflow with default settings, CellRanger 3	18	https://portal.firecloud.org/?return=terra#methods/scCloud/cellranger_workflow/18	Release 3.0	Details	
single_cell_RNAseq_level_3_breast/HTAPP-895-SMP-7359_TST_channel1_features.tsv.gz	HTAN HTAPP		HTA1_895_7359320	scRNA-seq	Level 3	Overlapping lesion of breast		Ductal carcinoma NOS	Synapse	syn24246426	HTA1	mtx	HTA1_895_73593201012	HTA1_895_7359320101		CellRanger	scCloud cellranger_workflow with default settings, CellRanger 3	18	https://portal.firecloud.org/?return=terra#methods/scCloud/cellranger_workflow/18	Release 3.0	Details	
single_cell_RNAseq_level_3_breast/HTAPP-895-SMP-7359_TST_channel1_matrix.mtx.gz	HTAN HTAPP		HTA1_895_7359320	scRNA-seq	Level 3	Overlapping lesion of breast		Ductal carcinoma NOS	Synapse	syn24246428	HTA1	tsv	HTA1_895_73593201013	HTA1_895_7359320101		CellRanger	scCloud cellranger_workflow with default settings, CellRanger 3	18	https://portal.firecloud.org/?return=terra#methods/scCloud/cellranger_workflow/18	Release 3.0	Details	
single_cell_RNAseq_level_3_breast/HTAPP-895-SMP-7359_TST_channel2_barcodes.tsv.gz	HTAN HTAPP		HTA1_895_7359320	scRNA-seq	Level 3	Overlapping lesion of breast		Ductal carcinoma NOS	Synapse	syn24246431	HTA1	tsv	HTA1_895_73593203011	HTA1_895_7359320301		CellRanger	scCloud cellranger_workflow with default settings, CellRanger 3	18	https://portal.firecloud.org/?return=terra#methods/scCloud/cellranger_workflow/18	Release 3.0	Details	
single_cell_RNAseq_level_3_breast/HTAPP-895-SMP-7359_TST_channel2_features.tsv.gz	HTAN HTAPP		HTA1_895_7359320	scRNA-seq	Level 3	Overlapping lesion of breast		Ductal carcinoma NOS	Synapse	syn24246432	HTA1	mtx	HTA1_895_73593203012	HTA1_895_7359320301		CellRanger	scCloud cellranger_workflow with default settings, CellRanger 3	18	https://portal.firecloud.org/?return=terra#methods/scCloud/cellranger_workflow/18	Release 3.0	Details	
single_cell_RNAseq_level_3_breast/HTAPP-895-SMP-7359_TST_channel2_matrix.mtx.gz	HTAN HTAPP		HTA1_895_7359320	scRNA-seq	Level 3	Overlapping lesion of breast		Ductal carcinoma NOS	Synapse	syn24246434	HTA1	tsv	HTA1_895_73593203013	HTA1_895_7359320301		CellRanger	scCloud cellranger_workflow with default settings, CellRanger 3	18	https://portal.firecloud.org/?return=terra#methods/scCloud/cellranger_workflow/18	Release 3.0	Details	
single_cell_RNAseq_level_3_breast/HTAPP-908-SMP-4412_fresh_channel1_barcodes.tsv.gz	HTAN HTAPP		HTA1_908_4412101	scRNA-seq	Level 3	Breast NOS		Ductal carcinoma NOS	Synapse	syn24246437	HTA1	tsv	HTA1_908_44121011011	HTA1_908_4412101101		CellRanger	scCloud cellranger_workflow with default settings, CellRanger 3	18	https://portal.firecloud.org/?return=terra#methods/scCloud/cellranger_workflow/18	Release 3.0	Details	
single_cell_RNAseq_level_3_breast/HTAPP-908-SMP-4412_fresh_channel1_features.tsv.gz	HTAN HTAPP		HTA1_908_4412101	scRNA-seq	Level 3	Breast NOS		Ductal carcinoma NOS	Synapse	syn24246439	HTA1	mtx	HTA1_908_44121011012	HTA1_908_4412101101		CellRanger	scCloud cellranger_workflow with default settings, CellRanger 3	18	https://portal.firecloud.org/?return=terra#methods/scCloud/cellranger_workflow/18	Release 3.0	Details	
single_cell_RNAseq_level_3_breast/HTAPP-908-SMP-4412_fresh_channel1_matrix.mtx.gz	HTAN HTAPP		HTA1_908_4412101	scRNA-seq	Level 3	Breast NOS		Ductal carcinoma NOS	Synapse	syn24246441	HTA1	tsv	HTA1_908_44121011013	HTA1_908_4412101101		CellRanger	scCloud cellranger_workflow with default settings, CellRanger 3	18	https://portal.firecloud.org/?return=terra#methods/scCloud/cellranger_workflow/18	Release 3.0	Details	
single_cell_RNAseq_level_3_breast/HTAPP-908-SMP-4412_fresh_channel2_barcodes.tsv.gz	HTAN HTAPP		HTA1_908_4412101	scRNA-seq	Level 3	Breast NOS		Ductal carcinoma NOS	Synapse	syn24246442	HTA1	tsv	HTA1_908_44121013011	HTA1_908_4412101301		CellRanger	scCloud cellranger_workflow with default settings, CellRanger 3	18	https://portal.firecloud.org/?return=terra#methods/scCloud/cellranger_workflow/18	Release 3.0	Details	
single_cell_RNAseq_level_3_breast/HTAPP-908-SMP-4412_fresh_channel2_features.tsv.gz	HTAN HTAPP		HTA1_908_4412101	scRNA-seq	Level 3	Breast NOS		Ductal carcinoma NOS	Synapse	syn24246445	HTA1	tsv	HTA1_908_44121013012	HTA1_908_4412101301		CellRanger	scCloud cellranger_workflow with default settings, CellRanger 3	18	https://portal.firecloud.org/?return=terra#methods/scCloud/cellranger_workflow/18	Release 3.0	Details	
single_cell_RNAseq_level_3_breast/HTAPP-908-SMP-4412_fresh_channel2_matrix.mtx.gz	HTAN HTAPP		HTA1_908_4412101	scRNA-seq	Level 3	Breast NOS		Ductal carcinoma NOS	Synapse	syn24246446	HTA1	mtx	HTA1_908_44121013013	HTA1_908_4412101301		CellRanger	scCloud cellranger_workflow with default settings, CellRanger 3	18	https://portal.firecloud.org/?return=terra#methods/scCloud/cellranger_workflow/18	Release 3.0	Details	
single_cell_RNAseq_level_3_breast/HTAPP-917-SMP-4531_fresh_channel1_barcodes.tsv.gz	HTAN HTAPP		HTA1_917_4531101	scRNA-seq	Level 3	Upper-outer quadrant of breast		Ductal carcinoma NOS	Synapse	syn24246448	HTA1	tsv	HTA1_917_45311011011	HTA1_917_4531101101		CellRanger	scCloud cellranger_workflow with default settings, CellRanger 3	18	https://portal.firecloud.org/?return=terra#methods/scCloud/cellranger_workflow/18	Release 3.0	Details	
single_cell_RNAseq_level_3_breast/HTAPP-917-SMP-4531_fresh_channel1_features.tsv.gz	HTAN HTAPP		HTA1_917_4531101	scRNA-seq	Level 3	Upper-outer quadrant of breast		Ductal carcinoma NOS	Synapse	syn24246450	HTA1	tsv	HTA1_917_45311011012	HTA1_917_4531101101		CellRanger	scCloud cellranger_workflow with default settings, CellRanger 3	18	https://portal.firecloud.org/?return=terra#methods/scCloud/cellranger_workflow/18	Release 3.0	Details	
single_cell_RNAseq_level_3_breast/HTAPP-917-SMP-4531_fresh_channel1_matrix.mtx.gz	HTAN HTAPP		HTA1_917_4531101	scRNA-seq	Level 3	Upper-outer quadrant of breast		Ductal carcinoma NOS	Synapse	syn24246452	HTA1	mtx	HTA1_917_45311011013	HTA1_917_4531101101		CellRanger	scCloud cellranger_workflow with default settings, CellRanger 3	18	https://portal.firecloud.org/?return=terra#methods/scCloud/cellranger_workflow/18	Release 3.0	Details	
single_cell_RNAseq_level_3_breast/HTAPP-917-SMP-4531_fresh_channel2_barcodes.tsv.gz	HTAN HTAPP		HTA1_917_4531101	scRNA-seq	Level 3	Upper-outer quadrant of breast		Ductal carcinoma NOS	Synapse	syn24246454	HTA1	tsv	HTA1_917_45311013011	HTA1_917_4531101301		CellRanger	scCloud cellranger_workflow with default settings, CellRanger 3	18	https://portal.firecloud.org/?return=terra#methods/scCloud/cellranger_workflow/18	Release 3.0	Details	
single_cell_RNAseq_level_3_breast/HTAPP-917-SMP-4531_fresh_channel2_features.tsv.gz	HTAN HTAPP		HTA1_917_4531101	scRNA-seq	Level 3	Upper-outer quadrant of breast		Ductal carcinoma NOS	Synapse	syn24246456	HTA1	tsv	HTA1_917_45311013012	HTA1_917_4531101301		CellRanger	scCloud cellranger_workflow with default settings, CellRanger 3	18	https://portal.firecloud.org/?return=terra#methods/scCloud/cellranger_workflow/18	Release 3.0	Details	
single_cell_RNAseq_level_3_breast/HTAPP-917-SMP-4531_fresh_channel2_matrix.mtx.gz	HTAN HTAPP		HTA1_917_4531101	scRNA-seq	Level 3	Upper-outer quadrant of breast		Ductal carcinoma NOS	Synapse	syn24246458	HTA1	mtx	HTA1_917_45311013013	HTA1_917_4531101301		CellRanger	scCloud cellranger_workflow with default settings, CellRanger 3	18	https://portal.firecloud.org/?return=terra#methods/scCloud/cellranger_workflow/18	Release 3.0	Details	
single_cell_RNAseq_level_3_breast/HTAPP-944-SMP-7479_TST_channel1_barcodes.tsv.gz	HTAN HTAPP		HTA1_944_7479320	scRNA-seq	Level 3	Lower-outer quadrant of breast		Ductal carcinoma NOS	Synapse	syn24246460	HTA1	tsv	HTA1_944_74793201011	HTA1_944_7479320101		CellRanger	scCloud cellranger_workflow with default settings, CellRanger 3	18	https://portal.firecloud.org/?return=terra#methods/scCloud/cellranger_workflow/18	Release 3.0	Details	
single_cell_RNAseq_level_3_breast/HTAPP-944-SMP-7479_TST_channel1_features.tsv.gz	HTAN HTAPP		HTA1_944_7479320	scRNA-seq	Level 3	Lower-outer quadrant of breast		Ductal carcinoma NOS	Synapse	syn24246462	HTA1	tsv	HTA1_944_74793201012	HTA1_944_7479320101		CellRanger	scCloud cellranger_workflow with default settings, CellRanger 3	18	https://portal.firecloud.org/?return=terra#methods/scCloud/cellranger_workflow/18	Release 3.0	Details	
single_cell_RNAseq_level_3_breast/HTAPP-944-SMP-7479_TST_channel1_matrix.mtx.gz	HTAN HTAPP		HTA1_944_7479320	scRNA-seq	Level 3	Lower-outer quadrant of breast		Ductal carcinoma NOS	Synapse	syn24246464	HTA1	mtx	HTA1_944_74793201013	HTA1_944_7479320101		CellRanger	scCloud cellranger_workflow with default settings, CellRanger 3	18	https://portal.firecloud.org/?return=terra#methods/scCloud/cellranger_workflow/18	Release 3.0	Details	
single_cell_RNAseq_level_3_breast/HTAPP-944-SMP-7479_TST_channel2_barcodes.tsv.gz	HTAN HTAPP		HTA1_944_7479320	scRNA-seq	Level 3	Lower-outer quadrant of breast		Ductal carcinoma NOS	Synapse	syn24246466	HTA1	tsv	HTA1_944_74793203011	HTA1_944_7479320301		CellRanger	scCloud cellranger_workflow with default settings, CellRanger 3	18	https://portal.firecloud.org/?return=terra#methods/scCloud/cellranger_workflow/18	Release 3.0	Details	
single_cell_RNAseq_level_3_breast/HTAPP-944-SMP-7479_TST_channel2_features.tsv.gz	HTAN HTAPP		HTA1_944_7479320	scRNA-seq	Level 3	Lower-outer quadrant of breast		Ductal carcinoma NOS	Synapse	syn24246468	HTA1	tsv	HTA1_944_74793203012	HTA1_944_7479320301		CellRanger	scCloud cellranger_workflow with default settings, CellRanger 3	18	https://portal.firecloud.org/?return=terra#methods/scCloud/cellranger_workflow/18	Release 3.0	Details	
single_cell_RNAseq_level_3_breast/HTAPP-944-SMP-7479_TST_channel2_matrix.mtx.gz	HTAN HTAPP		HTA1_944_7479320	scRNA-seq	Level 3	Lower-outer quadrant of breast		Ductal carcinoma NOS	Synapse	syn24246470	HTA1	tsv	HTA1_944_74793203013	HTA1_944_7479320301		CellRanger	scCloud cellranger_workflow with default settings, CellRanger 3	18	https://portal.firecloud.org/?return=terra#methods/scCloud/cellranger_workflow/18	Release 3.0	Details	
single_cell_RNAseq_level_3_breast/HTAPP-947-SMP-7509_TST_channel1_barcodes.tsv.gz	HTAN HTAPP		HTA1_947_7509320	scRNA-seq	Level 3	Overlapping lesion of breast		Lobular and ductal carcinoma	Synapse	syn24246472	HTA1	mtx	HTA1_947_75093201011	HTA1_947_7509320101		CellRanger	scCloud cellranger_workflow with default settings, CellRanger 3	18	https://portal.firecloud.org/?return=terra#methods/scCloud/cellranger_workflow/18	Release 3.0	Details	
single_cell_RNAseq_level_3_breast/HTAPP-947-SMP-7509_TST_channel1_features.tsv.gz	HTAN HTAPP		HTA1_947_7509320	scRNA-seq	Level 3	Overlapping lesion of breast		Lobular and ductal carcinoma	Synapse	syn24246474	HTA1	tsv	HTA1_947_75093201012	HTA1_947_7509320101		CellRanger	scCloud cellranger_workflow with default settings, CellRanger 3	18	https://portal.firecloud.org/?return=terra#methods/scCloud/cellranger_workflow/18	Release 3.0	Details	
single_cell_RNAseq_level_3_breast/HTAPP-947-SMP-7509_TST_channel1_matrix.mtx.gz	HTAN HTAPP		HTA1_947_7509320	scRNA-seq	Level 3	Overlapping lesion of breast		Lobular and ductal carcinoma	Synapse	syn24246475	HTA1	tsv	HTA1_947_75093201013	HTA1_947_7509320101		CellRanger	scCloud cellranger_workflow with default settings, CellRanger 3	18	https://portal.firecloud.org/?return=terra#methods/scCloud/cellranger_workflow/18	Release 3.0	Details	
single_cell_RNAseq_level_3_breast/HTAPP-947-SMP-7509_TST_channel2_barcodes.tsv.gz	HTAN HTAPP		HTA1_947_7509320	scRNA-seq	Level 3	Overlapping lesion of breast		Lobular and ductal carcinoma	Synapse	syn24246478	HTA1	mtx	HTA1_947_75093203011	HTA1_947_7509320301		CellRanger	scCloud cellranger_workflow with default settings, CellRanger 3	18	https://portal.firecloud.org/?return=terra#methods/scCloud/cellranger_workflow/18	Release 3.0	Details	
single_cell_RNAseq_level_3_breast/HTAPP-947-SMP-7509_TST_channel2_features.tsv.gz	HTAN HTAPP		HTA1_947_7509320	scRNA-seq	Level 3	Overlapping lesion of breast		Lobular and ductal carcinoma	Synapse	syn24246480	HTA1	tsv	HTA1_947_75093203012	HTA1_947_7509320301		CellRanger	scCloud cellranger_workflow with default settings, CellRanger 3	18	https://portal.firecloud.org/?return=terra#methods/scCloud/cellranger_workflow/18	Release 3.0	Details	
single_cell_RNAseq_level_3_breast/HTAPP-947-SMP-7509_TST_channel2_matrix.mtx.gz	HTAN HTAPP		HTA1_947_7509320	scRNA-seq	Level 3	Overlapping lesion of breast		Lobular and ductal carcinoma	Synapse	syn24246482	HTA1	tsv	HTA1_947_75093203013	HTA1_947_7509320301		CellRanger	scCloud cellranger_workflow with default settings, CellRanger 3	18	https://portal.firecloud.org/?return=terra#methods/scCloud/cellranger_workflow/18	Release 3.0	Details	
single_cell_RNAseq_level_3_breast/HTAPP-963-SMP-4741_CST_channel2_barcodes.tsv.gz	HTAN HTAPP		HTA1_963_4741321	scRNA-seq	Level 3	Breast NOS		Ductal carcinoma NOS	Synapse	syn24246484	HTA1	mtx	HTA1_963_47413211011	HTA1_963_4741321101		CellRanger	scCloud cellranger_workflow with default settings, CellRanger 3	18	https://portal.firecloud.org/?return=terra#methods/scCloud/cellranger_workflow/18	Release 3.0	Details	
single_cell_RNAseq_level_3_breast/HTAPP-963-SMP-4741_CST_channel2_features.tsv.gz	HTAN HTAPP		HTA1_963_4741321	scRNA-seq	Level 3	Breast NOS		Ductal carcinoma NOS	Synapse	syn24246485	HTA1	tsv	HTA1_963_47413211012	HTA1_963_4741321101		CellRanger	scCloud cellranger_workflow with default settings, CellRanger 3	18	https://portal.firecloud.org/?return=terra#methods/scCloud/cellranger_workflow/18	Release 3.0	Details	
single_cell_RNAseq_level_3_breast/HTAPP-963-SMP-4741_CST_channel2_matrix.mtx.gz	HTAN HTAPP		HTA1_963_4741321	scRNA-seq	Level 3	Breast NOS		Ductal carcinoma NOS	Synapse	syn24246487	HTA1	tsv	HTA1_963_47413211013	HTA1_963_4741321101		CellRanger	scCloud cellranger_workflow with default settings, CellRanger 3	18	https://portal.firecloud.org/?return=terra#methods/scCloud/cellranger_workflow/18	Release 3.0	Details	
single_cell_RNAseq_level_3_breast/HTAPP-963-SMP-4741_TST_channel1_barcodes.tsv.gz	HTAN HTAPP		HTA1_963_4741320	scRNA-seq	Level 3	Breast NOS		Ductal carcinoma NOS	Synapse	syn24246489	HTA1	mtx	HTA1_963_47413201011	HTA1_963_4741320101		CellRanger	scCloud cellranger_workflow with default settings, CellRanger 3	18	https://portal.firecloud.org/?return=terra#methods/scCloud/cellranger_workflow/18	Release 3.0	Details	
single_cell_RNAseq_level_3_breast/HTAPP-963-SMP-4741_TST_channel1_features.tsv.gz	HTAN HTAPP		HTA1_963_4741320	scRNA-seq	Level 3	Breast NOS		Ductal carcinoma NOS	Synapse	syn24246491	HTA1	tsv	HTA1_963_47413201012	HTA1_963_4741320101		CellRanger	scCloud cellranger_workflow with default settings, CellRanger 3	18	https://portal.firecloud.org/?return=terra#methods/scCloud/cellranger_workflow/18	Release 3.0	Details	
single_cell_RNAseq_level_3_breast/HTAPP-963-SMP-4741_TST_channel1_matrix.mtx.gz	HTAN HTAPP		HTA1_963_4741320	scRNA-seq	Level 3	Breast NOS		Ductal carcinoma NOS	Synapse	syn24246493	HTA1	tsv	HTA1_963_47413201013	HTA1_963_4741320101		CellRanger	scCloud cellranger_workflow with default settings, CellRanger 3	18	https://portal.firecloud.org/?return=terra#methods/scCloud/cellranger_workflow/18	Release 3.0	Details	
single_cell_RNAseq_level_3_breast/HTAPP-982-SMP-7629_fresh_channel1_barcodes.tsv.gz	HTAN HTAPP		HTA1_982_7629101	scRNA-seq	Level 3	Breast NOS		Lobular and ductal carcinoma	Synapse	syn24246496	HTA1	tsv	HTA1_982_76291011011	HTA1_982_7629101101		CellRanger	scCloud cellranger_workflow with default settings, CellRanger 3	18	https://portal.firecloud.org/?return=terra#methods/scCloud/cellranger_workflow/18	Release 3.0	Details	
single_cell_RNAseq_level_3_breast/HTAPP-982-SMP-7629_fresh_channel1_features.tsv.gz	HTAN HTAPP		HTA1_982_7629101	scRNA-seq	Level 3	Breast NOS		Lobular and ductal carcinoma	Synapse	syn24246498	HTA1	mtx	HTA1_982_76291011012	HTA1_982_7629101101		CellRanger	scCloud cellranger_workflow with default settings, CellRanger 3	18	https://portal.firecloud.org/?return=terra#methods/scCloud/cellranger_workflow/18	Release 3.0	Details	
single_cell_RNAseq_level_3_breast/HTAPP-982-SMP-7629_fresh_channel1_matrix.mtx.gz	HTAN HTAPP		HTA1_982_7629101	scRNA-seq	Level 3	Breast NOS		Lobular and ductal carcinoma	Synapse	syn24246500	HTA1	tsv	HTA1_982_76291011013	HTA1_982_7629101101		CellRanger	scCloud cellranger_workflow with default settings, CellRanger 3	18	https://portal.firecloud.org/?return=terra#methods/scCloud/cellranger_workflow/18	Release 3.0	Details	
single_cell_RNAseq_level_3_breast/HTAPP-982-SMP-7629_fresh_channel2_barcodes.tsv.gz	HTAN HTAPP		HTA1_982_7629101	scRNA-seq	Level 3	Breast NOS		Lobular and ductal carcinoma	Synapse	syn24246503	HTA1	tsv	HTA1_982_76291013011	HTA1_982_7629101301		CellRanger	scCloud cellranger_workflow with default settings, CellRanger 3	18	https://portal.firecloud.org/?return=terra#methods/scCloud/cellranger_workflow/18	Release 3.0	Details	
single_cell_RNAseq_level_3_breast/HTAPP-982-SMP-7629_fresh_channel2_features.tsv.gz	HTAN HTAPP		HTA1_982_7629101	scRNA-seq	Level 3	Breast NOS		Lobular and ductal carcinoma	Synapse	syn24246505	HTA1	mtx	HTA1_982_76291013012	HTA1_982_7629101301		CellRanger	scCloud cellranger_workflow with default settings, CellRanger 3	18	https://portal.firecloud.org/?return=terra#methods/scCloud/cellranger_workflow/18	Release 3.0	Details	
single_cell_RNAseq_level_3_breast/HTAPP-982-SMP-7629_fresh_channel2_matrix.mtx.gz	HTAN HTAPP		HTA1_982_7629101	scRNA-seq	Level 3	Breast NOS		Lobular and ductal carcinoma	Synapse	syn24246508	HTA1	tsv	HTA1_982_76291013013	HTA1_982_7629101301		CellRanger	scCloud cellranger_workflow with default settings, CellRanger 3	18	https://portal.firecloud.org/?return=terra#methods/scCloud/cellranger_workflow/18	Release 3.0	Details	
single_cell_RNAseq_level_3_breast/HTAPP-983-SMP-7659_fresh_channel1_barcodes.tsv.gz	HTAN HTAPP		HTA1_983_7659101	scRNA-seq	Level 3	Breast NOS		Ductal carcinoma NOS	Synapse	syn24246509	HTA1	tsv	HTA1_983_76591011011	HTA1_983_7659101101		CellRanger	scCloud cellranger_workflow with default settings, CellRanger 3	18	https://portal.firecloud.org/?return=terra#methods/scCloud/cellranger_workflow/18	Release 3.0	Details	
single_cell_RNAseq_level_3_breast/HTAPP-983-SMP-7659_fresh_channel1_features.tsv.gz	HTAN HTAPP		HTA1_983_7659101	scRNA-seq	Level 3	Breast NOS		Ductal carcinoma NOS	Synapse	syn24246512	HTA1	mtx	HTA1_983_76591011012	HTA1_983_7659101101		CellRanger	scCloud cellranger_workflow with default settings, CellRanger 3	18	https://portal.firecloud.org/?return=terra#methods/scCloud/cellranger_workflow/18	Release 3.0	Details	
single_cell_RNAseq_level_3_breast/HTAPP-983-SMP-7659_fresh_channel1_matrix.mtx.gz	HTAN HTAPP		HTA1_983_7659101	scRNA-seq	Level 3	Breast NOS		Ductal carcinoma NOS	Synapse	syn24246514	HTA1	tsv	HTA1_983_76591011013	HTA1_983_7659101101		CellRanger	scCloud cellranger_workflow with default settings, CellRanger 3	18	https://portal.firecloud.org/?return=terra#methods/scCloud/cellranger_workflow/18	Release 3.0	Details	
single_cell_RNAseq_level_3_breast/HTAPP-997-SMP-7789_TST_channel1_barcodes.tsv.gz	HTAN HTAPP		HTA1_997_7789601	scRNA-seq	Level 3	Breast NOS		Ductal carcinoma NOS	Synapse	syn24246517	HTA1	tsv	HTA1_997_77896011011	HTA1_997_7789601101		CellRanger	scCloud cellranger_workflow with default settings, CellRanger 3	18	https://portal.firecloud.org/?return=terra#methods/scCloud/cellranger_workflow/18	Release 3.0	Details	
single_cell_RNAseq_level_3_breast/HTAPP-997-SMP-7789_TST_channel1_features.tsv.gz	HTAN HTAPP		HTA1_997_7789601	scRNA-seq	Level 3	Breast NOS		Ductal carcinoma NOS	Synapse	syn24246518	HTA1	mtx	HTA1_997_77896011012	HTA1_997_7789601101		CellRanger	scCloud cellranger_workflow with default settings, CellRanger 3	18	https://portal.firecloud.org/?return=terra#methods/scCloud/cellranger_workflow/18	Release 3.0	Details	
single_cell_RNAseq_level_3_breast/HTAPP-997-SMP-7789_TST_channel1_matrix.mtx.gz	HTAN HTAPP		HTA1_997_7789601	scRNA-seq	Level 3	Breast NOS		Ductal carcinoma NOS	Synapse	syn24246520	HTA1	tsv	HTA1_997_77896011013	HTA1_997_7789601101		CellRanger	scCloud cellranger_workflow with default settings, CellRanger 3	18	https://portal.firecloud.org/?return=terra#methods/scCloud/cellranger_workflow/18	Release 3.0	Details	
single_cell_RNAseq_level_3_breast/HTAPP-997-SMP-7789_TST_channel2_barcodes.tsv.gz	HTAN HTAPP		HTA1_997_7789601	scRNA-seq	Level 3	Breast NOS		Ductal carcinoma NOS	Synapse	syn24246523	HTA1	tsv	HTA1_997_77896013011	HTA1_997_7789601301		CellRanger	scCloud cellranger_workflow with default settings, CellRanger 3	18	https://portal.firecloud.org/?return=terra#methods/scCloud/cellranger_workflow/18	Release 3.0	Details	
single_cell_RNAseq_level_3_breast/HTAPP-997-SMP-7789_TST_channel2_features.tsv.gz	HTAN HTAPP		HTA1_997_7789601	scRNA-seq	Level 3	Breast NOS		Ductal carcinoma NOS	Synapse	syn24246525	HTA1	tsv	HTA1_997_77896013012	HTA1_997_7789601301		CellRanger	scCloud cellranger_workflow with default settings, CellRanger 3	18	https://portal.firecloud.org/?return=terra#methods/scCloud/cellranger_workflow/18	Release 3.0	Details	
single_cell_RNAseq_level_3_breast/HTAPP-997-SMP-7789_TST_channel2_matrix.mtx.gz	HTAN HTAPP		HTA1_997_7789601	scRNA-seq	Level 3	Breast NOS		Ductal carcinoma NOS	Synapse	syn24246526	HTA1	mtx	HTA1_997_77896013013	HTA1_997_7789601301		CellRanger	scCloud cellranger_workflow with default settings, CellRanger 3	18	https://portal.firecloud.org/?return=terra#methods/scCloud/cellranger_workflow/18	Release 3.0	Details	
single_cell_RNAseq_level_3_breast/HTAPP-330-SMP-1082_fresh_channel1_barcodes.tsv.gz	HTAN HTAPP		HTA1_330_1082101	scRNA-seq	Level 3	Overlapping lesion of breast		Ductal carcinoma NOS	Synapse	syn26001276	HTA1	tsv	HTA1_330_10821011011	HTA1_330_1082101101		CellRanger	scCloud cellranger_workflow with default settings, CellRanger 10	18	https://portal.firecloud.org/?return=terra#methods/scCloud/cellranger_workflow/25	Release 3.0	Details	
single_cell_RNAseq_level_3_breast/HTAPP-330-SMP-1082_fresh_channel1_matrix.mtx.gz	HTAN HTAPP		HTA1_330_1082101	scRNA-seq	Level 3	Overlapping lesion of breast		Ductal carcinoma NOS	Synapse	syn26001277	HTA1	mtx	HTA1_330_10821011013	HTA1_330_1082101101		CellRanger	scCloud cellranger_workflow with default settings, CellRanger 12	18	https://portal.firecloud.org/?return=terra#methods/scCloud/cellranger_workflow/27	Release 3.0	Details	
single_cell_RNAseq_level_3_breast/HTAPP-330-SMP-1082_fresh_channel1_features.tsv.gz	HTAN HTAPP		HTA1_330_1082101	scRNA-seq	Level 3	Overlapping lesion of breast		Ductal carcinoma NOS	Synapse	syn26001278	HTA1	tsv	HTA1_330_10821011012	HTA1_330_1082101101		CellRanger	scCloud cellranger_workflow with default settings, CellRanger 11	18	https://portal.firecloud.org/?return=terra#methods/scCloud/cellranger_workflow/26	Release 3.0	Details	
single_cell_RNAseq_level_3_breast/HTAPP-806-SMP-6800_fresh_channel1_features.tsv.gz	HTAN HTAPP		HTA1_806_6800101	scRNA-seq	Level 3	Upper-outer quadrant of breast		Lobular carcinoma NOS	Synapse	syn26001279	HTA1	tsv	HTA1_806_68001011012	HTA1_806_6800101101		CellRanger	scCloud cellranger_workflow with default settings, CellRanger 5	18	https://portal.firecloud.org/?return=terra#methods/scCloud/cellranger_workflow/20	Release 3.0	Details	
single_cell_RNAseq_level_3_breast/HTAPP-806-SMP-6800_fresh_channel1_barcodes.tsv.gz	HTAN HTAPP		HTA1_806_6800101	scRNA-seq	Level 3	Upper-outer quadrant of breast		Lobular carcinoma NOS	Synapse	syn26001280	HTA1	tsv	HTA1_806_68001011011	HTA1_806_6800101101		CellRanger	scCloud cellranger_workflow with default settings, CellRanger 4	18	https://portal.firecloud.org/?return=terra#methods/scCloud/cellranger_workflow/19	Release 3.0	Details	
single_cell_RNAseq_level_3_breast/HTAPP-806-SMP-6800_fresh_channel1_matrix.mtx.gz	HTAN HTAPP		HTA1_806_6800101	scRNA-seq	Level 3	Upper-outer quadrant of breast		Lobular carcinoma NOS	Synapse	syn26001281	HTA1	mtx	HTA1_806_68001011013	HTA1_806_6800101101		CellRanger	scCloud cellranger_workflow with default settings, CellRanger 6	18	https://portal.firecloud.org/?return=terra#methods/scCloud/cellranger_workflow/21	Release 3.0	Details	
single_cell_RNAseq_level_3_breast/HTAPP-806-SMP-6800_fresh_channel2_barcodes.tsv.gz	HTAN HTAPP		HTA1_806_6800101	scRNA-seq	Level 3	Upper-outer quadrant of breast		Lobular carcinoma NOS	Synapse	syn26001282	HTA1	tsv	HTA1_806_68001019011	HTA1_806_6800101901		CellRanger	scCloud cellranger_workflow with default settings, CellRanger 7	18	https://portal.firecloud.org/?return=terra#methods/scCloud/cellranger_workflow/22	Release 3.0	Details	
single_cell_RNAseq_level_3_breast/HTAPP-806-SMP-6800_fresh_channel2_features.tsv.gz	HTAN HTAPP		HTA1_806_6800101	scRNA-seq	Level 3	Upper-outer quadrant of breast		Lobular carcinoma NOS	Synapse	syn26001283	HTA1	tsv	HTA1_806_68001019012	HTA1_806_6800101901		CellRanger	scCloud cellranger_workflow with default settings, CellRanger 8	18	https://portal.firecloud.org/?return=terra#methods/scCloud/cellranger_workflow/23	Release 3.0	Details	
single_cell_RNAseq_level_3_breast/HTAPP-806-SMP-6800_fresh_channel2_matrix.mtx.gz	HTAN HTAPP		HTA1_806_6800101	scRNA-seq	Level 3	Upper-outer quadrant of breast		Lobular carcinoma NOS	Synapse	syn26001284	HTA1	mtx	HTA1_806_68001019013	HTA1_806_6800101901		CellRanger	scCloud cellranger_workflow with default settings, CellRanger 9	18	https://portal.firecloud.org/?return=terra#methods/scCloud/cellranger_workflow/24	Release 3.0	Details	
single_cell_RNAseq_level_3_breast/HTAPP-988-SMP-7749_fresh_channel1_barcodes.tsv.gz	HTAN HTAPP		HTA1_988_7749101	scRNA-seq	Level 3	Overlapping lesion of breast		Ductal carcinoma NOS	Synapse	syn26001285	HTA1	tsv	HTA1_988_77491011011	HTA1_988_7749101101		CellRanger	scCloud cellranger_workflow with default settings, CellRanger 13	18	https://portal.firecloud.org/?return=terra#methods/scCloud/cellranger_workflow/28	Release 3.0	Details	
single_cell_RNAseq_level_3_breast/HTAPP-988-SMP-7749_fresh_channel1_features.tsv.gz	HTAN HTAPP		HTA1_988_7749101	scRNA-seq	Level 3	Overlapping lesion of breast		Ductal carcinoma NOS	Synapse	syn26001286	HTA1	tsv	HTA1_988_77491011012	HTA1_988_7749101101		CellRanger	scCloud cellranger_workflow with default settings, CellRanger 14	18	https://portal.firecloud.org/?return=terra#methods/scCloud/cellranger_workflow/29	Release 3.0	Details	
single_cell_RNAseq_level_3_breast/HTAPP-988-SMP-7749_fresh_channel1_matrix.mtx.gz	HTAN HTAPP		HTA1_988_7749101	scRNA-seq	Level 3	Overlapping lesion of breast		Ductal carcinoma NOS	Synapse	syn26001287	HTA1	mtx	HTA1_988_77491011013	HTA1_988_7749101101		CellRanger	scCloud cellranger_workflow with default settings, CellRanger 15	18	https://portal.firecloud.org/?return=terra#methods/scCloud/cellranger_workflow/30	Release 3.0	Details	
data_integration_MBC/HTAPP-330-SMP-1082_scRNAseq_processed.h5ad	HTAN HTAPP		HTA1_330_1082101	scRNA-seq	Unknown	Overlapping lesion of breast		Ductal carcinoma NOS	Synapse	syn26077456	HTA1	hdf5	HTA1_330_1082101111							Release 5.0	Details	
data_integration_MBC/HTAPP-783-SMP-4081_scRNAseq_processed.h5ad	HTAN HTAPP		HTA1_783_4081101	scRNA-seq	Unknown	Lower-inner quadrant of breast		Ductal carcinoma NOS	Synapse	syn26077498	HTA1	hdf5	HTA1_783_4081101111							Release 5.0	Details	
data_integration_MBC/HTAPP-853-SMP-4381_scRNAseq_processed.h5ad	HTAN HTAPP		HTA1_853_4381101	scRNA-seq	Unknown	Breast NOS		Intraductal carcinoma NOS	Synapse	syn26077517	HTA1	hdf5	HTA1_853_4381101111							Release 5.0	Details	
data_integration_MBC/HTAPP-812-SMP-8239_scRNAseq_processed.h5ad	HTAN HTAPP		HTA1_812_8239101	scRNA-seq	Unknown	Breast NOS		Ductal carcinoma NOS	Synapse	syn26077522	HTA1	hdf5	HTA1_812_8239101111							Release 5.0	Details	
data_integration_MBC/HTAPP-364-SMP-1321_scRNAseq_processed.h5ad	HTAN HTAPP		HTA1_364_1321101	scRNA-seq	Unknown	Upper-inner quadrant of breast		Ductal carcinoma NOS	Synapse	syn26077523	HTA1	hdf5	HTA1_364_1321101111							Release 5.0	Details	
data_integration_MBC/HTAPP-213-SMP-6752_scRNAseq_processed.h5ad	HTAN HTAPP		HTA1_213_6752601	scRNA-seq	Unknown	Breast NOS		Ductal carcinoma NOS	Synapse	syn26077524	HTA1	hdf5	HTA1_213_6752601111							Release 5.0	Details	
data_integration_MBC/HTAPP-982-SMP-7629_scRNAseq_processed.h5ad	HTAN HTAPP		HTA1_982_7629101	scRNA-seq	Unknown	Breast NOS		Lobular and ductal carcinoma	Synapse	syn26077525	HTA1	hdf5	HTA1_982_7629101111							Release 5.0	Details	
data_integration_MBC/HTAPP-944-SMP-7479_scRNAseq_processed.h5ad	HTAN HTAPP		HTA1_944_7479320	scRNA-seq	Unknown	Lower-outer quadrant of breast		Ductal carcinoma NOS	Synapse	syn26077528	HTA1	hdf5	HTA1_944_7479320111							Release 5.0	Details	
data_integration_MBC/HTAPP-917-SMP-4531_scRNAseq_processed.h5ad	HTAN HTAPP		HTA1_917_4531101	scRNA-seq	Unknown	Upper-outer quadrant of breast		Ductal carcinoma NOS	Synapse	syn26077529	HTA1	hdf5	HTA1_917_4531101111							Release 5.0	Details	
data_integration_MBC/HTAPP-313-SMP-932_scRNAseq_processed.h5ad	HTAN HTAPP		HTA1_313_932101	scRNA-seq	Unknown	Upper-outer quadrant of breast		Adenocarcinoma NOS	Synapse	syn26077530	HTA1	hdf5	HTA1_313_932101111							Release 5.0	Details	
data_integration_MBC/HTAPP-880-SMP-7179_scRNAseq_processed.h5ad	HTAN HTAPP		HTA1_880_7179601	scRNA-seq	Unknown	Breast NOS		Lobular carcinoma NOS	Synapse	syn26077531	HTA1	hdf5	HTA1_880_7179601111							Release 5.0	Details	
data_integration_MBC/HTAPP-878-SMP-7149_scRNAseq_processed.h5ad	HTAN HTAPP		HTA1_878_7149601	scRNA-seq	Unknown	Breast NOS		Ductal carcinoma NOS	Synapse	syn26077532	HTA1	hdf5	HTA1_878_7149601111							Release 5.0	Details	
data_integration_MBC/HTAPP-895-SMP-7359_scRNAseq_processed.h5ad	HTAN HTAPP		HTA1_895_7359320	scRNA-seq	Unknown	Overlapping lesion of breast		Ductal carcinoma NOS	Synapse	syn26077534	HTA1	hdf5	HTA1_895_7359320111							Release 5.0	Details	
data_integration_MBC/HTAPP-997-SMP-7789_scRNAseq_processed.h5ad	HTAN HTAPP		HTA1_997_7789601	scRNA-seq	Unknown	Breast NOS		Ductal carcinoma NOS	Synapse	syn26077535	HTA1	hdf5	HTA1_997_7789601111							Release 5.0	Details	
data_integration_MBC/HTAPP-514-SMP-6760_scRNAseq_processed.h5ad	HTAN HTAPP		HTA1_514_6760601	scRNA-seq	Unknown	Breast NOS		Ductal carcinoma NOS	Synapse	syn26077536	HTA1	hdf5	HTA1_514_6760601111							Release 5.0	Details	
single_cell_RNAseq_level_4_breast/MBC_sc_L4.tsv	HTAN HTAPP		HTA1_262_602101, HTA1_285_751101, HTA1_309_871101, HTA1_313_932101, HTA1_321_1021101, HTA1_364_1321101, HTA1_382_1441101, HTA1_414_1681101, HTA1_423_1741101, HTA1_425_1771101, HTA1_562_2581101, HTA1_586_8599101, HTA1_611_3062101, HTA1_627_3242101, HTA1_649_3422101, HTA1_662_3602101, HTA1_735_3841101, HTA1_745_3961101, HTA1_759_8359101, HTA1_783_4081101, HTA1_812_8239101, HTA1_851_4351101, HTA1_853_4381101, HTA1_908_4412101, HTA1_917_4531101, HTA1_982_7629101, HTA1_983_7659101	scRNA-seq	Level 4	Upper-outer quadrant of breast, Lower-outer quadrant of breast, Upper-inner quadrant of breast, Breast NOS, Overlapping lesion of breast, Lower-inner quadrant of breast		Lobular and ductal carcinoma, Ductal carcinoma NOS, Adenocarcinoma NOS, Lobular adenocarcinoma, Intraductal carcinoma NOS	Synapse	syn26127156	HTA1	tsv	HTA1_262_60210110111	HTA1_262_6021011011,HTA1_262_6021011012,HTA1_262_6021011013,HTA1_262_6021013011,HTA1_262_6021013012,HTA1_262_6021013013,HTA1_285_7511011011,HTA1_285_7511011012,HTA1_285_7511011013,HTA1_285_7511015011,HTA1_285_7511015012,HTA1_285_7511015013,HTA1_309_8711011011,HTA1_309_8711011012,HTA1_309_8711011013,HTA1_309_8711013011,HTA1_309_8711013012,HTA1_309_8711013013,HTA1_313_9321011011,HTA1_313_9321011012,HTA1_313_9321011013,HTA1_313_9321013011,HTA1_313_9321013012,HTA1_313_9321013013,HTA1_321_10211011011,HTA1_321_10211011012,HTA1_321_10211011013,HTA1_364_13211011011,HTA1_364_13211011012,HTA1_364_13211011013,HTA1_364_13211013011,HTA1_364_13211013012,HTA1_364_13211013013,HTA1_382_14411011011,HTA1_382_14411011012,HTA1_382_14411011013,HTA1_414_16811011011,HTA1_414_16811011012,HTA1_414_16811011013,HTA1_414_16811013011,HTA1_414_16811013012,HTA1_414_16811013013,HTA1_423_17411011011,HTA1_423_17411011012,HTA1_423_17411011013,HTA1_423_17411013011,HTA1_423_17411013012,HTA1_423_17411013013,HTA1_425_17711011011,HTA1_425_17711011012,HTA1_425_17711011013,HTA1_425_17711013011,HTA1_425_17711013012,HTA1_425_17711013013,HTA1_562_25811011011,HTA1_562_25811011012,HTA1_562_25811011013,HTA1_586_85991011011,HTA1_586_85991011012,HTA1_586_85991011013,HTA1_611_30621011011,HTA1_611_30621011012,HTA1_611_30621011013,HTA1_611_30621013011,HTA1_611_30621013012,HTA1_611_30621013013,HTA1_627_32421011011,HTA1_627_32421011012,HTA1_627_32421011013,HTA1_627_32421013011,HTA1_627_32421013012,HTA1_627_32421013013,HTA1_649_34221011011,HTA1_649_34221011012,HTA1_649_34221011013,HTA1_662_36021011011,HTA1_662_36021011012,HTA1_662_36021011013,HTA1_662_36021013011,HTA1_662_36021013012,HTA1_662_36021013013,HTA1_735_38411011011,HTA1_735_38411011012,HTA1_735_38411011013,HTA1_735_38411013011,HTA1_735_38411013012,HTA1_735_38411013013,HTA1_745_39611011011,HTA1_745_39611011012,HTA1_745_39611011013,HTA1_759_83591011011,HTA1_759_83591011012,HTA1_759_83591011013,HTA1_759_83591013011,HTA1_759_83591013012,HTA1_759_83591013013,HTA1_783_40811011011,HTA1_783_40811011012,HTA1_783_40811011013,HTA1_812_82391011011,HTA1_812_82391011012,HTA1_812_82391011013,HTA1_851_43511011011,HTA1_851_43511011012,HTA1_851_43511011013,HTA1_853_43811011011,HTA1_853_43811011012,HTA1_853_43811011013,HTA1_908_44121011011,HTA1_908_44121011012,HTA1_908_44121011013,HTA1_908_44121013011,HTA1_908_44121013012,HTA1_908_44121013013,HTA1_917_45311011011,HTA1_917_45311011012,HTA1_917_45311011013,HTA1_917_45311013011,HTA1_917_45311013012,HTA1_917_45311013013,HTA1_982_76291011011,HTA1_982_76291011012,HTA1_982_76291011013,HTA1_982_76291013011,HTA1_982_76291013012,HTA1_982_76291013013,HTA1_983_76591011011,HTA1_983_76591011012,HTA1_983_76591011013		Cell annotation	Low quality cells were filtered out based on low or extremely high UMI counts, low gene counts, and high mitochondrial read contributions in a cell type, protocol, and chemistry dependent manner. Samples with extremely low numbers of recovered cells were excluded as failed. Variable gene selection, dimensionality reduction using principal components analysis, Leiden clustering on a shared nearest neighbor graph, and UMAP visualization were performed. Cells were annotated through a combination of automated annotation, marker gene, and CNV assessment. Tools used include Cumulus, Seurat, inferCNV, and SingleR.	Not Available	Not Available	Release 3.0	Details	
single_cell_RNAseq_level_4_breast/MBC_sn_L4.tsv	HTAN HTAPP		HTA1_211_6751320, HTA1_213_6752601, HTA1_223_6755320, HTA1_223_7537320, HTA1_225_6756320, HTA1_226_6757320, HTA1_231_6758320, HTA1_232_6759320, HTA1_262_602201, HTA1_514_6760601, HTA1_516_6761321, HTA1_519_6762320, HTA1_521_6763320, HTA1_525_6765320, HTA1_589_2851321, HTA1_589_2860320, HTA1_752_4051321, HTA1_806_6789320, HTA1_814_6879320, HTA1_835_6999320, HTA1_861_7028201, HTA1_862_7059320, HTA1_862_7060320, HTA1_870_7089320, HTA1_873_7119320, HTA1_878_7149601, HTA1_880_7179601, HTA1_887_7239320, HTA1_887_7250320, HTA1_889_7269320, HTA1_889_7270320, HTA1_890_7299320, HTA1_895_7359320, HTA1_944_7479320, HTA1_947_7509320, HTA1_963_4741320, HTA1_997_7789601	scRNA-seq	Level 4	Breast NOS, Upper-outer quadrant of breast, Lower-outer quadrant of breast, Lower-inner quadrant of breast, Overlapping lesion of breast		Intraductal carcinoma NOS, Ductal carcinoma NOS, Carcinoma NOS, Lobular and ductal carcinoma, Lobular carcinoma NOS	Synapse	syn26127157	HTA1	tsv	HTA1_211_675132010111	HTA1_211_67513201011,HTA1_211_67513201012,HTA1_211_67513201013,HTA1_211_67513203011,HTA1_211_67513203012,HTA1_211_67513203013,HTA1_213_67526011011,HTA1_213_67526011012,HTA1_213_67526011013,HTA1_213_67526013011,HTA1_213_67526013012,HTA1_213_67526013013,HTA1_223_67553201011,HTA1_223_67553201012,HTA1_223_67553201013,HTA1_223_67553203011,HTA1_223_67553203012,HTA1_223_67553203013,HTA1_223_75373201011,HTA1_223_75373201012,HTA1_223_75373201013,HTA1_223_75373203011,HTA1_223_75373203012,HTA1_223_75373203013,HTA1_225_67563201011,HTA1_225_67563201012,HTA1_225_67563201013,HTA1_226_67573201011,HTA1_226_67573201012,HTA1_226_67573201013,HTA1_226_67573203011,HTA1_226_67573203012,HTA1_226_67573203013,HTA1_231_67583201011,HTA1_231_67583201012,HTA1_231_67583201013,HTA1_231_67583203011,HTA1_231_67583203012,HTA1_231_67583203013,HTA1_232_67593201011,HTA1_232_67593201012,HTA1_232_67593201013,HTA1_232_67593203011,HTA1_232_67593203012,HTA1_232_67593203013,HTA1_262_6022011011,HTA1_262_6022011012,HTA1_262_6022011013,HTA1_514_67606011011,HTA1_514_67606011012,HTA1_514_67606011013,HTA1_514_67606013011,HTA1_514_67606013012,HTA1_514_67606013013,HTA1_516_67613211011,HTA1_516_67613211012,HTA1_516_67613211013,HTA1_519_67623201011,HTA1_519_67623201012,HTA1_519_67623201013,HTA1_521_67633201011,HTA1_521_67633201012,HTA1_521_67633201013,HTA1_525_67653201011,HTA1_525_67653201012,HTA1_525_67653201013,HTA1_589_28513211011,HTA1_589_28513211012,HTA1_589_28513211013,HTA1_589_28603201011,HTA1_589_28603201012,HTA1_589_28603201013,HTA1_589_28603203011,HTA1_589_28603203012,HTA1_589_28603203013,HTA1_752_40513211011,HTA1_752_40513211012,HTA1_752_40513211013,HTA1_806_67893201011,HTA1_806_67893201012,HTA1_806_67893201013,HTA1_806_67893203011,HTA1_806_67893203012,HTA1_806_67893203013,HTA1_814_68793201011,HTA1_814_68793201012,HTA1_814_68793201013,HTA1_814_68793203011,HTA1_814_68793203012,HTA1_814_68793203013,HTA1_835_69993201011,HTA1_835_69993201012,HTA1_835_69993201013,HTA1_835_69993203011,HTA1_835_69993203012,HTA1_835_69993203013,HTA1_861_70282011011,HTA1_861_70282011012,HTA1_861_70282011013,HTA1_861_70282013011,HTA1_861_70282013012,HTA1_861_70282013013,HTA1_862_70593201011,HTA1_862_70593201012,HTA1_862_70593201013,HTA1_862_70593203011,HTA1_862_70593203012,HTA1_862_70593203013,HTA1_862_70603201011,HTA1_862_70603201012,HTA1_862_70603201013,HTA1_862_70603203011,HTA1_862_70603203012,HTA1_862_70603203013,HTA1_870_70893201011,HTA1_870_70893201012,HTA1_870_70893201013,HTA1_870_70893203011,HTA1_870_70893203012,HTA1_870_70893203013,HTA1_873_71193201011,HTA1_873_71193201012,HTA1_873_71193201013,HTA1_873_71193203011,HTA1_873_71193203012,HTA1_873_71193203013,HTA1_878_71496011011,HTA1_878_71496011012,HTA1_878_71496011013,HTA1_878_71496013011,HTA1_878_71496013012,HTA1_878_71496013013,HTA1_880_71796011011,HTA1_880_71796011012,HTA1_880_71796011013,HTA1_880_71796013011,HTA1_880_71796013012,HTA1_880_71796013013,HTA1_887_72393201011,HTA1_887_72393201012,HTA1_887_72393201013,HTA1_887_72393203011,HTA1_887_72393203012,HTA1_887_72393203013,HTA1_887_72503201011,HTA1_887_72503201012,HTA1_887_72503201013,HTA1_889_72693201011,HTA1_889_72693201012,HTA1_889_72693201013,HTA1_889_72693203011,HTA1_889_72693203012,HTA1_889_72693203013,HTA1_889_72703201011,HTA1_889_72703201012,HTA1_889_72703201013,HTA1_889_72703203011,HTA1_889_72703203012,HTA1_889_72703203013,HTA1_890_72993201011,HTA1_890_72993201012,HTA1_890_72993201013,HTA1_890_72993203011,HTA1_890_72993203012,HTA1_890_72993203013,HTA1_895_73593201011,HTA1_895_73593201012,HTA1_895_73593201013,HTA1_895_73593203011,HTA1_895_73593203012,HTA1_895_73593203013,HTA1_944_74793201011,HTA1_944_74793201012,HTA1_944_74793201013,HTA1_944_74793203011,HTA1_944_74793203012,HTA1_944_74793203013,HTA1_947_75093201011,HTA1_947_75093201012,HTA1_947_75093201013,HTA1_947_75093203011,HTA1_947_75093203012,HTA1_947_75093203013,HTA1_963_47413201011,HTA1_963_47413201012,HTA1_963_47413201013,HTA1_997_77896011011,HTA1_997_77896011012,HTA1_997_77896011013,HTA1_997_77896013011,HTA1_997_77896013012,HTA1_997_77896013013		Cell annotation	Low quality cells were filtered out based on low or extremely high UMI counts, low gene counts, and high mitochondrial read contributions in a cell type, protocol, and chemistry dependent manner. Samples with extremely low numbers of recovered cells were excluded as failed. Variable gene selection, dimensionality reduction using principal components analysis, Leiden clustering on a shared nearest neighbor graph, and UMAP visualization were performed. Cells were annotated through a combination of automated annotation, marker gene, and CNV assessment. Tools used include Cumulus, Seurat, inferCNV, and SingleR.	Not Available	Not Available	Release 3.0	Details	
scsnRNA-Seq_level_3_atac_tumor/HT088B1-S1H1-features.tsv.gz	HTAN WUSTL		HTA12_120_1	scRNA-seq	Level 3	Breast NOS		Lobular carcinoma NOS	Synapse	syn52175742	HTA12	gzip	HTA12_120_3001	HTA12_120_2020		CellRanger	For each sample, we obtained the unfiltered feature-barcode matrix per sample by passing the demultiplexed FASTQs to Cell Ranger v.6.0.2 <U+2018>count<U+2019> command using default parameters with --include-introns tag and the prebuilt GRCh38 genome reference refdata-gex-GRCh38-2020-A (GENCODE v32/Ensembl 98) for snRNA.	cellranger-6.0.2	https://github.com/ding-lab/PanCan_snATAC_publication/blob/main/Processing_scripts/cellranger.v.6.0.2.sh	Release 3.0	Details	
scsnRNA-Seq_level_3_atac_tumor/HT137B1-S1H7-features.tsv.gz	HTAN WUSTL		HTA12_124_1	scRNA-seq	Level 3	Breast NOS		Lobular carcinoma NOS	Synapse	syn52175743	HTA12	gzip	HTA12_124_3001	HTA12_124_2020		CellRanger	For each sample, we obtained the unfiltered feature-barcode matrix per sample by passing the demultiplexed FASTQs to Cell Ranger v.6.0.2 <U+2018>count<U+2019> command using default parameters with --include-introns tag and the prebuilt GRCh38 genome reference refdata-gex-GRCh38-2020-A (GENCODE v32/Ensembl 98) for snRNA.	cellranger-6.0.2	https://github.com/ding-lab/PanCan_snATAC_publication/blob/main/Processing_scripts/cellranger.v.6.0.2.sh	Release 3.0	Details	
scsnRNA-Seq_level_3_atac_tumor/HT206B1-S1H4-features.tsv.gz	HTAN WUSTL		HTA12_129_1	scRNA-seq	Level 3	Breast NOS	Chemotherapy	Ductal carcinoma NOS	Synapse	syn52175749	HTA12	gzip	HTA12_129_3001	HTA12_129_2020		CellRanger	For each sample, we obtained the unfiltered feature-barcode matrix per sample by passing the demultiplexed FASTQs to Cell Ranger v.6.0.2 <U+2018>count<U+2019> command using default parameters with --include-introns tag and the prebuilt GRCh38 genome reference refdata-gex-GRCh38-2020-A (GENCODE v32/Ensembl 98) for snRNA.	cellranger-6.0.2	https://github.com/ding-lab/PanCan_snATAC_publication/blob/main/Processing_scripts/cellranger.v.6.0.2.sh	Release 3.0	Details	
scsnRNA-Seq_level_3_atac_tumor/HT128B1-S1H4-features.tsv.gz	HTAN WUSTL		HTA12_123_1	scRNA-seq	Level 3	Breast NOS	Chemotherapy	Lobular carcinoma NOS	Synapse	syn52175750	HTA12	gzip	HTA12_123_3001	HTA12_123_2020		CellRanger	For each sample, we obtained the unfiltered feature-barcode matrix per sample by passing the demultiplexed FASTQs to Cell Ranger v.6.0.2 <U+2018>count<U+2019> command using default parameters with --include-introns tag and the prebuilt GRCh38 genome reference refdata-gex-GRCh38-2020-A (GENCODE v32/Ensembl 98) for snRNA.	cellranger-6.0.2	https://github.com/ding-lab/PanCan_snATAC_publication/blob/main/Processing_scripts/cellranger.v.6.0.2.sh	Release 3.0	Details	
scsnRNA-Seq_level_3_atac_tumor/HT141B1-S1H1-barcodes.tsv.gz	HTAN WUSTL		HTA12_126_1	scRNA-seq	Level 3	Breast NOS	Chemotherapy	Ductal carcinoma NOS	Synapse	syn52175751	HTA12	gzip	HTA12_126_3000	HTA12_126_2020		CellRanger	For each sample, we obtained the unfiltered feature-barcode matrix per sample by passing the demultiplexed FASTQs to Cell Ranger v.6.0.2 <U+2018>count<U+2019> command using default parameters with --include-introns tag and the prebuilt GRCh38 genome reference refdata-gex-GRCh38-2020-A (GENCODE v32/Ensembl 98) for snRNA.	cellranger-6.0.2	https://github.com/ding-lab/PanCan_snATAC_publication/blob/main/Processing_scripts/cellranger.v.6.0.2.sh	Release 3.0	Details	
scsnRNA-Seq_level_3_atac_tumor/HT035B1-S1PA-features.tsv.gz	HTAN WUSTL		HTA12_119_1	scRNA-seq	Level 3	Breast NOS		Ductal carcinoma NOS	Synapse	syn52175752	HTA12	gzip	HTA12_119_3001	HTA12_119_2020		CellRanger	For each sample, we obtained the unfiltered feature-barcode matrix per sample by passing the demultiplexed FASTQs to Cell Ranger v.6.0.2 <U+2018>count<U+2019> command using default parameters with --include-introns tag and the prebuilt GRCh38 genome reference refdata-gex-GRCh38-2020-A (GENCODE v32/Ensembl 98) for snRNA.	cellranger-6.0.2	https://github.com/ding-lab/PanCan_snATAC_publication/blob/main/Processing_scripts/cellranger.v.6.0.2.sh	Release 3.0	Details	
scsnRNA-Seq_level_3_atac_tumor/HT141B1-S1H1-features.tsv.gz	HTAN WUSTL		HTA12_126_1	scRNA-seq	Level 3	Breast NOS	Chemotherapy	Ductal carcinoma NOS	Synapse	syn52175753	HTA12	gzip	HTA12_126_3001	HTA12_126_2020		CellRanger	For each sample, we obtained the unfiltered feature-barcode matrix per sample by passing the demultiplexed FASTQs to Cell Ranger v.6.0.2 <U+2018>count<U+2019> command using default parameters with --include-introns tag and the prebuilt GRCh38 genome reference refdata-gex-GRCh38-2020-A (GENCODE v32/Ensembl 98) for snRNA.	cellranger-6.0.2	https://github.com/ding-lab/PanCan_snATAC_publication/blob/main/Processing_scripts/cellranger.v.6.0.2.sh	Release 3.0	Details	
scsnRNA-Seq_level_3_atac_tumor/HT217B1-S1H1-features.tsv.gz	HTAN WUSTL		HTA12_131_1	scRNA-seq	Level 3	Breast NOS		Mucous adenocarcinoma	Synapse	syn52175756	HTA12	gzip	HTA12_131_3001	HTA12_131_2020		CellRanger	For each sample, we obtained the unfiltered feature-barcode matrix per sample by passing the demultiplexed FASTQs to Cell Ranger v.6.0.2 <U+2018>count<U+2019> command using default parameters with --include-introns tag and the prebuilt GRCh38 genome reference refdata-gex-GRCh38-2020-A (GENCODE v32/Ensembl 98) for snRNA.	cellranger-6.0.2	https://github.com/ding-lab/PanCan_snATAC_publication/blob/main/Processing_scripts/cellranger.v.6.0.2.sh	Release 3.0	Details	
scsnRNA-Seq_level_3_atac_tumor/HT214B1-S1H2-features.tsv.gz	HTAN WUSTL		HTA12_130_1	scRNA-seq	Level 3	Breast NOS		Ductal carcinoma NOS	Synapse	syn52175762	HTA12	gzip	HTA12_130_3001	HTA12_130_2020		CellRanger	For each sample, we obtained the unfiltered feature-barcode matrix per sample by passing the demultiplexed FASTQs to Cell Ranger v.6.0.2 <U+2018>count<U+2019> command using default parameters with --include-introns tag and the prebuilt GRCh38 genome reference refdata-gex-GRCh38-2020-A (GENCODE v32/Ensembl 98) for snRNA.	cellranger-6.0.2	https://github.com/ding-lab/PanCan_snATAC_publication/blob/main/Processing_scripts/cellranger.v.6.0.2.sh	Release 3.0	Details	
scsnRNA-Seq_level_3_atac_tumor/HT163B1-S1H6-features.tsv.gz	HTAN WUSTL		HTA12_127_1	scRNA-seq	Level 3	Breast NOS		Ductal carcinoma NOS	Synapse	syn52175767	HTA12	gzip	HTA12_127_3001	HTA12_127_2020		CellRanger	For each sample, we obtained the unfiltered feature-barcode matrix per sample by passing the demultiplexed FASTQs to Cell Ranger v.6.0.2 <U+2018>count<U+2019> command using default parameters with --include-introns tag and the prebuilt GRCh38 genome reference refdata-gex-GRCh38-2020-A (GENCODE v32/Ensembl 98) for snRNA.	cellranger-6.0.2	https://github.com/ding-lab/PanCan_snATAC_publication/blob/main/Processing_scripts/cellranger.v.6.0.2.sh	Release 3.0	Details	
scsnRNA-Seq_level_3_atac_tumor/HT029B1-S1PC-features.tsv.gz	HTAN WUSTL		HTA12_118_1	scRNA-seq	Level 3	Breast NOS		Ductal carcinoma NOS	Synapse	syn52175769	HTA12	gzip	HTA12_118_3001	HTA12_118_2020		CellRanger	For each sample, we obtained the unfiltered feature-barcode matrix per sample by passing the demultiplexed FASTQs to Cell Ranger v.6.0.2 <U+2018>count<U+2019> command using default parameters with --include-introns tag and the prebuilt GRCh38 genome reference refdata-gex-GRCh38-2020-A (GENCODE v32/Ensembl 98) for snRNA.	cellranger-6.0.2	https://github.com/ding-lab/PanCan_snATAC_publication/blob/main/Processing_scripts/cellranger.v.6.0.2.sh	Release 3.0	Details	
scsnRNA-Seq_level_3_atac_tumor/HT128B1-S1H4-barcodes.tsv.gz	HTAN WUSTL		HTA12_123_1	scRNA-seq	Level 3	Breast NOS	Chemotherapy	Lobular carcinoma NOS	Synapse	syn52175770	HTA12	gzip	HTA12_123_3000	HTA12_123_2020		CellRanger	For each sample, we obtained the unfiltered feature-barcode matrix per sample by passing the demultiplexed FASTQs to Cell Ranger v.6.0.2 <U+2018>count<U+2019> command using default parameters with --include-introns tag and the prebuilt GRCh38 genome reference refdata-gex-GRCh38-2020-A (GENCODE v32/Ensembl 98) for snRNA.	cellranger-6.0.2	https://github.com/ding-lab/PanCan_snATAC_publication/blob/main/Processing_scripts/cellranger.v.6.0.2.sh	Release 3.0	Details	
scsnRNA-Seq_level_3_atac_tumor/HT137B1-S1H7-barcodes.tsv.gz	HTAN WUSTL		HTA12_124_1	scRNA-seq	Level 3	Breast NOS		Lobular carcinoma NOS	Synapse	syn52175780	HTA12	gzip	HTA12_124_3000	HTA12_124_2020		CellRanger	For each sample, we obtained the unfiltered feature-barcode matrix per sample by passing the demultiplexed FASTQs to Cell Ranger v.6.0.2 <U+2018>count<U+2019> command using default parameters with --include-introns tag and the prebuilt GRCh38 genome reference refdata-gex-GRCh38-2020-A (GENCODE v32/Ensembl 98) for snRNA.	cellranger-6.0.2	https://github.com/ding-lab/PanCan_snATAC_publication/blob/main/Processing_scripts/cellranger.v.6.0.2.sh	Release 3.0	Details	
scsnRNA-Seq_level_3_atac_tumor/HT163B1-S1H6-barcodes.tsv.gz	HTAN WUSTL		HTA12_127_1	scRNA-seq	Level 3	Breast NOS		Ductal carcinoma NOS	Synapse	syn52175787	HTA12	gzip	HTA12_127_3000	HTA12_127_2020		CellRanger	For each sample, we obtained the unfiltered feature-barcode matrix per sample by passing the demultiplexed FASTQs to Cell Ranger v.6.0.2 <U+2018>count<U+2019> command using default parameters with --include-introns tag and the prebuilt GRCh38 genome reference refdata-gex-GRCh38-2020-A (GENCODE v32/Ensembl 98) for snRNA.	cellranger-6.0.2	https://github.com/ding-lab/PanCan_snATAC_publication/blob/main/Processing_scripts/cellranger.v.6.0.2.sh	Release 3.0	Details	
scsnRNA-Seq_level_3_atac_tumor/HT088B1-S1H1-barcodes.tsv.gz	HTAN WUSTL		HTA12_120_1	scRNA-seq	Level 3	Breast NOS		Lobular carcinoma NOS	Synapse	syn52175792	HTA12	gzip	HTA12_120_3000	HTA12_120_2020		CellRanger	For each sample, we obtained the unfiltered feature-barcode matrix per sample by passing the demultiplexed FASTQs to Cell Ranger v.6.0.2 <U+2018>count<U+2019> command using default parameters with --include-introns tag and the prebuilt GRCh38 genome reference refdata-gex-GRCh38-2020-A (GENCODE v32/Ensembl 98) for snRNA.	cellranger-6.0.2	https://github.com/ding-lab/PanCan_snATAC_publication/blob/main/Processing_scripts/cellranger.v.6.0.2.sh	Release 3.0	Details	
scsnRNA-Seq_level_3_atac_tumor/HT035B1-S1PA-barcodes.tsv.gz	HTAN WUSTL		HTA12_119_1	scRNA-seq	Level 3	Breast NOS		Ductal carcinoma NOS	Synapse	syn52175795	HTA12	gzip	HTA12_119_3000	HTA12_119_2020		CellRanger	For each sample, we obtained the unfiltered feature-barcode matrix per sample by passing the demultiplexed FASTQs to Cell Ranger v.6.0.2 <U+2018>count<U+2019> command using default parameters with --include-introns tag and the prebuilt GRCh38 genome reference refdata-gex-GRCh38-2020-A (GENCODE v32/Ensembl 98) for snRNA.	cellranger-6.0.2	https://github.com/ding-lab/PanCan_snATAC_publication/blob/main/Processing_scripts/cellranger.v.6.0.2.sh	Release 3.0	Details	
scsnRNA-Seq_level_3_atac_tumor/HT214B1-S1H2-barcodes.tsv.gz	HTAN WUSTL		HTA12_130_1	scRNA-seq	Level 3	Breast NOS		Ductal carcinoma NOS	Synapse	syn52175797	HTA12	gzip	HTA12_130_3000	HTA12_130_2020		CellRanger	For each sample, we obtained the unfiltered feature-barcode matrix per sample by passing the demultiplexed FASTQs to Cell Ranger v.6.0.2 <U+2018>count<U+2019> command using default parameters with --include-introns tag and the prebuilt GRCh38 genome reference refdata-gex-GRCh38-2020-A (GENCODE v32/Ensembl 98) for snRNA.	cellranger-6.0.2	https://github.com/ding-lab/PanCan_snATAC_publication/blob/main/Processing_scripts/cellranger.v.6.0.2.sh	Release 3.0	Details	
scsnRNA-Seq_level_3_atac_tumor/HT217B1-S1H1-barcodes.tsv.gz	HTAN WUSTL		HTA12_131_1	scRNA-seq	Level 3	Breast NOS		Mucous adenocarcinoma	Synapse	syn52175802	HTA12	gzip	HTA12_131_3000	HTA12_131_2020		CellRanger	For each sample, we obtained the unfiltered feature-barcode matrix per sample by passing the demultiplexed FASTQs to Cell Ranger v.6.0.2 <U+2018>count<U+2019> command using default parameters with --include-introns tag and the prebuilt GRCh38 genome reference refdata-gex-GRCh38-2020-A (GENCODE v32/Ensembl 98) for snRNA.	cellranger-6.0.2	https://github.com/ding-lab/PanCan_snATAC_publication/blob/main/Processing_scripts/cellranger.v.6.0.2.sh	Release 3.0	Details	
scsnRNA-Seq_level_3_atac_tumor/HT029B1-S1PC-barcodes.tsv.gz	HTAN WUSTL		HTA12_118_1	scRNA-seq	Level 3	Breast NOS		Ductal carcinoma NOS	Synapse	syn52175804	HTA12	gzip	HTA12_118_3000	HTA12_118_2020		CellRanger	For each sample, we obtained the unfiltered feature-barcode matrix per sample by passing the demultiplexed FASTQs to Cell Ranger v.6.0.2 <U+2018>count<U+2019> command using default parameters with --include-introns tag and the prebuilt GRCh38 genome reference refdata-gex-GRCh38-2020-A (GENCODE v32/Ensembl 98) for snRNA.	cellranger-6.0.2	https://github.com/ding-lab/PanCan_snATAC_publication/blob/main/Processing_scripts/cellranger.v.6.0.2.sh	Release 3.0	Details	
scsnRNA-Seq_level_3_atac_tumor/HT206B1-S1H4-barcodes.tsv.gz	HTAN WUSTL		HTA12_129_1	scRNA-seq	Level 3	Breast NOS	Chemotherapy	Ductal carcinoma NOS	Synapse	syn52175808	HTA12	gzip	HTA12_129_3000	HTA12_129_2020		CellRanger	For each sample, we obtained the unfiltered feature-barcode matrix per sample by passing the demultiplexed FASTQs to Cell Ranger v.6.0.2 <U+2018>count<U+2019> command using default parameters with --include-introns tag and the prebuilt GRCh38 genome reference refdata-gex-GRCh38-2020-A (GENCODE v32/Ensembl 98) for snRNA.	cellranger-6.0.2	https://github.com/ding-lab/PanCan_snATAC_publication/blob/main/Processing_scripts/cellranger.v.6.0.2.sh	Release 3.0	Details	
scsnRNA-Seq_level_3_atac_tumor/HT214B1-S1H2-matrix.mtx.gz	HTAN WUSTL		HTA12_130_1	scRNA-seq	Level 3	Breast NOS		Ductal carcinoma NOS	Synapse	syn52175812	HTA12	gzip	HTA12_130_3002	HTA12_130_2020		CellRanger	For each sample, we obtained the unfiltered feature-barcode matrix per sample by passing the demultiplexed FASTQs to Cell Ranger v.6.0.2 <U+2018>count<U+2019> command using default parameters with --include-introns tag and the prebuilt GRCh38 genome reference refdata-gex-GRCh38-2020-A (GENCODE v32/Ensembl 98) for snRNA.	cellranger-6.0.2	https://github.com/ding-lab/PanCan_snATAC_publication/blob/main/Processing_scripts/cellranger.v.6.0.2.sh	Release 3.0	Details	
scsnRNA-Seq_level_3_atac_tumor/HT128B1-S1H4-matrix.mtx.gz	HTAN WUSTL		HTA12_123_1	scRNA-seq	Level 3	Breast NOS	Chemotherapy	Lobular carcinoma NOS	Synapse	syn52175817	HTA12	gzip	HTA12_123_3002	HTA12_123_2020		CellRanger	For each sample, we obtained the unfiltered feature-barcode matrix per sample by passing the demultiplexed FASTQs to Cell Ranger v.6.0.2 <U+2018>count<U+2019> command using default parameters with --include-introns tag and the prebuilt GRCh38 genome reference refdata-gex-GRCh38-2020-A (GENCODE v32/Ensembl 98) for snRNA.	cellranger-6.0.2	https://github.com/ding-lab/PanCan_snATAC_publication/blob/main/Processing_scripts/cellranger.v.6.0.2.sh	Release 3.0	Details	
scsnRNA-Seq_level_3_atac_tumor/HT217B1-S1H1-matrix.mtx.gz	HTAN WUSTL		HTA12_131_1	scRNA-seq	Level 3	Breast NOS		Mucous adenocarcinoma	Synapse	syn52175818	HTA12	gzip	HTA12_131_3002	HTA12_131_2020		CellRanger	For each sample, we obtained the unfiltered feature-barcode matrix per sample by passing the demultiplexed FASTQs to Cell Ranger v.6.0.2 <U+2018>count<U+2019> command using default parameters with --include-introns tag and the prebuilt GRCh38 genome reference refdata-gex-GRCh38-2020-A (GENCODE v32/Ensembl 98) for snRNA.	cellranger-6.0.2	https://github.com/ding-lab/PanCan_snATAC_publication/blob/main/Processing_scripts/cellranger.v.6.0.2.sh	Release 3.0	Details	
scsnRNA-Seq_level_3_atac_tumor/HT141B1-S1H1-matrix.mtx.gz	HTAN WUSTL		HTA12_126_1	scRNA-seq	Level 3	Breast NOS	Chemotherapy	Ductal carcinoma NOS	Synapse	syn52175828	HTA12	gzip	HTA12_126_3002	HTA12_126_2020		CellRanger	For each sample, we obtained the unfiltered feature-barcode matrix per sample by passing the demultiplexed FASTQs to Cell Ranger v.6.0.2 <U+2018>count<U+2019> command using default parameters with --include-introns tag and the prebuilt GRCh38 genome reference refdata-gex-GRCh38-2020-A (GENCODE v32/Ensembl 98) for snRNA.	cellranger-6.0.2	https://github.com/ding-lab/PanCan_snATAC_publication/blob/main/Processing_scripts/cellranger.v.6.0.2.sh	Release 3.0	Details	
scsnRNA-Seq_level_3_atac_tumor/HT206B1-S1H4-matrix.mtx.gz	HTAN WUSTL		HTA12_129_1	scRNA-seq	Level 3	Breast NOS	Chemotherapy	Ductal carcinoma NOS	Synapse	syn52175832	HTA12	gzip	HTA12_129_3002	HTA12_129_2020		CellRanger	For each sample, we obtained the unfiltered feature-barcode matrix per sample by passing the demultiplexed FASTQs to Cell Ranger v.6.0.2 <U+2018>count<U+2019> command using default parameters with --include-introns tag and the prebuilt GRCh38 genome reference refdata-gex-GRCh38-2020-A (GENCODE v32/Ensembl 98) for snRNA.	cellranger-6.0.2	https://github.com/ding-lab/PanCan_snATAC_publication/blob/main/Processing_scripts/cellranger.v.6.0.2.sh	Release 3.0	Details	
scsnRNA-Seq_level_3_atac_tumor/HT035B1-S1PA-matrix.mtx.gz	HTAN WUSTL		HTA12_119_1	scRNA-seq	Level 3	Breast NOS		Ductal carcinoma NOS	Synapse	syn52175835	HTA12	gzip	HTA12_119_3002	HTA12_119_2020		CellRanger	For each sample, we obtained the unfiltered feature-barcode matrix per sample by passing the demultiplexed FASTQs to Cell Ranger v.6.0.2 <U+2018>count<U+2019> command using default parameters with --include-introns tag and the prebuilt GRCh38 genome reference refdata-gex-GRCh38-2020-A (GENCODE v32/Ensembl 98) for snRNA.	cellranger-6.0.2	https://github.com/ding-lab/PanCan_snATAC_publication/blob/main/Processing_scripts/cellranger.v.6.0.2.sh	Release 3.0	Details	
scsnRNA-Seq_level_3_atac_tumor/HT088B1-S1H1-matrix.mtx.gz	HTAN WUSTL		HTA12_120_1	scRNA-seq	Level 3	Breast NOS		Lobular carcinoma NOS	Synapse	syn52175837	HTA12	gzip	HTA12_120_3002	HTA12_120_2020		CellRanger	For each sample, we obtained the unfiltered feature-barcode matrix per sample by passing the demultiplexed FASTQs to Cell Ranger v.6.0.2 <U+2018>count<U+2019> command using default parameters with --include-introns tag and the prebuilt GRCh38 genome reference refdata-gex-GRCh38-2020-A (GENCODE v32/Ensembl 98) for snRNA.	cellranger-6.0.2	https://github.com/ding-lab/PanCan_snATAC_publication/blob/main/Processing_scripts/cellranger.v.6.0.2.sh	Release 3.0	Details	
scsnRNA-Seq_level_3_atac_tumor/HT137B1-S1H7-matrix.mtx.gz	HTAN WUSTL		HTA12_124_1	scRNA-seq	Level 3	Breast NOS		Lobular carcinoma NOS	Synapse	syn52175841	HTA12	gzip	HTA12_124_3002	HTA12_124_2020		CellRanger	For each sample, we obtained the unfiltered feature-barcode matrix per sample by passing the demultiplexed FASTQs to Cell Ranger v.6.0.2 <U+2018>count<U+2019> command using default parameters with --include-introns tag and the prebuilt GRCh38 genome reference refdata-gex-GRCh38-2020-A (GENCODE v32/Ensembl 98) for snRNA.	cellranger-6.0.2	https://github.com/ding-lab/PanCan_snATAC_publication/blob/main/Processing_scripts/cellranger.v.6.0.2.sh	Release 3.0	Details	
scsnRNA-Seq_level_3_atac_tumor/HT163B1-S1H6-matrix.mtx.gz	HTAN WUSTL		HTA12_127_1	scRNA-seq	Level 3	Breast NOS		Ductal carcinoma NOS	Synapse	syn52175842	HTA12	gzip	HTA12_127_3002	HTA12_127_2020		CellRanger	For each sample, we obtained the unfiltered feature-barcode matrix per sample by passing the demultiplexed FASTQs to Cell Ranger v.6.0.2 <U+2018>count<U+2019> command using default parameters with --include-introns tag and the prebuilt GRCh38 genome reference refdata-gex-GRCh38-2020-A (GENCODE v32/Ensembl 98) for snRNA.	cellranger-6.0.2	https://github.com/ding-lab/PanCan_snATAC_publication/blob/main/Processing_scripts/cellranger.v.6.0.2.sh	Release 3.0	Details	
scsnRNA-Seq_level_3_atac_tumor/HT029B1-S1PC-matrix.mtx.gz	HTAN WUSTL		HTA12_118_1	scRNA-seq	Level 3	Breast NOS		Ductal carcinoma NOS	Synapse	syn52175843	HTA12	gzip	HTA12_118_3002	HTA12_118_2020		CellRanger	For each sample, we obtained the unfiltered feature-barcode matrix per sample by passing the demultiplexed FASTQs to Cell Ranger v.6.0.2 <U+2018>count<U+2019> command using default parameters with --include-introns tag and the prebuilt GRCh38 genome reference refdata-gex-GRCh38-2020-A (GENCODE v32/Ensembl 98) for snRNA.	cellranger-6.0.2	https://github.com/ding-lab/PanCan_snATAC_publication/blob/main/Processing_scripts/cellranger.v.6.0.2.sh	Release 3.0	Details	
scsnRNA-Seq_level_3_BRCA23/HT163B1-S1H6-features.tsv.gz	HTAN WUSTL		HTA12_127_1	scRNA-seq	Level 3	Breast NOS		Ductal carcinoma NOS	Synapse	syn53213904	HTA12	gzip	HTA12_127_3007	HTA12_127_2001		CellRanger	For each sample we obtained the unfiltered feature-barcode matrix per sample by passing the demultiplexed FASTQs to Cell Ranger v.6.0.2 'count' command using default parameters with --include-introns tag and the prebuilt GRCh38 genome reference refdata-gex-GRCh38-2020-A (GENCODE v32/Ensembl 98) for RNA.	cellranger-6.0.2	https://github.com/ding-lab/HTAN_BRCA_publication/blob/main/Processing_scripts/cellranger.v.6.0.2.sh	Release 5.0	Details	
scsnRNA-Seq_level_3_BRCA23/HT110B1-S1H4-features.tsv.gz	HTAN WUSTL		HTA12_243_6	scRNA-seq	Level 3	Upper-outer quadrant of breast		Lobular carcinoma NOS	Synapse	syn53213905	HTA12	gzip	HTA12_243_3010	HTA12_243_2004		CellRanger	For each sample we obtained the unfiltered feature-barcode matrix per sample by passing the demultiplexed FASTQs to Cell Ranger v.6.0.2 'count' command using default parameters with --include-introns tag and the prebuilt GRCh38 genome reference refdata-gex-GRCh38-2020-A (GENCODE v32/Ensembl 98) for RNA.	cellranger-6.0.2	https://github.com/ding-lab/HTAN_BRCA_publication/blob/main/Processing_scripts/cellranger.v.6.0.2.sh	Release 5.0	Details	
scsnRNA-Seq_level_3_BRCA23/HT105B1-N1K1-features.tsv.gz	HTAN WUSTL		HTA12_242_2	scRNA-seq	Level 3	Upper-outer quadrant of breast		Infiltrating duct carcinoma NOS	Synapse	syn53213906	HTA12	gzip	HTA12_242_3001	HTA12_242_2000		CellRanger	For each sample we obtained the unfiltered feature-barcode matrix per sample by passing the demultiplexed FASTQs to Cell Ranger v.6.0.2 'count' command using default parameters with --include-introns tag and the prebuilt GRCh38 genome reference refdata-gex-GRCh38-2020-A (GENCODE v32/Ensembl 98) for RNA.	cellranger-6.0.2	https://github.com/ding-lab/HTAN_BRCA_publication/blob/main/Processing_scripts/cellranger.v.6.0.2.sh	Release 5.0	Details	
scsnRNA-Seq_level_3_BRCA23/HT171B1-S1H8-features.tsv.gz	HTAN WUSTL		HTA12_245_7	scRNA-seq	Level 3	Upper-outer quadrant of breast	Hormone therapy	Infiltrating duct carcinoma NOS	Synapse	syn53213907	HTA12	gzip	HTA12_245_3004	HTA12_245_2001		CellRanger	For each sample we obtained the unfiltered feature-barcode matrix per sample by passing the demultiplexed FASTQs to Cell Ranger v.6.0.2 'count' command using default parameters with --include-introns tag and the prebuilt GRCh38 genome reference refdata-gex-GRCh38-2020-A (GENCODE v32/Ensembl 98) for RNA.	cellranger-6.0.2	https://github.com/ding-lab/HTAN_BRCA_publication/blob/main/Processing_scripts/cellranger.v.6.0.2.sh	Release 5.0	Details	
scsnRNA-Seq_level_3_BRCA23/HT067B1-S1H2-features.tsv.gz	HTAN WUSTL		HTA12_237_2	scRNA-seq	Level 3	Upper-inner quadrant of breast		Infiltrating duct carcinoma NOS	Synapse	syn53213908	HTA12	gzip	HTA12_237_3001	HTA12_237_2000		CellRanger	For each sample we obtained the unfiltered feature-barcode matrix per sample by passing the demultiplexed FASTQs to Cell Ranger v.6.0.2 'count' command using default parameters with --include-introns tag and the prebuilt GRCh38 genome reference refdata-gex-GRCh38-2020-A (GENCODE v32/Ensembl 98) for RNA.	cellranger-6.0.2	https://github.com/ding-lab/HTAN_BRCA_publication/blob/main/Processing_scripts/cellranger.v.6.0.2.sh	Release 5.0	Details	
scsnRNA-Seq_level_3_BRCA23/HT105B1-S1H3-features.tsv.gz	HTAN WUSTL		HTA12_242_4	scRNA-seq	Level 3	Upper-outer quadrant of breast		Infiltrating duct carcinoma NOS	Synapse	syn53213909	HTA12	gzip	HTA12_242_3007	HTA12_242_2002		CellRanger	For each sample we obtained the unfiltered feature-barcode matrix per sample by passing the demultiplexed FASTQs to Cell Ranger v.6.0.2 'count' command using default parameters with --include-introns tag and the prebuilt GRCh38 genome reference refdata-gex-GRCh38-2020-A (GENCODE v32/Ensembl 98) for RNA.	cellranger-6.0.2	https://github.com/ding-lab/HTAN_BRCA_publication/blob/main/Processing_scripts/cellranger.v.6.0.2.sh	Release 5.0	Details	
scsnRNA-Seq_level_3_BRCA23/HT163B1-S1H2-barcodes.tsv.gz	HTAN WUSTL		HTA12_127_3	scRNA-seq	Level 3	Breast NOS		Ductal carcinoma NOS	Synapse	syn53213910	HTA12	gzip	HTA12_127_3003	HTA12_127_2000		CellRanger	For each sample we obtained the unfiltered feature-barcode matrix per sample by passing the demultiplexed FASTQs to Cell Ranger v.6.0.2 'count' command using default parameters with --include-introns tag and the prebuilt GRCh38 genome reference refdata-gex-GRCh38-2020-A (GENCODE v32/Ensembl 98) for RNA.	cellranger-6.0.2	https://github.com/ding-lab/HTAN_BRCA_publication/blob/main/Processing_scripts/cellranger.v.6.0.2.sh	Release 5.0	Details	
scsnRNA-Seq_level_3_BRCA23/HT067B1-S1H5-features.tsv.gz	HTAN WUSTL		HTA12_237_3	scRNA-seq	Level 3	Upper-inner quadrant of breast		Infiltrating duct carcinoma NOS	Synapse	syn53213911	HTA12	gzip	HTA12_237_3004	HTA12_237_2001		CellRanger	For each sample we obtained the unfiltered feature-barcode matrix per sample by passing the demultiplexed FASTQs to Cell Ranger v.6.0.2 'count' command using default parameters with --include-introns tag and the prebuilt GRCh38 genome reference refdata-gex-GRCh38-2020-A (GENCODE v32/Ensembl 98) for RNA.	cellranger-6.0.2	https://github.com/ding-lab/HTAN_BRCA_publication/blob/main/Processing_scripts/cellranger.v.6.0.2.sh	Release 5.0	Details	
scsnRNA-Seq_level_3_BRCA23/HT065B1-S1H1A2A1Z1B1-features.tsv.gz	HTAN WUSTL		HTA12_236_2	scRNA-seq	Level 3	Upper-outer quadrant of breast		Infiltrating duct carcinoma NOS	Synapse	syn53213912	HTA12	gzip	HTA12_236_3001	HTA12_236_2000		CellRanger	For each sample we obtained the unfiltered feature-barcode matrix per sample by passing the demultiplexed FASTQs to Cell Ranger v.6.0.2 'count' command using default parameters with --include-introns tag and the prebuilt GRCh38 genome reference refdata-gex-GRCh38-2020-A (GENCODE v32/Ensembl 98) for RNA.	cellranger-6.0.2	https://github.com/ding-lab/HTAN_BRCA_publication/blob/main/Processing_scripts/cellranger.v.6.0.2.sh	Release 5.0	Details	
scsnRNA-Seq_level_3_BRCA23/HT068B1-S1H1-features.tsv.gz	HTAN WUSTL		HTA12_238_2	scRNA-seq	Level 3	Upper-inner quadrant of breast		Infiltrating duct carcinoma NOS	Synapse	syn53213913	HTA12	gzip	HTA12_238_3001	HTA12_238_2000		CellRanger	For each sample we obtained the unfiltered feature-barcode matrix per sample by passing the demultiplexed FASTQs to Cell Ranger v.6.0.2 'count' command using default parameters with --include-introns tag and the prebuilt GRCh38 genome reference refdata-gex-GRCh38-2020-A (GENCODE v32/Ensembl 98) for RNA.	cellranger-6.0.2	https://github.com/ding-lab/HTAN_BRCA_publication/blob/main/Processing_scripts/cellranger.v.6.0.2.sh	Release 5.0	Details	
scsnRNA-Seq_level_3_BRCA23/HT154B1-S1H1-features.tsv.gz	HTAN WUSTL		HTA12_244_2	scRNA-seq	Level 3	Breast NOS		Infiltrating duct carcinoma NOS	Synapse	syn53213914	HTA12	gzip	HTA12_244_3001	HTA12_244_2000		CellRanger	For each sample we obtained the unfiltered feature-barcode matrix per sample by passing the demultiplexed FASTQs to Cell Ranger v.6.0.2 'count' command using default parameters with --include-introns tag and the prebuilt GRCh38 genome reference refdata-gex-GRCh38-2020-A (GENCODE v32/Ensembl 98) for RNA.	cellranger-6.0.2	https://github.com/ding-lab/HTAN_BRCA_publication/blob/main/Processing_scripts/cellranger.v.6.0.2.sh	Release 5.0	Details	
scsnRNA-Seq_level_3_BRCA23/HT110B1-M1-barcodes.tsv.gz	HTAN WUSTL		HTA12_243_3	scRNA-seq	Level 3	Upper-outer quadrant of breast		Lobular carcinoma NOS	Synapse	syn53213915	HTA12	gzip	HTA12_243_3000	HTA12_243_2000		CellRanger	For each sample we obtained the unfiltered feature-barcode matrix per sample by passing the demultiplexed FASTQs to Cell Ranger v.6.0.2 'count' command using default parameters with --include-introns tag and the prebuilt GRCh38 genome reference refdata-gex-GRCh38-2020-A (GENCODE v32/Ensembl 98) for RNA.	cellranger-6.0.2	https://github.com/ding-lab/HTAN_BRCA_publication/blob/main/Processing_scripts/cellranger.v.6.0.2.sh	Release 5.0	Details	
scsnRNA-Seq_level_3_BRCA23/HT110B1-S1H4A2K1G1Z1B1-features.tsv.gz	HTAN WUSTL		HTA12_243_7	scRNA-seq	Level 3	Upper-outer quadrant of breast		Lobular carcinoma NOS	Synapse	syn53213916	HTA12	gzip	HTA12_243_3007	HTA12_243_2002		CellRanger	For each sample we obtained the unfiltered feature-barcode matrix per sample by passing the demultiplexed FASTQs to Cell Ranger v.6.0.2 'count' command using default parameters with --include-introns tag and the prebuilt GRCh38 genome reference refdata-gex-GRCh38-2020-A (GENCODE v32/Ensembl 98) for RNA.	cellranger-6.0.2	https://github.com/ding-lab/HTAN_BRCA_publication/blob/main/Processing_scripts/cellranger.v.6.0.2.sh	Release 5.0	Details	
scsnRNA-Seq_level_3_BRCA23/HT103B1-S1H4-features.tsv.gz	HTAN WUSTL		HTA12_241_2	scRNA-seq	Level 3	Upper-outer quadrant of breast		Spindle cell carcinoma NOS	Synapse	syn53213917	HTA12	gzip	HTA12_241_3001	HTA12_241_2000		CellRanger	For each sample we obtained the unfiltered feature-barcode matrix per sample by passing the demultiplexed FASTQs to Cell Ranger v.6.0.2 'count' command using default parameters with --include-introns tag and the prebuilt GRCh38 genome reference refdata-gex-GRCh38-2020-A (GENCODE v32/Ensembl 98) for RNA.	cellranger-6.0.2	https://github.com/ding-lab/HTAN_BRCA_publication/blob/main/Processing_scripts/cellranger.v.6.0.2.sh	Release 5.0	Details	
scsnRNA-Seq_level_3_BRCA23/HT154B1-S1H3-features.tsv.gz	HTAN WUSTL		HTA12_244_3	scRNA-seq	Level 3	Breast NOS		Infiltrating duct carcinoma NOS	Synapse	syn53213918	HTA12	gzip	HTA12_244_3004	HTA12_244_2001		CellRanger	For each sample we obtained the unfiltered feature-barcode matrix per sample by passing the demultiplexed FASTQs to Cell Ranger v.6.0.2 'count' command using default parameters with --include-introns tag and the prebuilt GRCh38 genome reference refdata-gex-GRCh38-2020-A (GENCODE v32/Ensembl 98) for RNA.	cellranger-6.0.2	https://github.com/ding-lab/HTAN_BRCA_publication/blob/main/Processing_scripts/cellranger.v.6.0.2.sh	Release 5.0	Details	
scsnRNA-Seq_level_3_BRCA23/HT154B1-S1H5-features.tsv.gz	HTAN WUSTL		HTA12_244_4	scRNA-seq	Level 3	Breast NOS		Infiltrating duct carcinoma NOS	Synapse	syn53213919	HTA12	gzip	HTA12_244_3007	HTA12_244_2002		CellRanger	For each sample we obtained the unfiltered feature-barcode matrix per sample by passing the demultiplexed FASTQs to Cell Ranger v.6.0.2 'count' command using default parameters with --include-introns tag and the prebuilt GRCh38 genome reference refdata-gex-GRCh38-2020-A (GENCODE v32/Ensembl 98) for RNA.	cellranger-6.0.2	https://github.com/ding-lab/HTAN_BRCA_publication/blob/main/Processing_scripts/cellranger.v.6.0.2.sh	Release 5.0	Details	
scsnRNA-Seq_level_3_BRCA23/HT062B1-S1PA-barcodes.tsv.gz	HTAN WUSTL		HTA12_235_1	scRNA-seq	Level 3	Breast NOS	Chemotherapy	Infiltrating duct carcinoma NOS	Synapse	syn53213920	HTA12	gzip	HTA12_235_3000	HTA12_235_2000		CellRanger	For each sample we obtained the unfiltered feature-barcode matrix per sample by passing the demultiplexed FASTQs to Cell Ranger v.6.0.2 'count' command using default parameters with --include-introns tag and the prebuilt GRCh38 genome reference refdata-gex-GRCh38-2020-A (GENCODE v32/Ensembl 98) for RNA.	cellranger-6.0.2	https://github.com/ding-lab/HTAN_BRCA_publication/blob/main/Processing_scripts/cellranger.v.6.0.2.sh	Release 5.0	Details	
scsnRNA-Seq_level_3_BRCA23/HT077B1-S1H1-features.tsv.gz	HTAN WUSTL		HTA12_239_2	scRNA-seq	Level 3	Upper-outer quadrant of breast		Infiltrating duct carcinoma NOS	Synapse	syn53213921	HTA12	gzip	HTA12_239_3001	HTA12_239_2000		CellRanger	For each sample we obtained the unfiltered feature-barcode matrix per sample by passing the demultiplexed FASTQs to Cell Ranger v.6.0.2 'count' command using default parameters with --include-introns tag and the prebuilt GRCh38 genome reference refdata-gex-GRCh38-2020-A (GENCODE v32/Ensembl 98) for RNA.	cellranger-6.0.2	https://github.com/ding-lab/HTAN_BRCA_publication/blob/main/Processing_scripts/cellranger.v.6.0.2.sh	Release 5.0	Details	
scsnRNA-Seq_level_3_BRCA23/HT110B1-S1H1-features.tsv.gz	HTAN WUSTL		HTA12_243_5	scRNA-seq	Level 3	Upper-outer quadrant of breast		Lobular carcinoma NOS	Synapse	syn53213922	HTA12	gzip	HTA12_243_3004	HTA12_243_2001		CellRanger	For each sample we obtained the unfiltered feature-barcode matrix per sample by passing the demultiplexed FASTQs to Cell Ranger v.6.0.2 'count' command using default parameters with --include-introns tag and the prebuilt GRCh38 genome reference refdata-gex-GRCh38-2020-A (GENCODE v32/Ensembl 98) for RNA.	cellranger-6.0.2	https://github.com/ding-lab/HTAN_BRCA_publication/blob/main/Processing_scripts/cellranger.v.6.0.2.sh	Release 5.0	Details	
scsnRNA-Seq_level_3_BRCA23/HT036B1-S2PG-features.tsv.gz	HTAN WUSTL		HTA12_234_3	scRNA-seq	Level 3	Upper-inner quadrant of breast		Infiltrating duct carcinoma NOS	Synapse	syn53213923	HTA12	gzip	HTA12_234_3004	HTA12_234_2001		CellRanger	For each sample we obtained the unfiltered feature-barcode matrix per sample by passing the demultiplexed FASTQs to Cell Ranger v.6.0.2 'count' command using default parameters with --include-introns tag and the prebuilt GRCh38 genome reference refdata-gex-GRCh38-2020-A (GENCODE v32/Ensembl 98) for RNA.	cellranger-6.0.2	https://github.com/ding-lab/HTAN_BRCA_publication/blob/main/Processing_scripts/cellranger.v.6.0.2.sh	Release 5.0	Details	
scsnRNA-Seq_level_3_BRCA23/HT077B1-S1H7-features.tsv.gz	HTAN WUSTL		HTA12_239_4	scRNA-seq	Level 3	Upper-outer quadrant of breast		Infiltrating duct carcinoma NOS	Synapse	syn53213924	HTA12	gzip	HTA12_239_3007	HTA12_239_2002		CellRanger	For each sample we obtained the unfiltered feature-barcode matrix per sample by passing the demultiplexed FASTQs to Cell Ranger v.6.0.2 'count' command using default parameters with --include-introns tag and the prebuilt GRCh38 genome reference refdata-gex-GRCh38-2020-A (GENCODE v32/Ensembl 98) for RNA.	cellranger-6.0.2	https://github.com/ding-lab/HTAN_BRCA_publication/blob/main/Processing_scripts/cellranger.v.6.0.2.sh	Release 5.0	Details	
scsnRNA-Seq_level_3_BRCA23/HT163B1-S1H2-features.tsv.gz	HTAN WUSTL		HTA12_127_3	scRNA-seq	Level 3	Breast NOS		Ductal carcinoma NOS	Synapse	syn53213925	HTA12	gzip	HTA12_127_3004	HTA12_127_2000		CellRanger	For each sample we obtained the unfiltered feature-barcode matrix per sample by passing the demultiplexed FASTQs to Cell Ranger v.6.0.2 'count' command using default parameters with --include-introns tag and the prebuilt GRCh38 genome reference refdata-gex-GRCh38-2020-A (GENCODE v32/Ensembl 98) for RNA.	cellranger-6.0.2	https://github.com/ding-lab/HTAN_BRCA_publication/blob/main/Processing_scripts/cellranger.v.6.0.2.sh	Release 5.0	Details	
scsnRNA-Seq_level_3_BRCA23/HT262B1-S1H3-features.tsv.gz	HTAN WUSTL		HTA12_246_4	scRNA-seq	Level 3	Upper-outer quadrant of breast		Lobular and ductal carcinoma	Synapse	syn53213926	HTA12	gzip	HTA12_246_3001	HTA12_246_2000		CellRanger	For each sample we obtained the unfiltered feature-barcode matrix per sample by passing the demultiplexed FASTQs to Cell Ranger v.6.0.2 'count' command using default parameters with --include-introns tag and the prebuilt GRCh38 genome reference refdata-gex-GRCh38-2020-A (GENCODE v32/Ensembl 98) for RNA.	cellranger-6.0.2	https://github.com/ding-lab/HTAN_BRCA_publication/blob/main/Processing_scripts/cellranger.v.6.0.2.sh	Release 5.0	Details	
scsnRNA-Seq_level_3_BRCA23/HT265B1-S1H4-features.tsv.gz	HTAN WUSTL		HTA12_247_2	scRNA-seq	Level 3	Upper-outer quadrant of breast	Chemotherapy	Ductal carcinoma in situ NOS	Synapse	syn53213927	HTA12	gzip	HTA12_247_3001	HTA12_247_2000		CellRanger	For each sample we obtained the unfiltered feature-barcode matrix per sample by passing the demultiplexed FASTQs to Cell Ranger v.6.0.2 'count' command using default parameters with --include-introns tag and the prebuilt GRCh38 genome reference refdata-gex-GRCh38-2020-A (GENCODE v32/Ensembl 98) for RNA.	cellranger-6.0.2	https://github.com/ding-lab/HTAN_BRCA_publication/blob/main/Processing_scripts/cellranger.v.6.0.2.sh	Release 5.0	Details	
scsnRNA-Seq_level_3_BRCA23/HT062B1-S1PA-features.tsv.gz	HTAN WUSTL		HTA12_235_1	scRNA-seq	Level 3	Breast NOS	Chemotherapy	Infiltrating duct carcinoma NOS	Synapse	syn53213928	HTA12	gzip	HTA12_235_3001	HTA12_235_2000		CellRanger	For each sample we obtained the unfiltered feature-barcode matrix per sample by passing the demultiplexed FASTQs to Cell Ranger v.6.0.2 'count' command using default parameters with --include-introns tag and the prebuilt GRCh38 genome reference refdata-gex-GRCh38-2020-A (GENCODE v32/Ensembl 98) for RNA.	cellranger-6.0.2	https://github.com/ding-lab/HTAN_BRCA_publication/blob/main/Processing_scripts/cellranger.v.6.0.2.sh	Release 5.0	Details	
scsnRNA-Seq_level_3_BRCA23/HT077B1-S1H3-features.tsv.gz	HTAN WUSTL		HTA12_239_3	scRNA-seq	Level 3	Upper-outer quadrant of breast		Infiltrating duct carcinoma NOS	Synapse	syn53213929	HTA12	gzip	HTA12_239_3004	HTA12_239_2001		CellRanger	For each sample we obtained the unfiltered feature-barcode matrix per sample by passing the demultiplexed FASTQs to Cell Ranger v.6.0.2 'count' command using default parameters with --include-introns tag and the prebuilt GRCh38 genome reference refdata-gex-GRCh38-2020-A (GENCODE v32/Ensembl 98) for RNA.	cellranger-6.0.2	https://github.com/ding-lab/HTAN_BRCA_publication/blob/main/Processing_scripts/cellranger.v.6.0.2.sh	Release 5.0	Details	
scsnRNA-Seq_level_3_BRCA23/HT065B1-S1H7-features.tsv.gz	HTAN WUSTL		HTA12_236_3	scRNA-seq	Level 3	Upper-outer quadrant of breast		Infiltrating duct carcinoma NOS	Synapse	syn53213930	HTA12	gzip	HTA12_236_3007	HTA12_236_2001		CellRanger	For each sample we obtained the unfiltered feature-barcode matrix per sample by passing the demultiplexed FASTQs to Cell Ranger v.6.0.2 'count' command using default parameters with --include-introns tag and the prebuilt GRCh38 genome reference refdata-gex-GRCh38-2020-A (GENCODE v32/Ensembl 98) for RNA.	cellranger-6.0.2	https://github.com/ding-lab/HTAN_BRCA_publication/blob/main/Processing_scripts/cellranger.v.6.0.2.sh	Release 5.0	Details	
scsnRNA-Seq_level_3_BRCA23/HT084B1-S1H8-features.tsv.gz	HTAN WUSTL		HTA12_240_2	scRNA-seq	Level 3	Upper-inner quadrant of breast		Infiltrating duct carcinoma NOS	Synapse	syn53213931	HTA12	gzip	HTA12_240_3001	HTA12_240_2000		CellRanger	For each sample we obtained the unfiltered feature-barcode matrix per sample by passing the demultiplexed FASTQs to Cell Ranger v.6.0.2 'count' command using default parameters with --include-introns tag and the prebuilt GRCh38 genome reference refdata-gex-GRCh38-2020-A (GENCODE v32/Ensembl 98) for RNA.	cellranger-6.0.2	https://github.com/ding-lab/HTAN_BRCA_publication/blob/main/Processing_scripts/cellranger.v.6.0.2.sh	Release 5.0	Details	
scsnRNA-Seq_level_3_BRCA23/HT103B1-S1H7-features.tsv.gz	HTAN WUSTL		HTA12_241_3	scRNA-seq	Level 3	Upper-outer quadrant of breast		Spindle cell carcinoma NOS	Synapse	syn53213932	HTA12	gzip	HTA12_241_3004	HTA12_241_2001		CellRanger	For each sample we obtained the unfiltered feature-barcode matrix per sample by passing the demultiplexed FASTQs to Cell Ranger v.6.0.2 'count' command using default parameters with --include-introns tag and the prebuilt GRCh38 genome reference refdata-gex-GRCh38-2020-A (GENCODE v32/Ensembl 98) for RNA.	cellranger-6.0.2	https://github.com/ding-lab/HTAN_BRCA_publication/blob/main/Processing_scripts/cellranger.v.6.0.2.sh	Release 5.0	Details	
scsnRNA-Seq_level_3_BRCA23/HT105B1-S1H1-features.tsv.gz	HTAN WUSTL		HTA12_242_3	scRNA-seq	Level 3	Upper-outer quadrant of breast		Infiltrating duct carcinoma NOS	Synapse	syn53213933	HTA12	gzip	HTA12_242_3004	HTA12_242_2001		CellRanger	For each sample we obtained the unfiltered feature-barcode matrix per sample by passing the demultiplexed FASTQs to Cell Ranger v.6.0.2 'count' command using default parameters with --include-introns tag and the prebuilt GRCh38 genome reference refdata-gex-GRCh38-2020-A (GENCODE v32/Ensembl 98) for RNA.	cellranger-6.0.2	https://github.com/ding-lab/HTAN_BRCA_publication/blob/main/Processing_scripts/cellranger.v.6.0.2.sh	Release 5.0	Details	
scsnRNA-Seq_level_3_BRCA23/HT065B1-S1H1-features.tsv.gz	HTAN WUSTL		HTA12_236_1	scRNA-seq	Level 3	Upper-outer quadrant of breast		Infiltrating duct carcinoma NOS	Synapse	syn53213934	HTA12	gzip	HTA12_236_3004	HTA12_236_2002		CellRanger	For each sample we obtained the unfiltered feature-barcode matrix per sample by passing the demultiplexed FASTQs to Cell Ranger v.6.0.2 'count' command using default parameters with --include-introns tag and the prebuilt GRCh38 genome reference refdata-gex-GRCh38-2020-A (GENCODE v32/Ensembl 98) for RNA.	cellranger-6.0.2	https://github.com/ding-lab/HTAN_BRCA_publication/blob/main/Processing_scripts/cellranger.v.6.0.2.sh	Release 5.0	Details	
scsnRNA-Seq_level_3_BRCA23/HT128B1-S1H3-features.tsv.gz	HTAN WUSTL		HTA12_123_3	scRNA-seq	Level 3	Breast NOS	Chemotherapy	Lobular carcinoma NOS	Synapse	syn53213935	HTA12	gzip	HTA12_123_3004	HTA12_123_2000		CellRanger	For each sample we obtained the unfiltered feature-barcode matrix per sample by passing the demultiplexed FASTQs to Cell Ranger v.6.0.2 'count' command using default parameters with --include-introns tag and the prebuilt GRCh38 genome reference refdata-gex-GRCh38-2020-A (GENCODE v32/Ensembl 98) for RNA.	cellranger-6.0.2	https://github.com/ding-lab/HTAN_BRCA_publication/blob/main/Processing_scripts/cellranger.v.6.0.2.sh	Release 5.0	Details	
scsnRNA-Seq_level_3_BRCA23/HT110B1-M1-features.tsv.gz	HTAN WUSTL		HTA12_243_3	scRNA-seq	Level 3	Upper-outer quadrant of breast		Lobular carcinoma NOS	Synapse	syn53213936	HTA12	gzip	HTA12_243_3001	HTA12_243_2000		CellRanger	For each sample we obtained the unfiltered feature-barcode matrix per sample by passing the demultiplexed FASTQs to Cell Ranger v.6.0.2 'count' command using default parameters with --include-introns tag and the prebuilt GRCh38 genome reference refdata-gex-GRCh38-2020-A (GENCODE v32/Ensembl 98) for RNA.	cellranger-6.0.2	https://github.com/ding-lab/HTAN_BRCA_publication/blob/main/Processing_scripts/cellranger.v.6.0.2.sh	Release 5.0	Details	
scsnRNA-Seq_level_3_BRCA23/HT262B1-S1H3-barcodes.tsv.gz	HTAN WUSTL		HTA12_246_4	scRNA-seq	Level 3	Upper-outer quadrant of breast		Lobular and ductal carcinoma	Synapse	syn53213937	HTA12	gzip	HTA12_246_3000	HTA12_246_2000		CellRanger	For each sample we obtained the unfiltered feature-barcode matrix per sample by passing the demultiplexed FASTQs to Cell Ranger v.6.0.2 'count' command using default parameters with --include-introns tag and the prebuilt GRCh38 genome reference refdata-gex-GRCh38-2020-A (GENCODE v32/Ensembl 98) for RNA.	cellranger-6.0.2	https://github.com/ding-lab/HTAN_BRCA_publication/blob/main/Processing_scripts/cellranger.v.6.0.2.sh	Release 5.0	Details	
scsnRNA-Seq_level_3_BRCA23/HT068B1-S1H2-features.tsv.gz	HTAN WUSTL		HTA12_238_3	scRNA-seq	Level 3	Upper-inner quadrant of breast		Infiltrating duct carcinoma NOS	Synapse	syn53213938	HTA12	gzip	HTA12_238_3004	HTA12_238_2001		CellRanger	For each sample we obtained the unfiltered feature-barcode matrix per sample by passing the demultiplexed FASTQs to Cell Ranger v.6.0.2 'count' command using default parameters with --include-introns tag and the prebuilt GRCh38 genome reference refdata-gex-GRCh38-2020-A (GENCODE v32/Ensembl 98) for RNA.	cellranger-6.0.2	https://github.com/ding-lab/HTAN_BRCA_publication/blob/main/Processing_scripts/cellranger.v.6.0.2.sh	Release 5.0	Details	
scsnRNA-Seq_level_3_BRCA23/HT171B1-S1H1-features.tsv.gz	HTAN WUSTL		HTA12_245_6	scRNA-seq	Level 3	Upper-outer quadrant of breast	Hormone therapy	Infiltrating duct carcinoma NOS	Synapse	syn53213939	HTA12	gzip	HTA12_245_3001	HTA12_245_2000		CellRanger	For each sample we obtained the unfiltered feature-barcode matrix per sample by passing the demultiplexed FASTQs to Cell Ranger v.6.0.2 'count' command using default parameters with --include-introns tag and the prebuilt GRCh38 genome reference refdata-gex-GRCh38-2020-A (GENCODE v32/Ensembl 98) for RNA.	cellranger-6.0.2	https://github.com/ding-lab/HTAN_BRCA_publication/blob/main/Processing_scripts/cellranger.v.6.0.2.sh	Release 5.0	Details	
scsnRNA-Seq_level_3_BRCA23/HT088B1-S1H4-features.tsv.gz	HTAN WUSTL		HTA12_120_3	scRNA-seq	Level 3	Breast NOS		Lobular carcinoma NOS	Synapse	syn53213940	HTA12	gzip	HTA12_120_3007	HTA12_120_2001		CellRanger	For each sample we obtained the unfiltered feature-barcode matrix per sample by passing the demultiplexed FASTQs to Cell Ranger v.6.0.2 'count' command using default parameters with --include-introns tag and the prebuilt GRCh38 genome reference refdata-gex-GRCh38-2020-A (GENCODE v32/Ensembl 98) for RNA.	cellranger-6.0.2	https://github.com/ding-lab/HTAN_BRCA_publication/blob/main/Processing_scripts/cellranger.v.6.0.2.sh	Release 5.0	Details	
scsnRNA-Seq_level_3_BRCA23/HT036B1-S1PE-features.tsv.gz	HTAN WUSTL		HTA12_234_2	scRNA-seq	Level 3	Upper-inner quadrant of breast		Infiltrating duct carcinoma NOS	Synapse	syn53213941	HTA12	gzip	HTA12_234_3001	HTA12_234_2000		CellRanger	For each sample we obtained the unfiltered feature-barcode matrix per sample by passing the demultiplexed FASTQs to Cell Ranger v.6.0.2 'count' command using default parameters with --include-introns tag and the prebuilt GRCh38 genome reference refdata-gex-GRCh38-2020-A (GENCODE v32/Ensembl 98) for RNA.	cellranger-6.0.2	https://github.com/ding-lab/HTAN_BRCA_publication/blob/main/Processing_scripts/cellranger.v.6.0.2.sh	Release 5.0	Details	
scsnRNA-Seq_level_3_BRCA23/HT062B1-S1PB-features.tsv.gz	HTAN WUSTL		HTA12_235_2	scRNA-seq	Level 3	Breast NOS	Chemotherapy	Infiltrating duct carcinoma NOS	Synapse	syn53213942	HTA12	gzip	HTA12_235_3004	HTA12_235_2001		CellRanger	For each sample we obtained the unfiltered feature-barcode matrix per sample by passing the demultiplexed FASTQs to Cell Ranger v.6.0.2 'count' command using default parameters with --include-introns tag and the prebuilt GRCh38 genome reference refdata-gex-GRCh38-2020-A (GENCODE v32/Ensembl 98) for RNA.	cellranger-6.0.2	https://github.com/ding-lab/HTAN_BRCA_publication/blob/main/Processing_scripts/cellranger.v.6.0.2.sh	Release 5.0	Details	
scsnRNA-Seq_level_3_BRCA23/HT027B1-S1R1-features.tsv.gz	HTAN WUSTL		HTA12_233_2	scRNA-seq	Level 3	Upper-inner quadrant of breast		Lobular and ductal carcinoma	Synapse	syn53213943	HTA12	gzip	HTA12_233_3001	HTA12_233_2000		CellRanger	For each sample we obtained the unfiltered feature-barcode matrix per sample by passing the demultiplexed FASTQs to Cell Ranger v.6.0.2 'count' command using default parameters with --include-introns tag and the prebuilt GRCh38 genome reference refdata-gex-GRCh38-2020-A (GENCODE v32/Ensembl 98) for RNA.	cellranger-6.0.2	https://github.com/ding-lab/HTAN_BRCA_publication/blob/main/Processing_scripts/cellranger.v.6.0.2.sh	Release 5.0	Details	
scsnRNA-Seq_level_3_BRCA23/HT105B1-S1H1-barcodes.tsv.gz	HTAN WUSTL		HTA12_242_3	scRNA-seq	Level 3	Upper-outer quadrant of breast		Infiltrating duct carcinoma NOS	Synapse	syn53213944	HTA12	gzip	HTA12_242_3003	HTA12_242_2001		CellRanger	For each sample we obtained the unfiltered feature-barcode matrix per sample by passing the demultiplexed FASTQs to Cell Ranger v.6.0.2 'count' command using default parameters with --include-introns tag and the prebuilt GRCh38 genome reference refdata-gex-GRCh38-2020-A (GENCODE v32/Ensembl 98) for RNA.	cellranger-6.0.2	https://github.com/ding-lab/HTAN_BRCA_publication/blob/main/Processing_scripts/cellranger.v.6.0.2.sh	Release 5.0	Details	
scsnRNA-Seq_level_3_BRCA23/HT088B1-S1H1-features.tsv.gz	HTAN WUSTL		HTA12_120_1	scRNA-seq	Level 3	Breast NOS		Lobular carcinoma NOS	Synapse	syn53213945	HTA12	gzip	HTA12_120_3004	HTA12_120_2000		CellRanger	For each sample we obtained the unfiltered feature-barcode matrix per sample by passing the demultiplexed FASTQs to Cell Ranger v.6.0.2 'count' command using default parameters with --include-introns tag and the prebuilt GRCh38 genome reference refdata-gex-GRCh38-2020-A (GENCODE v32/Ensembl 98) for RNA.	cellranger-6.0.2	https://github.com/ding-lab/HTAN_BRCA_publication/blob/main/Processing_scripts/cellranger.v.6.0.2.sh	Release 5.0	Details	
scsnRNA-Seq_level_3_BRCA23/HT110B1-S1H4-barcodes.tsv.gz	HTAN WUSTL		HTA12_243_6	scRNA-seq	Level 3	Upper-outer quadrant of breast		Lobular carcinoma NOS	Synapse	syn53213946	HTA12	gzip	HTA12_243_3009	HTA12_243_2004		CellRanger	For each sample we obtained the unfiltered feature-barcode matrix per sample by passing the demultiplexed FASTQs to Cell Ranger v.6.0.2 'count' command using default parameters with --include-introns tag and the prebuilt GRCh38 genome reference refdata-gex-GRCh38-2020-A (GENCODE v32/Ensembl 98) for RNA.	cellranger-6.0.2	https://github.com/ding-lab/HTAN_BRCA_publication/blob/main/Processing_scripts/cellranger.v.6.0.2.sh	Release 5.0	Details	
scsnRNA-Seq_level_3_BRCA23/HT110B1-S1H1-barcodes.tsv.gz	HTAN WUSTL		HTA12_243_5	scRNA-seq	Level 3	Upper-outer quadrant of breast		Lobular carcinoma NOS	Synapse	syn53213947	HTA12	gzip	HTA12_243_3003	HTA12_243_2001		CellRanger	For each sample we obtained the unfiltered feature-barcode matrix per sample by passing the demultiplexed FASTQs to Cell Ranger v.6.0.2 'count' command using default parameters with --include-introns tag and the prebuilt GRCh38 genome reference refdata-gex-GRCh38-2020-A (GENCODE v32/Ensembl 98) for RNA.	cellranger-6.0.2	https://github.com/ding-lab/HTAN_BRCA_publication/blob/main/Processing_scripts/cellranger.v.6.0.2.sh	Release 5.0	Details	
scsnRNA-Seq_level_3_BRCA23/HT027B1-S1R1-barcodes.tsv.gz	HTAN WUSTL		HTA12_233_2	scRNA-seq	Level 3	Upper-inner quadrant of breast		Lobular and ductal carcinoma	Synapse	syn53213948	HTA12	gzip	HTA12_233_3000	HTA12_233_2000		CellRanger	For each sample we obtained the unfiltered feature-barcode matrix per sample by passing the demultiplexed FASTQs to Cell Ranger v.6.0.2 'count' command using default parameters with --include-introns tag and the prebuilt GRCh38 genome reference refdata-gex-GRCh38-2020-A (GENCODE v32/Ensembl 98) for RNA.	cellranger-6.0.2	https://github.com/ding-lab/HTAN_BRCA_publication/blob/main/Processing_scripts/cellranger.v.6.0.2.sh	Release 5.0	Details	
scsnRNA-Seq_level_3_BRCA23/HT103B1-S1H4-barcodes.tsv.gz	HTAN WUSTL		HTA12_241_2	scRNA-seq	Level 3	Upper-outer quadrant of breast		Spindle cell carcinoma NOS	Synapse	syn53213949	HTA12	gzip	HTA12_241_3000	HTA12_241_2000		CellRanger	For each sample we obtained the unfiltered feature-barcode matrix per sample by passing the demultiplexed FASTQs to Cell Ranger v.6.0.2 'count' command using default parameters with --include-introns tag and the prebuilt GRCh38 genome reference refdata-gex-GRCh38-2020-A (GENCODE v32/Ensembl 98) for RNA.	cellranger-6.0.2	https://github.com/ding-lab/HTAN_BRCA_publication/blob/main/Processing_scripts/cellranger.v.6.0.2.sh	Release 5.0	Details	
scsnRNA-Seq_level_3_BRCA23/HT062B1-S1R1-features.tsv.gz	HTAN WUSTL		HTA12_235_3	scRNA-seq	Level 3	Breast NOS	Chemotherapy	Infiltrating duct carcinoma NOS	Synapse	syn53213950	HTA12	gzip	HTA12_235_3007	HTA12_235_2002		CellRanger	For each sample we obtained the unfiltered feature-barcode matrix per sample by passing the demultiplexed FASTQs to Cell Ranger v.6.0.2 'count' command using default parameters with --include-introns tag and the prebuilt GRCh38 genome reference refdata-gex-GRCh38-2020-A (GENCODE v32/Ensembl 98) for RNA.	cellranger-6.0.2	https://github.com/ding-lab/HTAN_BRCA_publication/blob/main/Processing_scripts/cellranger.v.6.0.2.sh	Release 5.0	Details	
scsnRNA-Seq_level_3_BRCA23/HT068B1-S1H2-barcodes.tsv.gz	HTAN WUSTL		HTA12_238_3	scRNA-seq	Level 3	Upper-inner quadrant of breast		Infiltrating duct carcinoma NOS	Synapse	syn53213951	HTA12	gzip	HTA12_238_3003	HTA12_238_2001		CellRanger	For each sample we obtained the unfiltered feature-barcode matrix per sample by passing the demultiplexed FASTQs to Cell Ranger v.6.0.2 'count' command using default parameters with --include-introns tag and the prebuilt GRCh38 genome reference refdata-gex-GRCh38-2020-A (GENCODE v32/Ensembl 98) for RNA.	cellranger-6.0.2	https://github.com/ding-lab/HTAN_BRCA_publication/blob/main/Processing_scripts/cellranger.v.6.0.2.sh	Release 5.0	Details	
scsnRNA-Seq_level_3_BRCA23/HT105B1-S1H3-barcodes.tsv.gz	HTAN WUSTL		HTA12_242_4	scRNA-seq	Level 3	Upper-outer quadrant of breast		Infiltrating duct carcinoma NOS	Synapse	syn53213952	HTA12	gzip	HTA12_242_3006	HTA12_242_2002		CellRanger	For each sample we obtained the unfiltered feature-barcode matrix per sample by passing the demultiplexed FASTQs to Cell Ranger v.6.0.2 'count' command using default parameters with --include-introns tag and the prebuilt GRCh38 genome reference refdata-gex-GRCh38-2020-A (GENCODE v32/Ensembl 98) for RNA.	cellranger-6.0.2	https://github.com/ding-lab/HTAN_BRCA_publication/blob/main/Processing_scripts/cellranger.v.6.0.2.sh	Release 5.0	Details	
scsnRNA-Seq_level_3_BRCA23/HT084B1-S1H8-barcodes.tsv.gz	HTAN WUSTL		HTA12_240_2	scRNA-seq	Level 3	Upper-inner quadrant of breast		Infiltrating duct carcinoma NOS	Synapse	syn53213953	HTA12	gzip	HTA12_240_3000	HTA12_240_2000		CellRanger	For each sample we obtained the unfiltered feature-barcode matrix per sample by passing the demultiplexed FASTQs to Cell Ranger v.6.0.2 'count' command using default parameters with --include-introns tag and the prebuilt GRCh38 genome reference refdata-gex-GRCh38-2020-A (GENCODE v32/Ensembl 98) for RNA.	cellranger-6.0.2	https://github.com/ding-lab/HTAN_BRCA_publication/blob/main/Processing_scripts/cellranger.v.6.0.2.sh	Release 5.0	Details	
scsnRNA-Seq_level_3_BRCA23/HT062B1-S1PB-barcodes.tsv.gz	HTAN WUSTL		HTA12_235_2	scRNA-seq	Level 3	Breast NOS	Chemotherapy	Infiltrating duct carcinoma NOS	Synapse	syn53213954	HTA12	gzip	HTA12_235_3003	HTA12_235_2001		CellRanger	For each sample we obtained the unfiltered feature-barcode matrix per sample by passing the demultiplexed FASTQs to Cell Ranger v.6.0.2 'count' command using default parameters with --include-introns tag and the prebuilt GRCh38 genome reference refdata-gex-GRCh38-2020-A (GENCODE v32/Ensembl 98) for RNA.	cellranger-6.0.2	https://github.com/ding-lab/HTAN_BRCA_publication/blob/main/Processing_scripts/cellranger.v.6.0.2.sh	Release 5.0	Details	
scsnRNA-Seq_level_3_BRCA23/HT110B1-S1H4A2K1G1Z1B1-barcodes.tsv.gz	HTAN WUSTL		HTA12_243_7	scRNA-seq	Level 3	Upper-outer quadrant of breast		Lobular carcinoma NOS	Synapse	syn53213955	HTA12	gzip	HTA12_243_3006	HTA12_243_2002		CellRanger	For each sample we obtained the unfiltered feature-barcode matrix per sample by passing the demultiplexed FASTQs to Cell Ranger v.6.0.2 'count' command using default parameters with --include-introns tag and the prebuilt GRCh38 genome reference refdata-gex-GRCh38-2020-A (GENCODE v32/Ensembl 98) for RNA.	cellranger-6.0.2	https://github.com/ding-lab/HTAN_BRCA_publication/blob/main/Processing_scripts/cellranger.v.6.0.2.sh	Release 5.0	Details	
scsnRNA-Seq_level_3_BRCA23/HT105B1-N1K1-barcodes.tsv.gz	HTAN WUSTL		HTA12_242_2	scRNA-seq	Level 3	Upper-outer quadrant of breast		Infiltrating duct carcinoma NOS	Synapse	syn53213956	HTA12	gzip	HTA12_242_3000	HTA12_242_2000		CellRanger	For each sample we obtained the unfiltered feature-barcode matrix per sample by passing the demultiplexed FASTQs to Cell Ranger v.6.0.2 'count' command using default parameters with --include-introns tag and the prebuilt GRCh38 genome reference refdata-gex-GRCh38-2020-A (GENCODE v32/Ensembl 98) for RNA.	cellranger-6.0.2	https://github.com/ding-lab/HTAN_BRCA_publication/blob/main/Processing_scripts/cellranger.v.6.0.2.sh	Release 5.0	Details	
scsnRNA-Seq_level_3_BRCA23/HT062B1-S1R1-barcodes.tsv.gz	HTAN WUSTL		HTA12_235_3	scRNA-seq	Level 3	Breast NOS	Chemotherapy	Infiltrating duct carcinoma NOS	Synapse	syn53213957	HTA12	gzip	HTA12_235_3006	HTA12_235_2002		CellRanger	For each sample we obtained the unfiltered feature-barcode matrix per sample by passing the demultiplexed FASTQs to Cell Ranger v.6.0.2 'count' command using default parameters with --include-introns tag and the prebuilt GRCh38 genome reference refdata-gex-GRCh38-2020-A (GENCODE v32/Ensembl 98) for RNA.	cellranger-6.0.2	https://github.com/ding-lab/HTAN_BRCA_publication/blob/main/Processing_scripts/cellranger.v.6.0.2.sh	Release 5.0	Details	
scsnRNA-Seq_level_3_BRCA23/HT036B1-S2PG-barcodes.tsv.gz	HTAN WUSTL		HTA12_234_3	scRNA-seq	Level 3	Upper-inner quadrant of breast		Infiltrating duct carcinoma NOS	Synapse	syn53213958	HTA12	gzip	HTA12_234_3003	HTA12_234_2001		CellRanger	For each sample we obtained the unfiltered feature-barcode matrix per sample by passing the demultiplexed FASTQs to Cell Ranger v.6.0.2 'count' command using default parameters with --include-introns tag and the prebuilt GRCh38 genome reference refdata-gex-GRCh38-2020-A (GENCODE v32/Ensembl 98) for RNA.	cellranger-6.0.2	https://github.com/ding-lab/HTAN_BRCA_publication/blob/main/Processing_scripts/cellranger.v.6.0.2.sh	Release 5.0	Details	
scsnRNA-Seq_level_3_BRCA23/HT154B1-S1H5-barcodes.tsv.gz	HTAN WUSTL		HTA12_244_4	scRNA-seq	Level 3	Breast NOS		Infiltrating duct carcinoma NOS	Synapse	syn53213959	HTA12	gzip	HTA12_244_3006	HTA12_244_2002		CellRanger	For each sample we obtained the unfiltered feature-barcode matrix per sample by passing the demultiplexed FASTQs to Cell Ranger v.6.0.2 'count' command using default parameters with --include-introns tag and the prebuilt GRCh38 genome reference refdata-gex-GRCh38-2020-A (GENCODE v32/Ensembl 98) for RNA.	cellranger-6.0.2	https://github.com/ding-lab/HTAN_BRCA_publication/blob/main/Processing_scripts/cellranger.v.6.0.2.sh	Release 5.0	Details	
scsnRNA-Seq_level_3_BRCA23/HT088B1-S1H4-barcodes.tsv.gz	HTAN WUSTL		HTA12_120_3	scRNA-seq	Level 3	Breast NOS		Lobular carcinoma NOS	Synapse	syn53213960	HTA12	gzip	HTA12_120_3006	HTA12_120_2001		CellRanger	For each sample we obtained the unfiltered feature-barcode matrix per sample by passing the demultiplexed FASTQs to Cell Ranger v.6.0.2 'count' command using default parameters with --include-introns tag and the prebuilt GRCh38 genome reference refdata-gex-GRCh38-2020-A (GENCODE v32/Ensembl 98) for RNA.	cellranger-6.0.2	https://github.com/ding-lab/HTAN_BRCA_publication/blob/main/Processing_scripts/cellranger.v.6.0.2.sh	Release 5.0	Details	
scsnRNA-Seq_level_3_BRCA23/HT067B1-S1H5-barcodes.tsv.gz	HTAN WUSTL		HTA12_237_3	scRNA-seq	Level 3	Upper-inner quadrant of breast		Infiltrating duct carcinoma NOS	Synapse	syn53213961	HTA12	gzip	HTA12_237_3003	HTA12_237_2001		CellRanger	For each sample we obtained the unfiltered feature-barcode matrix per sample by passing the demultiplexed FASTQs to Cell Ranger v.6.0.2 'count' command using default parameters with --include-introns tag and the prebuilt GRCh38 genome reference refdata-gex-GRCh38-2020-A (GENCODE v32/Ensembl 98) for RNA.	cellranger-6.0.2	https://github.com/ding-lab/HTAN_BRCA_publication/blob/main/Processing_scripts/cellranger.v.6.0.2.sh	Release 5.0	Details	
scsnRNA-Seq_level_3_BRCA23/HT077B1-S1H1-barcodes.tsv.gz	HTAN WUSTL		HTA12_239_2	scRNA-seq	Level 3	Upper-outer quadrant of breast		Infiltrating duct carcinoma NOS	Synapse	syn53213962	HTA12	gzip	HTA12_239_3000	HTA12_239_2000		CellRanger	For each sample we obtained the unfiltered feature-barcode matrix per sample by passing the demultiplexed FASTQs to Cell Ranger v.6.0.2 'count' command using default parameters with --include-introns tag and the prebuilt GRCh38 genome reference refdata-gex-GRCh38-2020-A (GENCODE v32/Ensembl 98) for RNA.	cellranger-6.0.2	https://github.com/ding-lab/HTAN_BRCA_publication/blob/main/Processing_scripts/cellranger.v.6.0.2.sh	Release 5.0	Details	
scsnRNA-Seq_level_3_BRCA23/HT088B1-S1H1-barcodes.tsv.gz	HTAN WUSTL		HTA12_120_1	scRNA-seq	Level 3	Breast NOS		Lobular carcinoma NOS	Synapse	syn53213963	HTA12	gzip	HTA12_120_3003	HTA12_120_2000		CellRanger	For each sample we obtained the unfiltered feature-barcode matrix per sample by passing the demultiplexed FASTQs to Cell Ranger v.6.0.2 'count' command using default parameters with --include-introns tag and the prebuilt GRCh38 genome reference refdata-gex-GRCh38-2020-A (GENCODE v32/Ensembl 98) for RNA.	cellranger-6.0.2	https://github.com/ding-lab/HTAN_BRCA_publication/blob/main/Processing_scripts/cellranger.v.6.0.2.sh	Release 5.0	Details	
scsnRNA-Seq_level_3_BRCA23/HT128B1-S1H3-barcodes.tsv.gz	HTAN WUSTL		HTA12_123_3	scRNA-seq	Level 3	Breast NOS	Chemotherapy	Lobular carcinoma NOS	Synapse	syn53213964	HTA12	gzip	HTA12_123_3003	HTA12_123_2000		CellRanger	For each sample we obtained the unfiltered feature-barcode matrix per sample by passing the demultiplexed FASTQs to Cell Ranger v.6.0.2 'count' command using default parameters with --include-introns tag and the prebuilt GRCh38 genome reference refdata-gex-GRCh38-2020-A (GENCODE v32/Ensembl 98) for RNA.	cellranger-6.0.2	https://github.com/ding-lab/HTAN_BRCA_publication/blob/main/Processing_scripts/cellranger.v.6.0.2.sh	Release 5.0	Details	
scsnRNA-Seq_level_3_BRCA23/HT065B1-S1H7-barcodes.tsv.gz	HTAN WUSTL		HTA12_236_3	scRNA-seq	Level 3	Upper-outer quadrant of breast		Infiltrating duct carcinoma NOS	Synapse	syn53213965	HTA12	gzip	HTA12_236_3006	HTA12_236_2001		CellRanger	For each sample we obtained the unfiltered feature-barcode matrix per sample by passing the demultiplexed FASTQs to Cell Ranger v.6.0.2 'count' command using default parameters with --include-introns tag and the prebuilt GRCh38 genome reference refdata-gex-GRCh38-2020-A (GENCODE v32/Ensembl 98) for RNA.	cellranger-6.0.2	https://github.com/ding-lab/HTAN_BRCA_publication/blob/main/Processing_scripts/cellranger.v.6.0.2.sh	Release 5.0	Details	
scsnRNA-Seq_level_3_BRCA23/HT077B1-S1H3-barcodes.tsv.gz	HTAN WUSTL		HTA12_239_3	scRNA-seq	Level 3	Upper-outer quadrant of breast		Infiltrating duct carcinoma NOS	Synapse	syn53213966	HTA12	gzip	HTA12_239_3003	HTA12_239_2001		CellRanger	For each sample we obtained the unfiltered feature-barcode matrix per sample by passing the demultiplexed FASTQs to Cell Ranger v.6.0.2 'count' command using default parameters with --include-introns tag and the prebuilt GRCh38 genome reference refdata-gex-GRCh38-2020-A (GENCODE v32/Ensembl 98) for RNA.	cellranger-6.0.2	https://github.com/ding-lab/HTAN_BRCA_publication/blob/main/Processing_scripts/cellranger.v.6.0.2.sh	Release 5.0	Details	
scsnRNA-Seq_level_3_BRCA23/HT067B1-S1H2-barcodes.tsv.gz	HTAN WUSTL		HTA12_237_2	scRNA-seq	Level 3	Upper-inner quadrant of breast		Infiltrating duct carcinoma NOS	Synapse	syn53213967	HTA12	gzip	HTA12_237_3000	HTA12_237_2000		CellRanger	For each sample we obtained the unfiltered feature-barcode matrix per sample by passing the demultiplexed FASTQs to Cell Ranger v.6.0.2 'count' command using default parameters with --include-introns tag and the prebuilt GRCh38 genome reference refdata-gex-GRCh38-2020-A (GENCODE v32/Ensembl 98) for RNA.	cellranger-6.0.2	https://github.com/ding-lab/HTAN_BRCA_publication/blob/main/Processing_scripts/cellranger.v.6.0.2.sh	Release 5.0	Details	
scsnRNA-Seq_level_3_BRCA23/HT065B1-S1H1-barcodes.tsv.gz	HTAN WUSTL		HTA12_236_1	scRNA-seq	Level 3	Upper-outer quadrant of breast		Infiltrating duct carcinoma NOS	Synapse	syn53213968	HTA12	gzip	HTA12_236_3003	HTA12_236_2002		CellRanger	For each sample we obtained the unfiltered feature-barcode matrix per sample by passing the demultiplexed FASTQs to Cell Ranger v.6.0.2 'count' command using default parameters with --include-introns tag and the prebuilt GRCh38 genome reference refdata-gex-GRCh38-2020-A (GENCODE v32/Ensembl 98) for RNA.	cellranger-6.0.2	https://github.com/ding-lab/HTAN_BRCA_publication/blob/main/Processing_scripts/cellranger.v.6.0.2.sh	Release 5.0	Details	
scsnRNA-Seq_level_3_BRCA23/HT103B1-S1H7-barcodes.tsv.gz	HTAN WUSTL		HTA12_241_3	scRNA-seq	Level 3	Upper-outer quadrant of breast		Spindle cell carcinoma NOS	Synapse	syn53213969	HTA12	gzip	HTA12_241_3003	HTA12_241_2001		CellRanger	For each sample we obtained the unfiltered feature-barcode matrix per sample by passing the demultiplexed FASTQs to Cell Ranger v.6.0.2 'count' command using default parameters with --include-introns tag and the prebuilt GRCh38 genome reference refdata-gex-GRCh38-2020-A (GENCODE v32/Ensembl 98) for RNA.	cellranger-6.0.2	https://github.com/ding-lab/HTAN_BRCA_publication/blob/main/Processing_scripts/cellranger.v.6.0.2.sh	Release 5.0	Details	
scsnRNA-Seq_level_3_BRCA23/HT036B1-S1PE-barcodes.tsv.gz	HTAN WUSTL		HTA12_234_2	scRNA-seq	Level 3	Upper-inner quadrant of breast		Infiltrating duct carcinoma NOS	Synapse	syn53213970	HTA12	gzip	HTA12_234_3000	HTA12_234_2000		CellRanger	For each sample we obtained the unfiltered feature-barcode matrix per sample by passing the demultiplexed FASTQs to Cell Ranger v.6.0.2 'count' command using default parameters with --include-introns tag and the prebuilt GRCh38 genome reference refdata-gex-GRCh38-2020-A (GENCODE v32/Ensembl 98) for RNA.	cellranger-6.0.2	https://github.com/ding-lab/HTAN_BRCA_publication/blob/main/Processing_scripts/cellranger.v.6.0.2.sh	Release 5.0	Details	
scsnRNA-Seq_level_3_BRCA23/HT065B1-S1H1A2A1Z1B1-barcodes.tsv.gz	HTAN WUSTL		HTA12_236_2	scRNA-seq	Level 3	Upper-outer quadrant of breast		Infiltrating duct carcinoma NOS	Synapse	syn53213971	HTA12	gzip	HTA12_236_3000	HTA12_236_2000		CellRanger	For each sample we obtained the unfiltered feature-barcode matrix per sample by passing the demultiplexed FASTQs to Cell Ranger v.6.0.2 'count' command using default parameters with --include-introns tag and the prebuilt GRCh38 genome reference refdata-gex-GRCh38-2020-A (GENCODE v32/Ensembl 98) for RNA.	cellranger-6.0.2	https://github.com/ding-lab/HTAN_BRCA_publication/blob/main/Processing_scripts/cellranger.v.6.0.2.sh	Release 5.0	Details	
scsnRNA-Seq_level_3_BRCA23/HT163B1-S1H6-barcodes.tsv.gz	HTAN WUSTL		HTA12_127_1	scRNA-seq	Level 3	Breast NOS		Ductal carcinoma NOS	Synapse	syn53213972	HTA12	gzip	HTA12_127_3006	HTA12_127_2001		CellRanger	For each sample we obtained the unfiltered feature-barcode matrix per sample by passing the demultiplexed FASTQs to Cell Ranger v.6.0.2 'count' command using default parameters with --include-introns tag and the prebuilt GRCh38 genome reference refdata-gex-GRCh38-2020-A (GENCODE v32/Ensembl 98) for RNA.	cellranger-6.0.2	https://github.com/ding-lab/HTAN_BRCA_publication/blob/main/Processing_scripts/cellranger.v.6.0.2.sh	Release 5.0	Details	
scsnRNA-Seq_level_3_BRCA23/HT077B1-S1H7-barcodes.tsv.gz	HTAN WUSTL		HTA12_239_4	scRNA-seq	Level 3	Upper-outer quadrant of breast		Infiltrating duct carcinoma NOS	Synapse	syn53213973	HTA12	gzip	HTA12_239_3006	HTA12_239_2002		CellRanger	For each sample we obtained the unfiltered feature-barcode matrix per sample by passing the demultiplexed FASTQs to Cell Ranger v.6.0.2 'count' command using default parameters with --include-introns tag and the prebuilt GRCh38 genome reference refdata-gex-GRCh38-2020-A (GENCODE v32/Ensembl 98) for RNA.	cellranger-6.0.2	https://github.com/ding-lab/HTAN_BRCA_publication/blob/main/Processing_scripts/cellranger.v.6.0.2.sh	Release 5.0	Details	
scsnRNA-Seq_level_3_BRCA23/HT171B1-S1H1-barcodes.tsv.gz	HTAN WUSTL		HTA12_245_6	scRNA-seq	Level 3	Upper-outer quadrant of breast	Hormone therapy	Infiltrating duct carcinoma NOS	Synapse	syn53213974	HTA12	gzip	HTA12_245_3000	HTA12_245_2000		CellRanger	For each sample we obtained the unfiltered feature-barcode matrix per sample by passing the demultiplexed FASTQs to Cell Ranger v.6.0.2 'count' command using default parameters with --include-introns tag and the prebuilt GRCh38 genome reference refdata-gex-GRCh38-2020-A (GENCODE v32/Ensembl 98) for RNA.	cellranger-6.0.2	https://github.com/ding-lab/HTAN_BRCA_publication/blob/main/Processing_scripts/cellranger.v.6.0.2.sh	Release 5.0	Details	
scsnRNA-Seq_level_3_BRCA23/HT068B1-S1H1-barcodes.tsv.gz	HTAN WUSTL		HTA12_238_2	scRNA-seq	Level 3	Upper-inner quadrant of breast		Infiltrating duct carcinoma NOS	Synapse	syn53213975	HTA12	gzip	HTA12_238_3000	HTA12_238_2000		CellRanger	For each sample we obtained the unfiltered feature-barcode matrix per sample by passing the demultiplexed FASTQs to Cell Ranger v.6.0.2 'count' command using default parameters with --include-introns tag and the prebuilt GRCh38 genome reference refdata-gex-GRCh38-2020-A (GENCODE v32/Ensembl 98) for RNA.	cellranger-6.0.2	https://github.com/ding-lab/HTAN_BRCA_publication/blob/main/Processing_scripts/cellranger.v.6.0.2.sh	Release 5.0	Details	
scsnRNA-Seq_level_3_BRCA23/HT265B1-S1H4-barcodes.tsv.gz	HTAN WUSTL		HTA12_247_2	scRNA-seq	Level 3	Upper-outer quadrant of breast	Chemotherapy	Ductal carcinoma in situ NOS	Synapse	syn53213976	HTA12	gzip	HTA12_247_3000	HTA12_247_2000		CellRanger	For each sample we obtained the unfiltered feature-barcode matrix per sample by passing the demultiplexed FASTQs to Cell Ranger v.6.0.2 'count' command using default parameters with --include-introns tag and the prebuilt GRCh38 genome reference refdata-gex-GRCh38-2020-A (GENCODE v32/Ensembl 98) for RNA.	cellranger-6.0.2	https://github.com/ding-lab/HTAN_BRCA_publication/blob/main/Processing_scripts/cellranger.v.6.0.2.sh	Release 5.0	Details	
scsnRNA-Seq_level_3_BRCA23/HT171B1-S1H8-barcodes.tsv.gz	HTAN WUSTL		HTA12_245_7	scRNA-seq	Level 3	Upper-outer quadrant of breast	Hormone therapy	Infiltrating duct carcinoma NOS	Synapse	syn53213977	HTA12	gzip	HTA12_245_3003	HTA12_245_2001		CellRanger	For each sample we obtained the unfiltered feature-barcode matrix per sample by passing the demultiplexed FASTQs to Cell Ranger v.6.0.2 'count' command using default parameters with --include-introns tag and the prebuilt GRCh38 genome reference refdata-gex-GRCh38-2020-A (GENCODE v32/Ensembl 98) for RNA.	cellranger-6.0.2	https://github.com/ding-lab/HTAN_BRCA_publication/blob/main/Processing_scripts/cellranger.v.6.0.2.sh	Release 5.0	Details	
scsnRNA-Seq_level_3_BRCA23/HT154B1-S1H1-barcodes.tsv.gz	HTAN WUSTL		HTA12_244_2	scRNA-seq	Level 3	Breast NOS		Infiltrating duct carcinoma NOS	Synapse	syn53213978	HTA12	gzip	HTA12_244_3000	HTA12_244_2000		CellRanger	For each sample we obtained the unfiltered feature-barcode matrix per sample by passing the demultiplexed FASTQs to Cell Ranger v.6.0.2 'count' command using default parameters with --include-introns tag and the prebuilt GRCh38 genome reference refdata-gex-GRCh38-2020-A (GENCODE v32/Ensembl 98) for RNA.	cellranger-6.0.2	https://github.com/ding-lab/HTAN_BRCA_publication/blob/main/Processing_scripts/cellranger.v.6.0.2.sh	Release 5.0	Details	
scsnRNA-Seq_level_3_BRCA23/HT154B1-S1H3-barcodes.tsv.gz	HTAN WUSTL		HTA12_244_3	scRNA-seq	Level 3	Breast NOS		Infiltrating duct carcinoma NOS	Synapse	syn53213979	HTA12	gzip	HTA12_244_3003	HTA12_244_2001		CellRanger	For each sample we obtained the unfiltered feature-barcode matrix per sample by passing the demultiplexed FASTQs to Cell Ranger v.6.0.2 'count' command using default parameters with --include-introns tag and the prebuilt GRCh38 genome reference refdata-gex-GRCh38-2020-A (GENCODE v32/Ensembl 98) for RNA.	cellranger-6.0.2	https://github.com/ding-lab/HTAN_BRCA_publication/blob/main/Processing_scripts/cellranger.v.6.0.2.sh	Release 5.0	Details	
scsnRNA-Seq_level_3_BRCA23/HT110B1-S1H1-matrix.mtx.gz	HTAN WUSTL		HTA12_243_5	scRNA-seq	Level 3	Upper-outer quadrant of breast		Lobular carcinoma NOS	Synapse	syn53213980	HTA12	gzip	HTA12_243_3005	HTA12_243_2001		CellRanger	For each sample we obtained the unfiltered feature-barcode matrix per sample by passing the demultiplexed FASTQs to Cell Ranger v.6.0.2 'count' command using default parameters with --include-introns tag and the prebuilt GRCh38 genome reference refdata-gex-GRCh38-2020-A (GENCODE v32/Ensembl 98) for RNA.	cellranger-6.0.2	https://github.com/ding-lab/HTAN_BRCA_publication/blob/main/Processing_scripts/cellranger.v.6.0.2.sh	Release 5.0	Details	
scsnRNA-Seq_level_3_BRCA23/HT110B1-S1H4A2K1G1Z1B1-matrix.mtx.gz	HTAN WUSTL		HTA12_243_7	scRNA-seq	Level 3	Upper-outer quadrant of breast		Lobular carcinoma NOS	Synapse	syn53213981	HTA12	gzip	HTA12_243_3008	HTA12_243_2002		CellRanger	For each sample we obtained the unfiltered feature-barcode matrix per sample by passing the demultiplexed FASTQs to Cell Ranger v.6.0.2 'count' command using default parameters with --include-introns tag and the prebuilt GRCh38 genome reference refdata-gex-GRCh38-2020-A (GENCODE v32/Ensembl 98) for RNA.	cellranger-6.0.2	https://github.com/ding-lab/HTAN_BRCA_publication/blob/main/Processing_scripts/cellranger.v.6.0.2.sh	Release 5.0	Details	
scsnRNA-Seq_level_3_BRCA23/HT110B1-M1-matrix.mtx.gz	HTAN WUSTL		HTA12_243_3	scRNA-seq	Level 3	Upper-outer quadrant of breast		Lobular carcinoma NOS	Synapse	syn53213982	HTA12	gzip	HTA12_243_3002	HTA12_243_2000		CellRanger	For each sample we obtained the unfiltered feature-barcode matrix per sample by passing the demultiplexed FASTQs to Cell Ranger v.6.0.2 'count' command using default parameters with --include-introns tag and the prebuilt GRCh38 genome reference refdata-gex-GRCh38-2020-A (GENCODE v32/Ensembl 98) for RNA.	cellranger-6.0.2	https://github.com/ding-lab/HTAN_BRCA_publication/blob/main/Processing_scripts/cellranger.v.6.0.2.sh	Release 5.0	Details	
scsnRNA-Seq_level_3_BRCA23/HT105B1-S1H1-matrix.mtx.gz	HTAN WUSTL		HTA12_242_3	scRNA-seq	Level 3	Upper-outer quadrant of breast		Infiltrating duct carcinoma NOS	Synapse	syn53213983	HTA12	gzip	HTA12_242_3005	HTA12_242_2001		CellRanger	For each sample we obtained the unfiltered feature-barcode matrix per sample by passing the demultiplexed FASTQs to Cell Ranger v.6.0.2 'count' command using default parameters with --include-introns tag and the prebuilt GRCh38 genome reference refdata-gex-GRCh38-2020-A (GENCODE v32/Ensembl 98) for RNA.	cellranger-6.0.2	https://github.com/ding-lab/HTAN_BRCA_publication/blob/main/Processing_scripts/cellranger.v.6.0.2.sh	Release 5.0	Details	
scsnRNA-Seq_level_3_BRCA23/HT068B1-S1H2-matrix.mtx.gz	HTAN WUSTL		HTA12_238_3	scRNA-seq	Level 3	Upper-inner quadrant of breast		Infiltrating duct carcinoma NOS	Synapse	syn53213984	HTA12	gzip	HTA12_238_3005	HTA12_238_2001		CellRanger	For each sample we obtained the unfiltered feature-barcode matrix per sample by passing the demultiplexed FASTQs to Cell Ranger v.6.0.2 'count' command using default parameters with --include-introns tag and the prebuilt GRCh38 genome reference refdata-gex-GRCh38-2020-A (GENCODE v32/Ensembl 98) for RNA.	cellranger-6.0.2	https://github.com/ding-lab/HTAN_BRCA_publication/blob/main/Processing_scripts/cellranger.v.6.0.2.sh	Release 5.0	Details	
scsnRNA-Seq_level_3_BRCA23/HT088B1-S1H1-matrix.mtx.gz	HTAN WUSTL		HTA12_120_1	scRNA-seq	Level 3	Breast NOS		Lobular carcinoma NOS	Synapse	syn53213985	HTA12	gzip	HTA12_120_3005	HTA12_120_2000		CellRanger	For each sample we obtained the unfiltered feature-barcode matrix per sample by passing the demultiplexed FASTQs to Cell Ranger v.6.0.2 'count' command using default parameters with --include-introns tag and the prebuilt GRCh38 genome reference refdata-gex-GRCh38-2020-A (GENCODE v32/Ensembl 98) for RNA.	cellranger-6.0.2	https://github.com/ding-lab/HTAN_BRCA_publication/blob/main/Processing_scripts/cellranger.v.6.0.2.sh	Release 5.0	Details	
scsnRNA-Seq_level_3_BRCA23/HT154B1-S1H5-matrix.mtx.gz	HTAN WUSTL		HTA12_244_4	scRNA-seq	Level 3	Breast NOS		Infiltrating duct carcinoma NOS	Synapse	syn53213986	HTA12	gzip	HTA12_244_3008	HTA12_244_2002		CellRanger	For each sample we obtained the unfiltered feature-barcode matrix per sample by passing the demultiplexed FASTQs to Cell Ranger v.6.0.2 'count' command using default parameters with --include-introns tag and the prebuilt GRCh38 genome reference refdata-gex-GRCh38-2020-A (GENCODE v32/Ensembl 98) for RNA.	cellranger-6.0.2	https://github.com/ding-lab/HTAN_BRCA_publication/blob/main/Processing_scripts/cellranger.v.6.0.2.sh	Release 5.0	Details	
scsnRNA-Seq_level_3_BRCA23/HT036B1-S2PG-matrix.mtx.gz	HTAN WUSTL		HTA12_234_3	scRNA-seq	Level 3	Upper-inner quadrant of breast		Infiltrating duct carcinoma NOS	Synapse	syn53213987	HTA12	gzip	HTA12_234_3005	HTA12_234_2001		CellRanger	For each sample we obtained the unfiltered feature-barcode matrix per sample by passing the demultiplexed FASTQs to Cell Ranger v.6.0.2 'count' command using default parameters with --include-introns tag and the prebuilt GRCh38 genome reference refdata-gex-GRCh38-2020-A (GENCODE v32/Ensembl 98) for RNA.	cellranger-6.0.2	https://github.com/ding-lab/HTAN_BRCA_publication/blob/main/Processing_scripts/cellranger.v.6.0.2.sh	Release 5.0	Details	
scsnRNA-Seq_level_3_BRCA23/HT088B1-S1H4-matrix.mtx.gz	HTAN WUSTL		HTA12_120_3	scRNA-seq	Level 3	Breast NOS		Lobular carcinoma NOS	Synapse	syn53213988	HTA12	gzip	HTA12_120_3008	HTA12_120_2001		CellRanger	For each sample we obtained the unfiltered feature-barcode matrix per sample by passing the demultiplexed FASTQs to Cell Ranger v.6.0.2 'count' command using default parameters with --include-introns tag and the prebuilt GRCh38 genome reference refdata-gex-GRCh38-2020-A (GENCODE v32/Ensembl 98) for RNA.	cellranger-6.0.2	https://github.com/ding-lab/HTAN_BRCA_publication/blob/main/Processing_scripts/cellranger.v.6.0.2.sh	Release 5.0	Details	
scsnRNA-Seq_level_3_BRCA23/HT084B1-S1H8-matrix.mtx.gz	HTAN WUSTL		HTA12_240_2	scRNA-seq	Level 3	Upper-inner quadrant of breast		Infiltrating duct carcinoma NOS	Synapse	syn53213989	HTA12	gzip	HTA12_240_3002	HTA12_240_2000		CellRanger	For each sample we obtained the unfiltered feature-barcode matrix per sample by passing the demultiplexed FASTQs to Cell Ranger v.6.0.2 'count' command using default parameters with --include-introns tag and the prebuilt GRCh38 genome reference refdata-gex-GRCh38-2020-A (GENCODE v32/Ensembl 98) for RNA.	cellranger-6.0.2	https://github.com/ding-lab/HTAN_BRCA_publication/blob/main/Processing_scripts/cellranger.v.6.0.2.sh	Release 5.0	Details	
scsnRNA-Seq_level_3_BRCA23/HT105B1-N1K1-matrix.mtx.gz	HTAN WUSTL		HTA12_242_2	scRNA-seq	Level 3	Upper-outer quadrant of breast		Infiltrating duct carcinoma NOS	Synapse	syn53213990	HTA12	gzip	HTA12_242_3002	HTA12_242_2000		CellRanger	For each sample we obtained the unfiltered feature-barcode matrix per sample by passing the demultiplexed FASTQs to Cell Ranger v.6.0.2 'count' command using default parameters with --include-introns tag and the prebuilt GRCh38 genome reference refdata-gex-GRCh38-2020-A (GENCODE v32/Ensembl 98) for RNA.	cellranger-6.0.2	https://github.com/ding-lab/HTAN_BRCA_publication/blob/main/Processing_scripts/cellranger.v.6.0.2.sh	Release 5.0	Details	
scsnRNA-Seq_level_3_BRCA23/HT062B1-S1PB-matrix.mtx.gz	HTAN WUSTL		HTA12_235_2	scRNA-seq	Level 3	Breast NOS	Chemotherapy	Infiltrating duct carcinoma NOS	Synapse	syn53213991	HTA12	gzip	HTA12_235_3005	HTA12_235_2001		CellRanger	For each sample we obtained the unfiltered feature-barcode matrix per sample by passing the demultiplexed FASTQs to Cell Ranger v.6.0.2 'count' command using default parameters with --include-introns tag and the prebuilt GRCh38 genome reference refdata-gex-GRCh38-2020-A (GENCODE v32/Ensembl 98) for RNA.	cellranger-6.0.2	https://github.com/ding-lab/HTAN_BRCA_publication/blob/main/Processing_scripts/cellranger.v.6.0.2.sh	Release 5.0	Details	
scsnRNA-Seq_level_3_BRCA23/HT105B1-S1H3-matrix.mtx.gz	HTAN WUSTL		HTA12_242_4	scRNA-seq	Level 3	Upper-outer quadrant of breast		Infiltrating duct carcinoma NOS	Synapse	syn53213992	HTA12	gzip	HTA12_242_3008	HTA12_242_2002		CellRanger	For each sample we obtained the unfiltered feature-barcode matrix per sample by passing the demultiplexed FASTQs to Cell Ranger v.6.0.2 'count' command using default parameters with --include-introns tag and the prebuilt GRCh38 genome reference refdata-gex-GRCh38-2020-A (GENCODE v32/Ensembl 98) for RNA.	cellranger-6.0.2	https://github.com/ding-lab/HTAN_BRCA_publication/blob/main/Processing_scripts/cellranger.v.6.0.2.sh	Release 5.0	Details	
scsnRNA-Seq_level_3_BRCA23/HT067B1-S1H5-matrix.mtx.gz	HTAN WUSTL		HTA12_237_3	scRNA-seq	Level 3	Upper-inner quadrant of breast		Infiltrating duct carcinoma NOS	Synapse	syn53213993	HTA12	gzip	HTA12_237_3005	HTA12_237_2001		CellRanger	For each sample we obtained the unfiltered feature-barcode matrix per sample by passing the demultiplexed FASTQs to Cell Ranger v.6.0.2 'count' command using default parameters with --include-introns tag and the prebuilt GRCh38 genome reference refdata-gex-GRCh38-2020-A (GENCODE v32/Ensembl 98) for RNA.	cellranger-6.0.2	https://github.com/ding-lab/HTAN_BRCA_publication/blob/main/Processing_scripts/cellranger.v.6.0.2.sh	Release 5.0	Details	
scsnRNA-Seq_level_3_BRCA23/HT062B1-S1R1-matrix.mtx.gz	HTAN WUSTL		HTA12_235_3	scRNA-seq	Level 3	Breast NOS	Chemotherapy	Infiltrating duct carcinoma NOS	Synapse	syn53213994	HTA12	gzip	HTA12_235_3008	HTA12_235_2002		CellRanger	For each sample we obtained the unfiltered feature-barcode matrix per sample by passing the demultiplexed FASTQs to Cell Ranger v.6.0.2 'count' command using default parameters with --include-introns tag and the prebuilt GRCh38 genome reference refdata-gex-GRCh38-2020-A (GENCODE v32/Ensembl 98) for RNA.	cellranger-6.0.2	https://github.com/ding-lab/HTAN_BRCA_publication/blob/main/Processing_scripts/cellranger.v.6.0.2.sh	Release 5.0	Details	
scsnRNA-Seq_level_3_BRCA23/HT262B1-S1H3-matrix.mtx.gz	HTAN WUSTL		HTA12_246_4	scRNA-seq	Level 3	Upper-outer quadrant of breast		Lobular and ductal carcinoma	Synapse	syn53213995	HTA12	gzip	HTA12_246_3002	HTA12_246_2000		CellRanger	For each sample we obtained the unfiltered feature-barcode matrix per sample by passing the demultiplexed FASTQs to Cell Ranger v.6.0.2 'count' command using default parameters with --include-introns tag and the prebuilt GRCh38 genome reference refdata-gex-GRCh38-2020-A (GENCODE v32/Ensembl 98) for RNA.	cellranger-6.0.2	https://github.com/ding-lab/HTAN_BRCA_publication/blob/main/Processing_scripts/cellranger.v.6.0.2.sh	Release 5.0	Details	
scsnRNA-Seq_level_3_BRCA23/HT103B1-S1H7-matrix.mtx.gz	HTAN WUSTL		HTA12_241_3	scRNA-seq	Level 3	Upper-outer quadrant of breast		Spindle cell carcinoma NOS	Synapse	syn53213996	HTA12	gzip	HTA12_241_3005	HTA12_241_2001		CellRanger	For each sample we obtained the unfiltered feature-barcode matrix per sample by passing the demultiplexed FASTQs to Cell Ranger v.6.0.2 'count' command using default parameters with --include-introns tag and the prebuilt GRCh38 genome reference refdata-gex-GRCh38-2020-A (GENCODE v32/Ensembl 98) for RNA.	cellranger-6.0.2	https://github.com/ding-lab/HTAN_BRCA_publication/blob/main/Processing_scripts/cellranger.v.6.0.2.sh	Release 5.0	Details	
scsnRNA-Seq_level_3_BRCA23/HT062B1-S1PA-matrix.mtx.gz	HTAN WUSTL		HTA12_235_1	scRNA-seq	Level 3	Breast NOS	Chemotherapy	Infiltrating duct carcinoma NOS	Synapse	syn53213997	HTA12	gzip	HTA12_235_3002	HTA12_235_2000		CellRanger	For each sample we obtained the unfiltered feature-barcode matrix per sample by passing the demultiplexed FASTQs to Cell Ranger v.6.0.2 'count' command using default parameters with --include-introns tag and the prebuilt GRCh38 genome reference refdata-gex-GRCh38-2020-A (GENCODE v32/Ensembl 98) for RNA.	cellranger-6.0.2	https://github.com/ding-lab/HTAN_BRCA_publication/blob/main/Processing_scripts/cellranger.v.6.0.2.sh	Release 5.0	Details	
scsnRNA-Seq_level_3_BRCA23/HT103B1-S1H4-matrix.mtx.gz	HTAN WUSTL		HTA12_241_2	scRNA-seq	Level 3	Upper-outer quadrant of breast		Spindle cell carcinoma NOS	Synapse	syn53213998	HTA12	gzip	HTA12_241_3002	HTA12_241_2000		CellRanger	For each sample we obtained the unfiltered feature-barcode matrix per sample by passing the demultiplexed FASTQs to Cell Ranger v.6.0.2 'count' command using default parameters with --include-introns tag and the prebuilt GRCh38 genome reference refdata-gex-GRCh38-2020-A (GENCODE v32/Ensembl 98) for RNA.	cellranger-6.0.2	https://github.com/ding-lab/HTAN_BRCA_publication/blob/main/Processing_scripts/cellranger.v.6.0.2.sh	Release 5.0	Details	
scsnRNA-Seq_level_3_BRCA23/HT154B1-S1H3-matrix.mtx.gz	HTAN WUSTL		HTA12_244_3	scRNA-seq	Level 3	Breast NOS		Infiltrating duct carcinoma NOS	Synapse	syn53213999	HTA12	gzip	HTA12_244_3005	HTA12_244_2001		CellRanger	For each sample we obtained the unfiltered feature-barcode matrix per sample by passing the demultiplexed FASTQs to Cell Ranger v.6.0.2 'count' command using default parameters with --include-introns tag and the prebuilt GRCh38 genome reference refdata-gex-GRCh38-2020-A (GENCODE v32/Ensembl 98) for RNA.	cellranger-6.0.2	https://github.com/ding-lab/HTAN_BRCA_publication/blob/main/Processing_scripts/cellranger.v.6.0.2.sh	Release 5.0	Details	
scsnRNA-Seq_level_3_BRCA23/HT068B1-S1H1-matrix.mtx.gz	HTAN WUSTL		HTA12_238_2	scRNA-seq	Level 3	Upper-inner quadrant of breast		Infiltrating duct carcinoma NOS	Synapse	syn53214000	HTA12	gzip	HTA12_238_3002	HTA12_238_2000		CellRanger	For each sample we obtained the unfiltered feature-barcode matrix per sample by passing the demultiplexed FASTQs to Cell Ranger v.6.0.2 'count' command using default parameters with --include-introns tag and the prebuilt GRCh38 genome reference refdata-gex-GRCh38-2020-A (GENCODE v32/Ensembl 98) for RNA.	cellranger-6.0.2	https://github.com/ding-lab/HTAN_BRCA_publication/blob/main/Processing_scripts/cellranger.v.6.0.2.sh	Release 5.0	Details	
scsnRNA-Seq_level_3_BRCA23/HT128B1-S1H3-matrix.mtx.gz	HTAN WUSTL		HTA12_123_3	scRNA-seq	Level 3	Breast NOS	Chemotherapy	Lobular carcinoma NOS	Synapse	syn53214001	HTA12	gzip	HTA12_123_3005	HTA12_123_2000		CellRanger	For each sample we obtained the unfiltered feature-barcode matrix per sample by passing the demultiplexed FASTQs to Cell Ranger v.6.0.2 'count' command using default parameters with --include-introns tag and the prebuilt GRCh38 genome reference refdata-gex-GRCh38-2020-A (GENCODE v32/Ensembl 98) for RNA.	cellranger-6.0.2	https://github.com/ding-lab/HTAN_BRCA_publication/blob/main/Processing_scripts/cellranger.v.6.0.2.sh	Release 5.0	Details	
scsnRNA-Seq_level_3_BRCA23/HT154B1-S1H1-matrix.mtx.gz	HTAN WUSTL		HTA12_244_2	scRNA-seq	Level 3	Breast NOS		Infiltrating duct carcinoma NOS	Synapse	syn53214004	HTA12	gzip	HTA12_244_3002	HTA12_244_2000		CellRanger	For each sample we obtained the unfiltered feature-barcode matrix per sample by passing the demultiplexed FASTQs to Cell Ranger v.6.0.2 'count' command using default parameters with --include-introns tag and the prebuilt GRCh38 genome reference refdata-gex-GRCh38-2020-A (GENCODE v32/Ensembl 98) for RNA.	cellranger-6.0.2	https://github.com/ding-lab/HTAN_BRCA_publication/blob/main/Processing_scripts/cellranger.v.6.0.2.sh	Release 5.0	Details	
scsnRNA-Seq_level_3_BRCA23/HT110B1-S1H4-matrix.mtx.gz	HTAN WUSTL		HTA12_243_6	scRNA-seq	Level 3	Upper-outer quadrant of breast		Lobular carcinoma NOS	Synapse	syn53214005	HTA12	gzip	HTA12_243_3011	HTA12_243_2004		CellRanger	For each sample we obtained the unfiltered feature-barcode matrix per sample by passing the demultiplexed FASTQs to Cell Ranger v.6.0.2 'count' command using default parameters with --include-introns tag and the prebuilt GRCh38 genome reference refdata-gex-GRCh38-2020-A (GENCODE v32/Ensembl 98) for RNA.	cellranger-6.0.2	https://github.com/ding-lab/HTAN_BRCA_publication/blob/main/Processing_scripts/cellranger.v.6.0.2.sh	Release 5.0	Details	
scsnRNA-Seq_level_3_BRCA23/HT077B1-S1H1-matrix.mtx.gz	HTAN WUSTL		HTA12_239_2	scRNA-seq	Level 3	Upper-outer quadrant of breast		Infiltrating duct carcinoma NOS	Synapse	syn53214006	HTA12	gzip	HTA12_239_3002	HTA12_239_2000		CellRanger	For each sample we obtained the unfiltered feature-barcode matrix per sample by passing the demultiplexed FASTQs to Cell Ranger v.6.0.2 'count' command using default parameters with --include-introns tag and the prebuilt GRCh38 genome reference refdata-gex-GRCh38-2020-A (GENCODE v32/Ensembl 98) for RNA.	cellranger-6.0.2	https://github.com/ding-lab/HTAN_BRCA_publication/blob/main/Processing_scripts/cellranger.v.6.0.2.sh	Release 5.0	Details	
scsnRNA-Seq_level_3_BRCA23/HT065B1-S1H7-matrix.mtx.gz	HTAN WUSTL		HTA12_236_3	scRNA-seq	Level 3	Upper-outer quadrant of breast		Infiltrating duct carcinoma NOS	Synapse	syn53214007	HTA12	gzip	HTA12_236_3008	HTA12_236_2001		CellRanger	For each sample we obtained the unfiltered feature-barcode matrix per sample by passing the demultiplexed FASTQs to Cell Ranger v.6.0.2 'count' command using default parameters with --include-introns tag and the prebuilt GRCh38 genome reference refdata-gex-GRCh38-2020-A (GENCODE v32/Ensembl 98) for RNA.	cellranger-6.0.2	https://github.com/ding-lab/HTAN_BRCA_publication/blob/main/Processing_scripts/cellranger.v.6.0.2.sh	Release 5.0	Details	
scsnRNA-Seq_level_3_BRCA23/HT067B1-S1H2-matrix.mtx.gz	HTAN WUSTL		HTA12_237_2	scRNA-seq	Level 3	Upper-inner quadrant of breast		Infiltrating duct carcinoma NOS	Synapse	syn53214008	HTA12	gzip	HTA12_237_3002	HTA12_237_2000		CellRanger	For each sample we obtained the unfiltered feature-barcode matrix per sample by passing the demultiplexed FASTQs to Cell Ranger v.6.0.2 'count' command using default parameters with --include-introns tag and the prebuilt GRCh38 genome reference refdata-gex-GRCh38-2020-A (GENCODE v32/Ensembl 98) for RNA.	cellranger-6.0.2	https://github.com/ding-lab/HTAN_BRCA_publication/blob/main/Processing_scripts/cellranger.v.6.0.2.sh	Release 5.0	Details	
scsnRNA-Seq_level_3_BRCA23/HT027B1-S1R1-matrix.mtx.gz	HTAN WUSTL		HTA12_233_2	scRNA-seq	Level 3	Upper-inner quadrant of breast		Lobular and ductal carcinoma	Synapse	syn53214009	HTA12	gzip	HTA12_233_3002	HTA12_233_2000		CellRanger	For each sample we obtained the unfiltered feature-barcode matrix per sample by passing the demultiplexed FASTQs to Cell Ranger v.6.0.2 'count' command using default parameters with --include-introns tag and the prebuilt GRCh38 genome reference refdata-gex-GRCh38-2020-A (GENCODE v32/Ensembl 98) for RNA.	cellranger-6.0.2	https://github.com/ding-lab/HTAN_BRCA_publication/blob/main/Processing_scripts/cellranger.v.6.0.2.sh	Release 5.0	Details	
scsnRNA-Seq_level_3_BRCA23/HT265B1-S1H4-matrix.mtx.gz	HTAN WUSTL		HTA12_247_2	scRNA-seq	Level 3	Upper-outer quadrant of breast	Chemotherapy	Ductal carcinoma in situ NOS	Synapse	syn53214010	HTA12	gzip	HTA12_247_3002	HTA12_247_2000		CellRanger	For each sample we obtained the unfiltered feature-barcode matrix per sample by passing the demultiplexed FASTQs to Cell Ranger v.6.0.2 'count' command using default parameters with --include-introns tag and the prebuilt GRCh38 genome reference refdata-gex-GRCh38-2020-A (GENCODE v32/Ensembl 98) for RNA.	cellranger-6.0.2	https://github.com/ding-lab/HTAN_BRCA_publication/blob/main/Processing_scripts/cellranger.v.6.0.2.sh	Release 5.0	Details	
scsnRNA-Seq_level_3_BRCA23/HT065B1-S1H1-matrix.mtx.gz	HTAN WUSTL		HTA12_236_1	scRNA-seq	Level 3	Upper-outer quadrant of breast		Infiltrating duct carcinoma NOS	Synapse	syn53214011	HTA12	gzip	HTA12_236_3005	HTA12_236_2002		CellRanger	For each sample we obtained the unfiltered feature-barcode matrix per sample by passing the demultiplexed FASTQs to Cell Ranger v.6.0.2 'count' command using default parameters with --include-introns tag and the prebuilt GRCh38 genome reference refdata-gex-GRCh38-2020-A (GENCODE v32/Ensembl 98) for RNA.	cellranger-6.0.2	https://github.com/ding-lab/HTAN_BRCA_publication/blob/main/Processing_scripts/cellranger.v.6.0.2.sh	Release 5.0	Details	
scsnRNA-Seq_level_3_BRCA23/HT163B1-S1H2-matrix.mtx.gz	HTAN WUSTL		HTA12_127_3	scRNA-seq	Level 3	Breast NOS		Ductal carcinoma NOS	Synapse	syn53214012	HTA12	gzip	HTA12_127_3005	HTA12_127_2000		CellRanger	For each sample we obtained the unfiltered feature-barcode matrix per sample by passing the demultiplexed FASTQs to Cell Ranger v.6.0.2 'count' command using default parameters with --include-introns tag and the prebuilt GRCh38 genome reference refdata-gex-GRCh38-2020-A (GENCODE v32/Ensembl 98) for RNA.	cellranger-6.0.2	https://github.com/ding-lab/HTAN_BRCA_publication/blob/main/Processing_scripts/cellranger.v.6.0.2.sh	Release 5.0	Details	
scsnRNA-Seq_level_3_BRCA23/HT065B1-S1H1A2A1Z1B1-matrix.mtx.gz	HTAN WUSTL		HTA12_236_2	scRNA-seq	Level 3	Upper-outer quadrant of breast		Infiltrating duct carcinoma NOS	Synapse	syn53214013	HTA12	gzip	HTA12_236_3002	HTA12_236_2000		CellRanger	For each sample we obtained the unfiltered feature-barcode matrix per sample by passing the demultiplexed FASTQs to Cell Ranger v.6.0.2 'count' command using default parameters with --include-introns tag and the prebuilt GRCh38 genome reference refdata-gex-GRCh38-2020-A (GENCODE v32/Ensembl 98) for RNA.	cellranger-6.0.2	https://github.com/ding-lab/HTAN_BRCA_publication/blob/main/Processing_scripts/cellranger.v.6.0.2.sh	Release 5.0	Details	
scsnRNA-Seq_level_3_BRCA23/HT077B1-S1H3-matrix.mtx.gz	HTAN WUSTL		HTA12_239_3	scRNA-seq	Level 3	Upper-outer quadrant of breast		Infiltrating duct carcinoma NOS	Synapse	syn53214014	HTA12	gzip	HTA12_239_3005	HTA12_239_2001		CellRanger	For each sample we obtained the unfiltered feature-barcode matrix per sample by passing the demultiplexed FASTQs to Cell Ranger v.6.0.2 'count' command using default parameters with --include-introns tag and the prebuilt GRCh38 genome reference refdata-gex-GRCh38-2020-A (GENCODE v32/Ensembl 98) for RNA.	cellranger-6.0.2	https://github.com/ding-lab/HTAN_BRCA_publication/blob/main/Processing_scripts/cellranger.v.6.0.2.sh	Release 5.0	Details	
scsnRNA-Seq_level_3_BRCA23/HT036B1-S1PE-matrix.mtx.gz	HTAN WUSTL		HTA12_234_2	scRNA-seq	Level 3	Upper-inner quadrant of breast		Infiltrating duct carcinoma NOS	Synapse	syn53214015	HTA12	gzip	HTA12_234_3002	HTA12_234_2000		CellRanger	For each sample we obtained the unfiltered feature-barcode matrix per sample by passing the demultiplexed FASTQs to Cell Ranger v.6.0.2 'count' command using default parameters with --include-introns tag and the prebuilt GRCh38 genome reference refdata-gex-GRCh38-2020-A (GENCODE v32/Ensembl 98) for RNA.	cellranger-6.0.2	https://github.com/ding-lab/HTAN_BRCA_publication/blob/main/Processing_scripts/cellranger.v.6.0.2.sh	Release 5.0	Details	
scsnRNA-Seq_level_3_BRCA23/HT077B1-S1H7-matrix.mtx.gz	HTAN WUSTL		HTA12_239_4	scRNA-seq	Level 3	Upper-outer quadrant of breast		Infiltrating duct carcinoma NOS	Synapse	syn53214017	HTA12	gzip	HTA12_239_3008	HTA12_239_2002		CellRanger	For each sample we obtained the unfiltered feature-barcode matrix per sample by passing the demultiplexed FASTQs to Cell Ranger v.6.0.2 'count' command using default parameters with --include-introns tag and the prebuilt GRCh38 genome reference refdata-gex-GRCh38-2020-A (GENCODE v32/Ensembl 98) for RNA.	cellranger-6.0.2	https://github.com/ding-lab/HTAN_BRCA_publication/blob/main/Processing_scripts/cellranger.v.6.0.2.sh	Release 5.0	Details	
scsnRNA-Seq_level_3_BRCA23/HT163B1-S1H6-matrix.mtx.gz	HTAN WUSTL		HTA12_127_1	scRNA-seq	Level 3	Breast NOS		Ductal carcinoma NOS	Synapse	syn53214018	HTA12	gzip	HTA12_127_3008	HTA12_127_2001		CellRanger	For each sample we obtained the unfiltered feature-barcode matrix per sample by passing the demultiplexed FASTQs to Cell Ranger v.6.0.2 'count' command using default parameters with --include-introns tag and the prebuilt GRCh38 genome reference refdata-gex-GRCh38-2020-A (GENCODE v32/Ensembl 98) for RNA.	cellranger-6.0.2	https://github.com/ding-lab/HTAN_BRCA_publication/blob/main/Processing_scripts/cellranger.v.6.0.2.sh	Release 5.0	Details	
scsnRNA-Seq_level_3_BRCA23/HT171B1-S1H8-matrix.mtx.gz	HTAN WUSTL		HTA12_245_7	scRNA-seq	Level 3	Upper-outer quadrant of breast	Hormone therapy	Infiltrating duct carcinoma NOS	Synapse	syn53214019	HTA12	gzip	HTA12_245_3005	HTA12_245_2001		CellRanger	For each sample we obtained the unfiltered feature-barcode matrix per sample by passing the demultiplexed FASTQs to Cell Ranger v.6.0.2 'count' command using default parameters with --include-introns tag and the prebuilt GRCh38 genome reference refdata-gex-GRCh38-2020-A (GENCODE v32/Ensembl 98) for RNA.	cellranger-6.0.2	https://github.com/ding-lab/HTAN_BRCA_publication/blob/main/Processing_scripts/cellranger.v.6.0.2.sh	Release 5.0	Details	
scsnRNA-Seq_level_3_BRCA23/HT171B1-S1H1-matrix.mtx.gz	HTAN WUSTL		HTA12_245_6	scRNA-seq	Level 3	Upper-outer quadrant of breast	Hormone therapy	Infiltrating duct carcinoma NOS	Synapse	syn53214022	HTA12	gzip	HTA12_245_3002	HTA12_245_2000		CellRanger	For each sample we obtained the unfiltered feature-barcode matrix per sample by passing the demultiplexed FASTQs to Cell Ranger v.6.0.2 'count' command using default parameters with --include-introns tag and the prebuilt GRCh38 genome reference refdata-gex-GRCh38-2020-A (GENCODE v32/Ensembl 98) for RNA.	cellranger-6.0.2	https://github.com/ding-lab/HTAN_BRCA_publication/blob/main/Processing_scripts/cellranger.v.6.0.2.sh	Release 5.0	Details	
snscRNA-Seq_level_4_atac_tumor/HT214B1-S1H2.rds	HTAN WUSTL		HTA12_130_1	scRNA-seq	Level 4	Breast NOS		Ductal carcinoma NOS	Synapse	syn53214432	HTA12	RData	HTA12_130_4005	HTA12_130_3000,HTA12_130_3002,HTA12_130_3001		Other	The filtered gene-count matrix was scaled and normalized for sequencing depth using Seurat<U+2019>s <U+2018>SCTransform<U+2019> function (with the parameters: vars.to.regress = c(<U+201C>nCount_RNA<U+201D>, <U+201C>percent.mito<U+201D>), return.only.var.genes = F, and all others set to default). From this, the principal components were calculated using the Seurat RunPCA function.	Other	https://doi.org/10.1038/s41586-023-06682-5	Release 5.0	Details	
snscRNA-Seq_level_4_atac_tumor/HT378B1-S1H1.rds	HTAN WUSTL		HTA12_148_1	scRNA-seq	Level 4	Breast NOS	Chemotherapy	Ductal carcinoma NOS	Synapse	syn53214495	HTA12	RData	HTA12_148_4005	HTA12_148_3021,HTA12_148_3023,HTA12_148_3022		Other	The filtered gene-count matrix was scaled and normalized for sequencing depth using Seurat<U+2019>s <U+2018>SCTransform<U+2019> function (with the parameters: vars.to.regress = c(<U+201C>nCount_RNA<U+201D>, <U+201C>percent.mito<U+201D>), return.only.var.genes = F, and all others set to default). From this, the principal components were calculated using the Seurat RunPCA function.	Other	https://doi.org/10.1038/s41586-023-06682-5	Release 5.0	Details	
snscRNA-Seq_level_4_atac_tumor/HT545B1-S1H1.rds	HTAN WUSTL		HTA12_156_1	scRNA-seq	Level 4	Breast NOS		Ductal carcinoma NOS	Synapse	syn53214594	HTA12	RData	HTA12_156_4005	HTA12_156_3021,HTA12_156_3023,HTA12_156_3022		Other	The filtered gene-count matrix was scaled and normalized for sequencing depth using Seurat<U+2019>s <U+2018>SCTransform<U+2019> function (with the parameters: vars.to.regress = c(<U+201C>nCount_RNA<U+201D>, <U+201C>percent.mito<U+201D>), return.only.var.genes = F, and all others set to default). From this, the principal components were calculated using the Seurat RunPCA function.	Other	https://doi.org/10.1038/s41586-023-06682-5	Release 5.0	Details	
snscRNA-Seq_level_4_atac_tumor/HT497B1-S1H1.rds	HTAN WUSTL		HTA12_153_1	scRNA-seq	Level 4	Breast NOS	Chemotherapy	Ductal carcinoma NOS	Synapse	syn53214605	HTA12	RData	HTA12_153_4005	HTA12_153_3021,HTA12_153_3023,HTA12_153_3022		Other	The filtered gene-count matrix was scaled and normalized for sequencing depth using Seurat<U+2019>s <U+2018>SCTransform<U+2019> function (with the parameters: vars.to.regress = c(<U+201C>nCount_RNA<U+201D>, <U+201C>percent.mito<U+201D>), return.only.var.genes = F, and all others set to default). From this, the principal components were calculated using the Seurat RunPCA function.	Other	https://doi.org/10.1038/s41586-023-06682-5	Release 5.0	Details	
snscRNA-Seq_level_4_atac_tumor/HT128B1-S1H4.rds	HTAN WUSTL		HTA12_123_1	scRNA-seq	Level 4	Breast NOS	Chemotherapy	Lobular carcinoma NOS	Synapse	syn53214606	HTA12	RData	HTA12_123_4005	HTA12_123_3000,HTA12_123_3002,HTA12_123_3001		Other	The filtered gene-count matrix was scaled and normalized for sequencing depth using Seurat<U+2019>s <U+2018>SCTransform<U+2019> function (with the parameters: vars.to.regress = c(<U+201C>nCount_RNA<U+201D>, <U+201C>percent.mito<U+201D>), return.only.var.genes = F, and all others set to default). From this, the principal components were calculated using the Seurat RunPCA function.	Other	https://doi.org/10.1038/s41586-023-06682-5	Release 5.0	Details	
snscRNA-Seq_level_4_atac_tumor/HT217B1-S1H1.rds	HTAN WUSTL		HTA12_131_1	scRNA-seq	Level 4	Breast NOS		Mucous adenocarcinoma	Synapse	syn53214623	HTA12	RData	HTA12_131_4005	HTA12_131_3000,HTA12_131_3002,HTA12_131_3001		Other	The filtered gene-count matrix was scaled and normalized for sequencing depth using Seurat<U+2019>s <U+2018>SCTransform<U+2019> function (with the parameters: vars.to.regress = c(<U+201C>nCount_RNA<U+201D>, <U+201C>percent.mito<U+201D>), return.only.var.genes = F, and all others set to default). From this, the principal components were calculated using the Seurat RunPCA function.	Other	https://doi.org/10.1038/s41586-023-06682-5	Release 5.0	Details	
snscRNA-Seq_level_4_atac_tumor/HT141B1-S1H1.rds	HTAN WUSTL		HTA12_126_1	scRNA-seq	Level 4	Breast NOS	Chemotherapy	Ductal carcinoma NOS	Synapse	syn53214625	HTA12	RData	HTA12_126_4005	HTA12_126_3000,HTA12_126_3002,HTA12_126_3001		Other	The filtered gene-count matrix was scaled and normalized for sequencing depth using Seurat<U+2019>s <U+2018>SCTransform<U+2019> function (with the parameters: vars.to.regress = c(<U+201C>nCount_RNA<U+201D>, <U+201C>percent.mito<U+201D>), return.only.var.genes = F, and all others set to default). From this, the principal components were calculated using the Seurat RunPCA function.	Other	https://doi.org/10.1038/s41586-023-06682-5	Release 5.0	Details	
snscRNA-Seq_level_4_atac_tumor/HT384B1-S1H1.rds	HTAN WUSTL		HTA12_149_1	scRNA-seq	Level 4	Breast NOS	Chemotherapy	Ductal carcinoma NOS	Synapse	syn53214656	HTA12	RData	HTA12_149_4005	HTA12_149_3021,HTA12_149_3023,HTA12_149_3022		Other	The filtered gene-count matrix was scaled and normalized for sequencing depth using Seurat<U+2019>s <U+2018>SCTransform<U+2019> function (with the parameters: vars.to.regress = c(<U+201C>nCount_RNA<U+201D>, <U+201C>percent.mito<U+201D>), return.only.var.genes = F, and all others set to default). From this, the principal components were calculated using the Seurat RunPCA function.	Other	https://doi.org/10.1038/s41586-023-06682-5	Release 5.0	Details	
snscRNA-Seq_level_4_atac_tumor/HT517B1-S1H1.rds	HTAN WUSTL		HTA12_155_1	scRNA-seq	Level 4	Breast NOS	Chemotherapy	Ductal carcinoma NOS	Synapse	syn53214677	HTA12	RData	HTA12_155_4005	HTA12_155_3021,HTA12_155_3023,HTA12_155_3022		Other	The filtered gene-count matrix was scaled and normalized for sequencing depth using Seurat<U+2019>s <U+2018>SCTransform<U+2019> function (with the parameters: vars.to.regress = c(<U+201C>nCount_RNA<U+201D>, <U+201C>percent.mito<U+201D>), return.only.var.genes = F, and all others set to default). From this, the principal components were calculated using the Seurat RunPCA function.	Other	https://doi.org/10.1038/s41586-023-06682-5	Release 5.0	Details	
snscRNA-Seq_level_4_atac_tumor/HT263B1-S1H1.rds	HTAN WUSTL		HTA12_139_1	scRNA-seq	Level 4	Breast NOS		Lobular carcinoma NOS	Synapse	syn53214683	HTA12	RData	HTA12_139_4005	HTA12_139_3021,HTA12_139_3023,HTA12_139_3022		Other	The filtered gene-count matrix was scaled and normalized for sequencing depth using Seurat<U+2019>s <U+2018>SCTransform<U+2019> function (with the parameters: vars.to.regress = c(<U+201C>nCount_RNA<U+201D>, <U+201C>percent.mito<U+201D>), return.only.var.genes = F, and all others set to default). From this, the principal components were calculated using the Seurat RunPCA function.	Other	https://doi.org/10.1038/s41586-023-06682-5	Release 5.0	Details	
snscRNA-Seq_level_4_atac_tumor/HT297B1-S1H1.rds	HTAN WUSTL		HTA12_144_1	scRNA-seq	Level 4	Breast NOS		Ductal carcinoma NOS	Synapse	syn53214695	HTA12	RData	HTA12_144_4005	HTA12_144_3021,HTA12_144_3023,HTA12_144_3022		Other	The filtered gene-count matrix was scaled and normalized for sequencing depth using Seurat<U+2019>s <U+2018>SCTransform<U+2019> function (with the parameters: vars.to.regress = c(<U+201C>nCount_RNA<U+201D>, <U+201C>percent.mito<U+201D>), return.only.var.genes = F, and all others set to default). From this, the principal components were calculated using the Seurat RunPCA function.	Other	https://doi.org/10.1038/s41586-023-06682-5	Release 5.0	Details	
snscRNA-Seq_level_4_atac_tumor/HT235B1-S1H1.rds	HTAN WUSTL		HTA12_134_1	scRNA-seq	Level 4	Breast NOS	Chemotherapy	Ductal carcinoma NOS	Synapse	syn53214703	HTA12	RData	HTA12_134_4005	HTA12_134_3021,HTA12_134_3023,HTA12_134_3022		Other	The filtered gene-count matrix was scaled and normalized for sequencing depth using Seurat<U+2019>s <U+2018>SCTransform<U+2019> function (with the parameters: vars.to.regress = c(<U+201C>nCount_RNA<U+201D>, <U+201C>percent.mito<U+201D>), return.only.var.genes = F, and all others set to default). From this, the principal components were calculated using the Seurat RunPCA function.	Other	https://doi.org/10.1038/s41586-023-06682-5	Release 5.0	Details	
snscRNA-Seq_level_4_atac_tumor/HT243B1-S1H4.rds	HTAN WUSTL		HTA12_135_1	scRNA-seq	Level 4	Breast NOS		Ductal carcinoma NOS	Synapse	syn53214720	HTA12	RData	HTA12_135_4005	HTA12_135_3021,HTA12_135_3023,HTA12_135_3022		Other	The filtered gene-count matrix was scaled and normalized for sequencing depth using Seurat<U+2019>s <U+2018>SCTransform<U+2019> function (with the parameters: vars.to.regress = c(<U+201C>nCount_RNA<U+201D>, <U+201C>percent.mito<U+201D>), return.only.var.genes = F, and all others set to default). From this, the principal components were calculated using the Seurat RunPCA function.	Other	https://doi.org/10.1038/s41586-023-06682-5	Release 5.0	Details	
snscRNA-Seq_level_4_atac_tumor/HT268B1-Th1H3.rds	HTAN WUSTL		HTA12_140_1	scRNA-seq	Level 4	Breast NOS	Chemotherapy	Adenocarcinoma metastatic NOS	Synapse	syn53214743	HTA12	RData	HTA12_140_4005	HTA12_140_3021,HTA12_140_3023,HTA12_140_3022		Other	The filtered gene-count matrix was scaled and normalized for sequencing depth using Seurat<U+2019>s <U+2018>SCTransform<U+2019> function (with the parameters: vars.to.regress = c(<U+201C>nCount_RNA<U+201D>, <U+201C>percent.mito<U+201D>), return.only.var.genes = F, and all others set to default). From this, the principal components were calculated using the Seurat RunPCA function.	Other	https://doi.org/10.1038/s41586-023-06682-5	Release 5.0	Details	
snscRNA-Seq_level_4_atac_tumor/HT378B1-S1H2.rds	HTAN WUSTL		HTA12_148_2	scRNA-seq	Level 4	Breast NOS	Chemotherapy	Ductal carcinoma NOS	Synapse	syn53214757	HTA12	RData	HTA12_148_4006	HTA12_148_3025,HTA12_148_3027,HTA12_148_3026		Other	The filtered gene-count matrix was scaled and normalized for sequencing depth using Seurat<U+2019>s <U+2018>SCTransform<U+2019> function (with the parameters: vars.to.regress = c(<U+201C>nCount_RNA<U+201D>, <U+201C>percent.mito<U+201D>), return.only.var.genes = F, and all others set to default). From this, the principal components were calculated using the Seurat RunPCA function.	Other	https://doi.org/10.1038/s41586-023-06682-5	Release 5.0	Details	
snscRNA-Seq_level_4_atac_tumor/HT514B1-S1H3.rds	HTAN WUSTL		HTA12_154_1	scRNA-seq	Level 4	Breast NOS	Chemotherapy	Ductal carcinoma NOS	Synapse	syn53214771	HTA12	RData	HTA12_154_4005	HTA12_154_3021,HTA12_154_3023,HTA12_154_3022		Other	The filtered gene-count matrix was scaled and normalized for sequencing depth using Seurat<U+2019>s <U+2018>SCTransform<U+2019> function (with the parameters: vars.to.regress = c(<U+201C>nCount_RNA<U+201D>, <U+201C>percent.mito<U+201D>), return.only.var.genes = F, and all others set to default). From this, the principal components were calculated using the Seurat RunPCA function.	Other	https://doi.org/10.1038/s41586-023-06682-5	Release 5.0	Details	
snscRNA-Seq_level_4_atac_tumor/HT271B1-S1H3.rds	HTAN WUSTL		HTA12_142_1	scRNA-seq	Level 4	Breast NOS	Chemotherapy	Ductal carcinoma NOS	Synapse	syn53214802	HTA12	RData	HTA12_142_4005	HTA12_142_3021,HTA12_142_3023,HTA12_142_3022		Other	The filtered gene-count matrix was scaled and normalized for sequencing depth using Seurat<U+2019>s <U+2018>SCTransform<U+2019> function (with the parameters: vars.to.regress = c(<U+201C>nCount_RNA<U+201D>, <U+201C>percent.mito<U+201D>), return.only.var.genes = F, and all others set to default). From this, the principal components were calculated using the Seurat RunPCA function.	Other	https://doi.org/10.1038/s41586-023-06682-5	Release 5.0	Details	
scsnRNA-Seq_level_4_BRCA23/TWCE-HT105B1-XB1.rds	HTAN WUSTL		HTA12_242_3	scRNA-seq	Level 4	Upper-outer quadrant of breast		Infiltrating duct carcinoma NOS	Synapse	syn53214805	HTA12	RData	HTA12_242_4001	HTA12_242_3003;HTA12_242_3004;HTA12_242_3005		CellRanger	For each sample, we obtained the unfiltered feature-barcode matrix per sample by passing the demultiplexed FASTQs to Cell Ranger v6.0.2 <U+2018>count<U+2019> command using default parameters and the prebuilt GRCh38 genome reference (refdata-gex-GRCh38-2020-A; GRCh38 and Ensembl 93). Seurat v4.1.0  was used for all subsequent analysis. First, a series of quality filters were applied to the data to remove those barcodes which fell into any one of these categories recommended by Seurat: too few total transcript counts (<300); possible debris with too few genes expressed (<200) and too few UMIs (<1,000); possible more than one cell with too many genes expressed (>10,000) and too many UMIs (>10,000); possible dead cell or a sign of cellular stress and apoptosis with too high proportion of mitochondrial gene expression over the total transcript counts (>10%). Doublets were filtered out using Scrublet (https://github.com/AllonKleinLab/scrublet). Scrublet was run on each sample separately with the following parameter settings: expected_doublet_rate=0.06, min_counts=2, min_cells=3, min_gene_variability_pctl=85, n_prin_comps=30. The doublet score threshold was adjusted manually. We constructed a Seurat object using the unfiltered feature-barcode matrix for each sample. Each sample was scaled and normalized using Seurat<U+2019>s <U+2018>SCTransform<U+2019> function to correct for batch effects (with parameters: vars.to.regress = c("nCount_RNA", "percent.mito"), variable.features n = 2000). Any merged analysis or subsequent subsetting of cells/samples underwent the same scaling and normalization method. Cells were clustered using the original Louvain algorithm and top 30 PCA dimensions via <U+2018>FindNeighbors<U+2019> and <U+2018>FindClusters<U+2019> (with parameters: resolution = 0.5) functions. The resulting merged and normalized matrix was used for the subsequent analysis. Each sample was scaled and normalized using Seurat<U+2019>s <U+2018>SCTransform<U+2019> function to correct for batch effects (with parameters: vars.to.regress = c("nCount_RNA", "percent.mito"), variable.features.n = 3000). We then merged all samples and repeated the same scaling and normalization method. All cells in the merged Seurat object were then clustered using the original Louvain algorithm (Blondel et al., 2008) and top 30 PCA dimensions via <U+2018>FindNeighbors<U+2019> and <U+2018>FindClusters<U+2019> (with parameters: resolution = 0.5) functions. The resulting merged and normalized matrix was used for the subsequent analysis.	Other	https://www.biorxiv.org/content/10.1101/2023.10.31.565031v1	Release 5.0	Details	
snscRNA-Seq_level_4_atac_tumor/HT035B1-S1PA.rds	HTAN WUSTL		HTA12_119_1	scRNA-seq	Level 4	Breast NOS		Ductal carcinoma NOS	Synapse	syn53214808	HTA12	RData	HTA12_119_4005	HTA12_119_3000,HTA12_119_3002,HTA12_119_3001		Other	The filtered gene-count matrix was scaled and normalized for sequencing depth using Seurat<U+2019>s <U+2018>SCTransform<U+2019> function (with the parameters: vars.to.regress = c(<U+201C>nCount_RNA<U+201D>, <U+201C>percent.mito<U+201D>), return.only.var.genes = F, and all others set to default). From this, the principal components were calculated using the Seurat RunPCA function.	Other	https://doi.org/10.1038/s41586-023-06682-5	Release 5.0	Details	
snscRNA-Seq_level_4_atac_tumor/HT305B1-S1H1.rds	HTAN WUSTL		HTA12_145_1	scRNA-seq	Level 4	Breast NOS		Ductal carcinoma NOS	Synapse	syn53214812	HTA12	RData	HTA12_145_4005	HTA12_145_3021,HTA12_145_3023,HTA12_145_3022		Other	The filtered gene-count matrix was scaled and normalized for sequencing depth using Seurat<U+2019>s <U+2018>SCTransform<U+2019> function (with the parameters: vars.to.regress = c(<U+201C>nCount_RNA<U+201D>, <U+201C>percent.mito<U+201D>), return.only.var.genes = F, and all others set to default). From this, the principal components were calculated using the Seurat RunPCA function.	Other	https://doi.org/10.1038/s41586-023-06682-5	Release 5.0	Details	
scsnRNA-Seq_level_4_BRCA23/TWCE-HT068B1-S1H2A2A1Z1B1.rds	HTAN WUSTL		HTA12_238_3	scRNA-seq	Level 4	Upper-inner quadrant of breast		Infiltrating duct carcinoma NOS	Synapse	syn53214820	HTA12	RData	HTA12_238_4001	HTA12_238_3003;HTA12_238_3004;HTA12_238_3005		CellRanger	For each sample, we obtained the unfiltered feature-barcode matrix per sample by passing the demultiplexed FASTQs to Cell Ranger v6.0.2 <U+2018>count<U+2019> command using default parameters and the prebuilt GRCh38 genome reference (refdata-gex-GRCh38-2020-A; GRCh38 and Ensembl 93). Seurat v4.1.0  was used for all subsequent analysis. First, a series of quality filters were applied to the data to remove those barcodes which fell into any one of these categories recommended by Seurat: too few total transcript counts (<300); possible debris with too few genes expressed (<200) and too few UMIs (<1,000); possible more than one cell with too many genes expressed (>10,000) and too many UMIs (>10,000); possible dead cell or a sign of cellular stress and apoptosis with too high proportion of mitochondrial gene expression over the total transcript counts (>10%). Doublets were filtered out using Scrublet (https://github.com/AllonKleinLab/scrublet). Scrublet was run on each sample separately with the following parameter settings: expected_doublet_rate=0.06, min_counts=2, min_cells=3, min_gene_variability_pctl=85, n_prin_comps=30. The doublet score threshold was adjusted manually. We constructed a Seurat object using the unfiltered feature-barcode matrix for each sample. Each sample was scaled and normalized using Seurat<U+2019>s <U+2018>SCTransform<U+2019> function to correct for batch effects (with parameters: vars.to.regress = c("nCount_RNA", "percent.mito"), variable.features n = 2000). Any merged analysis or subsequent subsetting of cells/samples underwent the same scaling and normalization method. Cells were clustered using the original Louvain algorithm and top 30 PCA dimensions via <U+2018>FindNeighbors<U+2019> and <U+2018>FindClusters<U+2019> (with parameters: resolution = 0.5) functions. The resulting merged and normalized matrix was used for the subsequent analysis. Each sample was scaled and normalized using Seurat<U+2019>s <U+2018>SCTransform<U+2019> function to correct for batch effects (with parameters: vars.to.regress = c("nCount_RNA", "percent.mito"), variable.features.n = 3000). We then merged all samples and repeated the same scaling and normalization method. All cells in the merged Seurat object were then clustered using the original Louvain algorithm (Blondel et al., 2008) and top 30 PCA dimensions via <U+2018>FindNeighbors<U+2019> and <U+2018>FindClusters<U+2019> (with parameters: resolution = 0.5) functions. The resulting merged and normalized matrix was used for the subsequent analysis.	Other	https://www.biorxiv.org/content/10.1101/2023.10.31.565031v1	Release 5.0	Details	
scsnRNA-Seq_level_4_BRCA23/TWCE-HT088B1-Bc3.rds	HTAN WUSTL		HTA12_120_1	scRNA-seq	Level 4	Breast NOS		Lobular carcinoma NOS	Synapse	syn53214822	HTA12	RData	HTA12_120_4000	HTA12_120_3003;HTA12_120_3004;HTA12_120_3005		CellRanger	For each sample, we obtained the unfiltered feature-barcode matrix per sample by passing the demultiplexed FASTQs to Cell Ranger v6.0.2 <U+2018>count<U+2019> command using default parameters and the prebuilt GRCh38 genome reference (refdata-gex-GRCh38-2020-A; GRCh38 and Ensembl 93). Seurat v4.1.0  was used for all subsequent analysis. First, a series of quality filters were applied to the data to remove those barcodes which fell into any one of these categories recommended by Seurat: too few total transcript counts (<300); possible debris with too few genes expressed (<200) and too few UMIs (<1,000); possible more than one cell with too many genes expressed (>10,000) and too many UMIs (>10,000); possible dead cell or a sign of cellular stress and apoptosis with too high proportion of mitochondrial gene expression over the total transcript counts (>10%). Doublets were filtered out using Scrublet (https://github.com/AllonKleinLab/scrublet). Scrublet was run on each sample separately with the following parameter settings: expected_doublet_rate=0.06, min_counts=2, min_cells=3, min_gene_variability_pctl=85, n_prin_comps=30. The doublet score threshold was adjusted manually. We constructed a Seurat object using the unfiltered feature-barcode matrix for each sample. Each sample was scaled and normalized using Seurat<U+2019>s <U+2018>SCTransform<U+2019> function to correct for batch effects (with parameters: vars.to.regress = c("nCount_RNA", "percent.mito"), variable.features n = 2000). Any merged analysis or subsequent subsetting of cells/samples underwent the same scaling and normalization method. Cells were clustered using the original Louvain algorithm and top 30 PCA dimensions via <U+2018>FindNeighbors<U+2019> and <U+2018>FindClusters<U+2019> (with parameters: resolution = 0.5) functions. The resulting merged and normalized matrix was used for the subsequent analysis. Each sample was scaled and normalized using Seurat<U+2019>s <U+2018>SCTransform<U+2019> function to correct for batch effects (with parameters: vars.to.regress = c("nCount_RNA", "percent.mito"), variable.features.n = 3000). We then merged all samples and repeated the same scaling and normalization method. All cells in the merged Seurat object were then clustered using the original Louvain algorithm (Blondel et al., 2008) and top 30 PCA dimensions via <U+2018>FindNeighbors<U+2019> and <U+2018>FindClusters<U+2019> (with parameters: resolution = 0.5) functions. The resulting merged and normalized matrix was used for the subsequent analysis.	Other	https://www.biorxiv.org/content/10.1101/2023.10.31.565031v1	Release 5.0	Details	
scsnRNA-Seq_level_4_BRCA23/TWCE-HT110B1-XB1.rds	HTAN WUSTL		HTA12_243_5	scRNA-seq	Level 4	Upper-outer quadrant of breast		Lobular carcinoma NOS	Synapse	syn53214837	HTA12	RData	HTA12_243_4001	HTA12_243_3003;HTA12_243_3004;HTA12_243_3005		CellRanger	For each sample, we obtained the unfiltered feature-barcode matrix per sample by passing the demultiplexed FASTQs to Cell Ranger v6.0.2 <U+2018>count<U+2019> command using default parameters and the prebuilt GRCh38 genome reference (refdata-gex-GRCh38-2020-A; GRCh38 and Ensembl 93). Seurat v4.1.0  was used for all subsequent analysis. First, a series of quality filters were applied to the data to remove those barcodes which fell into any one of these categories recommended by Seurat: too few total transcript counts (<300); possible debris with too few genes expressed (<200) and too few UMIs (<1,000); possible more than one cell with too many genes expressed (>10,000) and too many UMIs (>10,000); possible dead cell or a sign of cellular stress and apoptosis with too high proportion of mitochondrial gene expression over the total transcript counts (>10%). Doublets were filtered out using Scrublet (https://github.com/AllonKleinLab/scrublet). Scrublet was run on each sample separately with the following parameter settings: expected_doublet_rate=0.06, min_counts=2, min_cells=3, min_gene_variability_pctl=85, n_prin_comps=30. The doublet score threshold was adjusted manually. We constructed a Seurat object using the unfiltered feature-barcode matrix for each sample. Each sample was scaled and normalized using Seurat<U+2019>s <U+2018>SCTransform<U+2019> function to correct for batch effects (with parameters: vars.to.regress = c("nCount_RNA", "percent.mito"), variable.features n = 2000). Any merged analysis or subsequent subsetting of cells/samples underwent the same scaling and normalization method. Cells were clustered using the original Louvain algorithm and top 30 PCA dimensions via <U+2018>FindNeighbors<U+2019> and <U+2018>FindClusters<U+2019> (with parameters: resolution = 0.5) functions. The resulting merged and normalized matrix was used for the subsequent analysis. Each sample was scaled and normalized using Seurat<U+2019>s <U+2018>SCTransform<U+2019> function to correct for batch effects (with parameters: vars.to.regress = c("nCount_RNA", "percent.mito"), variable.features.n = 3000). We then merged all samples and repeated the same scaling and normalization method. All cells in the merged Seurat object were then clustered using the original Louvain algorithm (Blondel et al., 2008) and top 30 PCA dimensions via <U+2018>FindNeighbors<U+2019> and <U+2018>FindClusters<U+2019> (with parameters: resolution = 0.5) functions. The resulting merged and normalized matrix was used for the subsequent analysis.	Other	https://www.biorxiv.org/content/10.1101/2023.10.31.565031v1	Release 5.0	Details	
scsnRNA-Seq_level_4_BRCA23/TWCE-HT077B1-XB1.rds	HTAN WUSTL		HTA12_239_2	scRNA-seq	Level 4	Upper-outer quadrant of breast		Infiltrating duct carcinoma NOS	Synapse	syn53214838	HTA12	RData	HTA12_239_4000	HTA12_239_3000;HTA12_239_3001;HTA12_239_3002		CellRanger	For each sample, we obtained the unfiltered feature-barcode matrix per sample by passing the demultiplexed FASTQs to Cell Ranger v6.0.2 <U+2018>count<U+2019> command using default parameters and the prebuilt GRCh38 genome reference (refdata-gex-GRCh38-2020-A; GRCh38 and Ensembl 93). Seurat v4.1.0  was used for all subsequent analysis. First, a series of quality filters were applied to the data to remove those barcodes which fell into any one of these categories recommended by Seurat: too few total transcript counts (<300); possible debris with too few genes expressed (<200) and too few UMIs (<1,000); possible more than one cell with too many genes expressed (>10,000) and too many UMIs (>10,000); possible dead cell or a sign of cellular stress and apoptosis with too high proportion of mitochondrial gene expression over the total transcript counts (>10%). Doublets were filtered out using Scrublet (https://github.com/AllonKleinLab/scrublet). Scrublet was run on each sample separately with the following parameter settings: expected_doublet_rate=0.06, min_counts=2, min_cells=3, min_gene_variability_pctl=85, n_prin_comps=30. The doublet score threshold was adjusted manually. We constructed a Seurat object using the unfiltered feature-barcode matrix for each sample. Each sample was scaled and normalized using Seurat<U+2019>s <U+2018>SCTransform<U+2019> function to correct for batch effects (with parameters: vars.to.regress = c("nCount_RNA", "percent.mito"), variable.features n = 2000). Any merged analysis or subsequent subsetting of cells/samples underwent the same scaling and normalization method. Cells were clustered using the original Louvain algorithm and top 30 PCA dimensions via <U+2018>FindNeighbors<U+2019> and <U+2018>FindClusters<U+2019> (with parameters: resolution = 0.5) functions. The resulting merged and normalized matrix was used for the subsequent analysis. Each sample was scaled and normalized using Seurat<U+2019>s <U+2018>SCTransform<U+2019> function to correct for batch effects (with parameters: vars.to.regress = c("nCount_RNA", "percent.mito"), variable.features.n = 3000). We then merged all samples and repeated the same scaling and normalization method. All cells in the merged Seurat object were then clustered using the original Louvain algorithm (Blondel et al., 2008) and top 30 PCA dimensions via <U+2018>FindNeighbors<U+2019> and <U+2018>FindClusters<U+2019> (with parameters: resolution = 0.5) functions. The resulting merged and normalized matrix was used for the subsequent analysis.	Other	https://www.biorxiv.org/content/10.1101/2023.10.31.565031v1	Release 5.0	Details	
snscRNA-Seq_level_4_atac_tumor/HT206B1-S1H4.rds	HTAN WUSTL		HTA12_129_1	scRNA-seq	Level 4	Breast NOS	Chemotherapy	Ductal carcinoma NOS	Synapse	syn53214841	HTA12	RData	HTA12_129_4005	HTA12_129_3000,HTA12_129_3002,HTA12_129_3001		Other	The filtered gene-count matrix was scaled and normalized for sequencing depth using Seurat<U+2019>s <U+2018>SCTransform<U+2019> function (with the parameters: vars.to.regress = c(<U+201C>nCount_RNA<U+201D>, <U+201C>percent.mito<U+201D>), return.only.var.genes = F, and all others set to default). From this, the principal components were calculated using the Seurat RunPCA function.	Other	https://doi.org/10.1038/s41586-023-06682-5	Release 5.0	Details	
scsnRNA-Seq_level_4_BRCA23/TWCE-HT084B1-XB1.rds	HTAN WUSTL		HTA12_240_2	scRNA-seq	Level 4	Upper-inner quadrant of breast		Infiltrating duct carcinoma NOS	Synapse	syn53214844	HTA12	RData	HTA12_240_4000	HTA12_240_3000;HTA12_240_3001;HTA12_240_3002		CellRanger	For each sample, we obtained the unfiltered feature-barcode matrix per sample by passing the demultiplexed FASTQs to Cell Ranger v6.0.2 <U+2018>count<U+2019> command using default parameters and the prebuilt GRCh38 genome reference (refdata-gex-GRCh38-2020-A; GRCh38 and Ensembl 93). Seurat v4.1.0  was used for all subsequent analysis. First, a series of quality filters were applied to the data to remove those barcodes which fell into any one of these categories recommended by Seurat: too few total transcript counts (<300); possible debris with too few genes expressed (<200) and too few UMIs (<1,000); possible more than one cell with too many genes expressed (>10,000) and too many UMIs (>10,000); possible dead cell or a sign of cellular stress and apoptosis with too high proportion of mitochondrial gene expression over the total transcript counts (>10%). Doublets were filtered out using Scrublet (https://github.com/AllonKleinLab/scrublet). Scrublet was run on each sample separately with the following parameter settings: expected_doublet_rate=0.06, min_counts=2, min_cells=3, min_gene_variability_pctl=85, n_prin_comps=30. The doublet score threshold was adjusted manually. We constructed a Seurat object using the unfiltered feature-barcode matrix for each sample. Each sample was scaled and normalized using Seurat<U+2019>s <U+2018>SCTransform<U+2019> function to correct for batch effects (with parameters: vars.to.regress = c("nCount_RNA", "percent.mito"), variable.features n = 2000). Any merged analysis or subsequent subsetting of cells/samples underwent the same scaling and normalization method. Cells were clustered using the original Louvain algorithm and top 30 PCA dimensions via <U+2018>FindNeighbors<U+2019> and <U+2018>FindClusters<U+2019> (with parameters: resolution = 0.5) functions. The resulting merged and normalized matrix was used for the subsequent analysis. Each sample was scaled and normalized using Seurat<U+2019>s <U+2018>SCTransform<U+2019> function to correct for batch effects (with parameters: vars.to.regress = c("nCount_RNA", "percent.mito"), variable.features.n = 3000). We then merged all samples and repeated the same scaling and normalization method. All cells in the merged Seurat object were then clustered using the original Louvain algorithm (Blondel et al., 2008) and top 30 PCA dimensions via <U+2018>FindNeighbors<U+2019> and <U+2018>FindClusters<U+2019> (with parameters: resolution = 0.5) functions. The resulting merged and normalized matrix was used for the subsequent analysis.	Other	https://www.biorxiv.org/content/10.1101/2023.10.31.565031v1	Release 5.0	Details	
scsnRNA-Seq_level_4_BRCA23/TWCE-HT062B1-S1PAA1A1Z1B1.rds	HTAN WUSTL		HTA12_235_1	scRNA-seq	Level 4	Breast NOS	Chemotherapy	Infiltrating duct carcinoma NOS	Synapse	syn53214852	HTA12	RData	HTA12_235_4000	HTA12_235_3000;HTA12_235_3001;HTA12_235_3002		CellRanger	For each sample, we obtained the unfiltered feature-barcode matrix per sample by passing the demultiplexed FASTQs to Cell Ranger v6.0.2 <U+2018>count<U+2019> command using default parameters and the prebuilt GRCh38 genome reference (refdata-gex-GRCh38-2020-A; GRCh38 and Ensembl 93). Seurat v4.1.0  was used for all subsequent analysis. First, a series of quality filters were applied to the data to remove those barcodes which fell into any one of these categories recommended by Seurat: too few total transcript counts (<300); possible debris with too few genes expressed (<200) and too few UMIs (<1,000); possible more than one cell with too many genes expressed (>10,000) and too many UMIs (>10,000); possible dead cell or a sign of cellular stress and apoptosis with too high proportion of mitochondrial gene expression over the total transcript counts (>10%). Doublets were filtered out using Scrublet (https://github.com/AllonKleinLab/scrublet). Scrublet was run on each sample separately with the following parameter settings: expected_doublet_rate=0.06, min_counts=2, min_cells=3, min_gene_variability_pctl=85, n_prin_comps=30. The doublet score threshold was adjusted manually. We constructed a Seurat object using the unfiltered feature-barcode matrix for each sample. Each sample was scaled and normalized using Seurat<U+2019>s <U+2018>SCTransform<U+2019> function to correct for batch effects (with parameters: vars.to.regress = c("nCount_RNA", "percent.mito"), variable.features n = 2000). Any merged analysis or subsequent subsetting of cells/samples underwent the same scaling and normalization method. Cells were clustered using the original Louvain algorithm and top 30 PCA dimensions via <U+2018>FindNeighbors<U+2019> and <U+2018>FindClusters<U+2019> (with parameters: resolution = 0.5) functions. The resulting merged and normalized matrix was used for the subsequent analysis. Each sample was scaled and normalized using Seurat<U+2019>s <U+2018>SCTransform<U+2019> function to correct for batch effects (with parameters: vars.to.regress = c("nCount_RNA", "percent.mito"), variable.features.n = 3000). We then merged all samples and repeated the same scaling and normalization method. All cells in the merged Seurat object were then clustered using the original Louvain algorithm (Blondel et al., 2008) and top 30 PCA dimensions via <U+2018>FindNeighbors<U+2019> and <U+2018>FindClusters<U+2019> (with parameters: resolution = 0.5) functions. The resulting merged and normalized matrix was used for the subsequent analysis.	Other	https://www.biorxiv.org/content/10.1101/2023.10.31.565031v1	Release 5.0	Details	
scsnRNA-Seq_level_4_BRCA23/HT384B1.rds	HTAN WUSTL		HTA12_149_4	scRNA-seq	Level 4	Breast NOS	Chemotherapy	Ductal carcinoma NOS	Synapse	syn53214859	HTA12	RData	HTA12_149_4000	HTA12_149_3001;HTA12_149_3002;HTA12_149_3003		CellRanger	For each sample, we obtained the unfiltered feature-barcode matrix per sample by passing the demultiplexed FASTQs to Cell Ranger v6.0.2 <U+2018>count<U+2019> command using default parameters and the prebuilt GRCh38 genome reference (refdata-gex-GRCh38-2020-A; GRCh38 and Ensembl 93). Seurat v4.1.0  was used for all subsequent analysis. First, a series of quality filters were applied to the data to remove those barcodes which fell into any one of these categories recommended by Seurat: too few total transcript counts (<300); possible debris with too few genes expressed (<200) and too few UMIs (<1,000); possible more than one cell with too many genes expressed (>10,000) and too many UMIs (>10,000); possible dead cell or a sign of cellular stress and apoptosis with too high proportion of mitochondrial gene expression over the total transcript counts (>10%). Doublets were filtered out using Scrublet (https://github.com/AllonKleinLab/scrublet). Scrublet was run on each sample separately with the following parameter settings: expected_doublet_rate=0.06, min_counts=2, min_cells=3, min_gene_variability_pctl=85, n_prin_comps=30. The doublet score threshold was adjusted manually. We constructed a Seurat object using the unfiltered feature-barcode matrix for each sample. Each sample was scaled and normalized using Seurat<U+2019>s <U+2018>SCTransform<U+2019> function to correct for batch effects (with parameters: vars.to.regress = c("nCount_RNA", "percent.mito"), variable.features n = 2000). Any merged analysis or subsequent subsetting of cells/samples underwent the same scaling and normalization method. Cells were clustered using the original Louvain algorithm and top 30 PCA dimensions via <U+2018>FindNeighbors<U+2019> and <U+2018>FindClusters<U+2019> (with parameters: resolution = 0.5) functions. The resulting merged and normalized matrix was used for the subsequent analysis. Each sample was scaled and normalized using Seurat<U+2019>s <U+2018>SCTransform<U+2019> function to correct for batch effects (with parameters: vars.to.regress = c("nCount_RNA", "percent.mito"), variable.features.n = 3000). We then merged all samples and repeated the same scaling and normalization method. All cells in the merged Seurat object were then clustered using the original Louvain algorithm (Blondel et al., 2008) and top 30 PCA dimensions via <U+2018>FindNeighbors<U+2019> and <U+2018>FindClusters<U+2019> (with parameters: resolution = 0.5) functions. The resulting merged and normalized matrix was used for the subsequent analysis.	Other	https://www.biorxiv.org/content/10.1101/2023.10.31.565031v1	Release 5.0	Details	
scsnRNA-Seq_level_4_BRCA23/HT128B1-XBn2-1.rds	HTAN WUSTL		HTA12_123_1	scRNA-seq	Level 4	Breast NOS	Chemotherapy	Lobular carcinoma NOS	Synapse	syn53214860	HTA12	RData	HTA12_123_4000	HTA12_123_3000;HTA12_123_3001;HTA12_123_3002		CellRanger	For each sample, we obtained the unfiltered feature-barcode matrix per sample by passing the demultiplexed FASTQs to Cell Ranger v6.0.2 <U+2018>count<U+2019> command using default parameters and the prebuilt GRCh38 genome reference (refdata-gex-GRCh38-2020-A; GRCh38 and Ensembl 93). Seurat v4.1.0  was used for all subsequent analysis. First, a series of quality filters were applied to the data to remove those barcodes which fell into any one of these categories recommended by Seurat: too few total transcript counts (<300); possible debris with too few genes expressed (<200) and too few UMIs (<1,000); possible more than one cell with too many genes expressed (>10,000) and too many UMIs (>10,000); possible dead cell or a sign of cellular stress and apoptosis with too high proportion of mitochondrial gene expression over the total transcript counts (>10%). Doublets were filtered out using Scrublet (https://github.com/AllonKleinLab/scrublet). Scrublet was run on each sample separately with the following parameter settings: expected_doublet_rate=0.06, min_counts=2, min_cells=3, min_gene_variability_pctl=85, n_prin_comps=30. The doublet score threshold was adjusted manually. We constructed a Seurat object using the unfiltered feature-barcode matrix for each sample. Each sample was scaled and normalized using Seurat<U+2019>s <U+2018>SCTransform<U+2019> function to correct for batch effects (with parameters: vars.to.regress = c("nCount_RNA", "percent.mito"), variable.features n = 2000). Any merged analysis or subsequent subsetting of cells/samples underwent the same scaling and normalization method. Cells were clustered using the original Louvain algorithm and top 30 PCA dimensions via <U+2018>FindNeighbors<U+2019> and <U+2018>FindClusters<U+2019> (with parameters: resolution = 0.5) functions. The resulting merged and normalized matrix was used for the subsequent analysis. Each sample was scaled and normalized using Seurat<U+2019>s <U+2018>SCTransform<U+2019> function to correct for batch effects (with parameters: vars.to.regress = c("nCount_RNA", "percent.mito"), variable.features.n = 3000). We then merged all samples and repeated the same scaling and normalization method. All cells in the merged Seurat object were then clustered using the original Louvain algorithm (Blondel et al., 2008) and top 30 PCA dimensions via <U+2018>FindNeighbors<U+2019> and <U+2018>FindClusters<U+2019> (with parameters: resolution = 0.5) functions. The resulting merged and normalized matrix was used for the subsequent analysis.	Other	https://www.biorxiv.org/content/10.1101/2023.10.31.565031v1	Release 5.0	Details	
snscRNA-Seq_level_4_atac_tumor/HT163B1-S1H6.rds	HTAN WUSTL		HTA12_127_1	scRNA-seq	Level 4	Breast NOS		Ductal carcinoma NOS	Synapse	syn53214864	HTA12	RData	HTA12_127_4005	HTA12_127_3000,HTA12_127_3002,HTA12_127_3001		Other	The filtered gene-count matrix was scaled and normalized for sequencing depth using Seurat<U+2019>s <U+2018>SCTransform<U+2019> function (with the parameters: vars.to.regress = c(<U+201C>nCount_RNA<U+201D>, <U+201C>percent.mito<U+201D>), return.only.var.genes = F, and all others set to default). From this, the principal components were calculated using the Seurat RunPCA function.	Other	https://doi.org/10.1038/s41586-023-06682-5	Release 5.0	Details	
scsnRNA-Seq_level_4_BRCA23/HT214B1-XBn1-1.rds	HTAN WUSTL		HTA12_130_1	scRNA-seq	Level 4	Breast NOS		Ductal carcinoma NOS	Synapse	syn53214866	HTA12	RData	HTA12_130_4000	HTA12_130_3000;HTA12_130_3001;HTA12_130_3002		CellRanger	For each sample, we obtained the unfiltered feature-barcode matrix per sample by passing the demultiplexed FASTQs to Cell Ranger v6.0.2 <U+2018>count<U+2019> command using default parameters and the prebuilt GRCh38 genome reference (refdata-gex-GRCh38-2020-A; GRCh38 and Ensembl 93). Seurat v4.1.0  was used for all subsequent analysis. First, a series of quality filters were applied to the data to remove those barcodes which fell into any one of these categories recommended by Seurat: too few total transcript counts (<300); possible debris with too few genes expressed (<200) and too few UMIs (<1,000); possible more than one cell with too many genes expressed (>10,000) and too many UMIs (>10,000); possible dead cell or a sign of cellular stress and apoptosis with too high proportion of mitochondrial gene expression over the total transcript counts (>10%). Doublets were filtered out using Scrublet (https://github.com/AllonKleinLab/scrublet). Scrublet was run on each sample separately with the following parameter settings: expected_doublet_rate=0.06, min_counts=2, min_cells=3, min_gene_variability_pctl=85, n_prin_comps=30. The doublet score threshold was adjusted manually. We constructed a Seurat object using the unfiltered feature-barcode matrix for each sample. Each sample was scaled and normalized using Seurat<U+2019>s <U+2018>SCTransform<U+2019> function to correct for batch effects (with parameters: vars.to.regress = c("nCount_RNA", "percent.mito"), variable.features n = 2000). Any merged analysis or subsequent subsetting of cells/samples underwent the same scaling and normalization method. Cells were clustered using the original Louvain algorithm and top 30 PCA dimensions via <U+2018>FindNeighbors<U+2019> and <U+2018>FindClusters<U+2019> (with parameters: resolution = 0.5) functions. The resulting merged and normalized matrix was used for the subsequent analysis. Each sample was scaled and normalized using Seurat<U+2019>s <U+2018>SCTransform<U+2019> function to correct for batch effects (with parameters: vars.to.regress = c("nCount_RNA", "percent.mito"), variable.features.n = 3000). We then merged all samples and repeated the same scaling and normalization method. All cells in the merged Seurat object were then clustered using the original Louvain algorithm (Blondel et al., 2008) and top 30 PCA dimensions via <U+2018>FindNeighbors<U+2019> and <U+2018>FindClusters<U+2019> (with parameters: resolution = 0.5) functions. The resulting merged and normalized matrix was used for the subsequent analysis.	Other	https://www.biorxiv.org/content/10.1101/2023.10.31.565031v1	Release 5.0	Details	
scsnRNA-Seq_level_4_BRCA23/TWCE-HT110B1-XB2.rds	HTAN WUSTL		HTA12_243_7	scRNA-seq	Level 4	Upper-outer quadrant of breast		Lobular carcinoma NOS	Synapse	syn53214867	HTA12	RData	HTA12_243_4002	HTA12_243_3006;HTA12_243_3007;HTA12_243_3008		CellRanger	For each sample, we obtained the unfiltered feature-barcode matrix per sample by passing the demultiplexed FASTQs to Cell Ranger v6.0.2 <U+2018>count<U+2019> command using default parameters and the prebuilt GRCh38 genome reference (refdata-gex-GRCh38-2020-A; GRCh38 and Ensembl 93). Seurat v4.1.0  was used for all subsequent analysis. First, a series of quality filters were applied to the data to remove those barcodes which fell into any one of these categories recommended by Seurat: too few total transcript counts (<300); possible debris with too few genes expressed (<200) and too few UMIs (<1,000); possible more than one cell with too many genes expressed (>10,000) and too many UMIs (>10,000); possible dead cell or a sign of cellular stress and apoptosis with too high proportion of mitochondrial gene expression over the total transcript counts (>10%). Doublets were filtered out using Scrublet (https://github.com/AllonKleinLab/scrublet). Scrublet was run on each sample separately with the following parameter settings: expected_doublet_rate=0.06, min_counts=2, min_cells=3, min_gene_variability_pctl=85, n_prin_comps=30. The doublet score threshold was adjusted manually. We constructed a Seurat object using the unfiltered feature-barcode matrix for each sample. Each sample was scaled and normalized using Seurat<U+2019>s <U+2018>SCTransform<U+2019> function to correct for batch effects (with parameters: vars.to.regress = c("nCount_RNA", "percent.mito"), variable.features n = 2000). Any merged analysis or subsequent subsetting of cells/samples underwent the same scaling and normalization method. Cells were clustered using the original Louvain algorithm and top 30 PCA dimensions via <U+2018>FindNeighbors<U+2019> and <U+2018>FindClusters<U+2019> (with parameters: resolution = 0.5) functions. The resulting merged and normalized matrix was used for the subsequent analysis. Each sample was scaled and normalized using Seurat<U+2019>s <U+2018>SCTransform<U+2019> function to correct for batch effects (with parameters: vars.to.regress = c("nCount_RNA", "percent.mito"), variable.features.n = 3000). We then merged all samples and repeated the same scaling and normalization method. All cells in the merged Seurat object were then clustered using the original Louvain algorithm (Blondel et al., 2008) and top 30 PCA dimensions via <U+2018>FindNeighbors<U+2019> and <U+2018>FindClusters<U+2019> (with parameters: resolution = 0.5) functions. The resulting merged and normalized matrix was used for the subsequent analysis.	Other	https://www.biorxiv.org/content/10.1101/2023.10.31.565031v1	Release 5.0	Details	
scsnRNA-Seq_level_4_BRCA23/HT217B1-XBn1-1.rds	HTAN WUSTL		HTA12_131_1	scRNA-seq	Level 4	Breast NOS		Mucous adenocarcinoma	Synapse	syn53214869	HTA12	RData	HTA12_131_4000	HTA12_131_3000;HTA12_131_3001;HTA12_131_3002		CellRanger	For each sample, we obtained the unfiltered feature-barcode matrix per sample by passing the demultiplexed FASTQs to Cell Ranger v6.0.2 <U+2018>count<U+2019> command using default parameters and the prebuilt GRCh38 genome reference (refdata-gex-GRCh38-2020-A; GRCh38 and Ensembl 93). Seurat v4.1.0  was used for all subsequent analysis. First, a series of quality filters were applied to the data to remove those barcodes which fell into any one of these categories recommended by Seurat: too few total transcript counts (<300); possible debris with too few genes expressed (<200) and too few UMIs (<1,000); possible more than one cell with too many genes expressed (>10,000) and too many UMIs (>10,000); possible dead cell or a sign of cellular stress and apoptosis with too high proportion of mitochondrial gene expression over the total transcript counts (>10%). Doublets were filtered out using Scrublet (https://github.com/AllonKleinLab/scrublet). Scrublet was run on each sample separately with the following parameter settings: expected_doublet_rate=0.06, min_counts=2, min_cells=3, min_gene_variability_pctl=85, n_prin_comps=30. The doublet score threshold was adjusted manually. We constructed a Seurat object using the unfiltered feature-barcode matrix for each sample. Each sample was scaled and normalized using Seurat<U+2019>s <U+2018>SCTransform<U+2019> function to correct for batch effects (with parameters: vars.to.regress = c("nCount_RNA", "percent.mito"), variable.features n = 2000). Any merged analysis or subsequent subsetting of cells/samples underwent the same scaling and normalization method. Cells were clustered using the original Louvain algorithm and top 30 PCA dimensions via <U+2018>FindNeighbors<U+2019> and <U+2018>FindClusters<U+2019> (with parameters: resolution = 0.5) functions. The resulting merged and normalized matrix was used for the subsequent analysis. Each sample was scaled and normalized using Seurat<U+2019>s <U+2018>SCTransform<U+2019> function to correct for batch effects (with parameters: vars.to.regress = c("nCount_RNA", "percent.mito"), variable.features.n = 3000). We then merged all samples and repeated the same scaling and normalization method. All cells in the merged Seurat object were then clustered using the original Louvain algorithm (Blondel et al., 2008) and top 30 PCA dimensions via <U+2018>FindNeighbors<U+2019> and <U+2018>FindClusters<U+2019> (with parameters: resolution = 0.5) functions. The resulting merged and normalized matrix was used for the subsequent analysis.	Other	https://www.biorxiv.org/content/10.1101/2023.10.31.565031v1	Release 5.0	Details	
scsnRNA-Seq_level_4_BRCA23/TWCE-HT154B1-Bc3.rds	HTAN WUSTL		HTA12_244_4	scRNA-seq	Level 4	Breast NOS		Infiltrating duct carcinoma NOS	Synapse	syn53214871	HTA12	RData	HTA12_244_4002	HTA12_244_3006;HTA12_244_3007;HTA12_244_3008		CellRanger	For each sample, we obtained the unfiltered feature-barcode matrix per sample by passing the demultiplexed FASTQs to Cell Ranger v6.0.2 <U+2018>count<U+2019> command using default parameters and the prebuilt GRCh38 genome reference (refdata-gex-GRCh38-2020-A; GRCh38 and Ensembl 93). Seurat v4.1.0  was used for all subsequent analysis. First, a series of quality filters were applied to the data to remove those barcodes which fell into any one of these categories recommended by Seurat: too few total transcript counts (<300); possible debris with too few genes expressed (<200) and too few UMIs (<1,000); possible more than one cell with too many genes expressed (>10,000) and too many UMIs (>10,000); possible dead cell or a sign of cellular stress and apoptosis with too high proportion of mitochondrial gene expression over the total transcript counts (>10%). Doublets were filtered out using Scrublet (https://github.com/AllonKleinLab/scrublet). Scrublet was run on each sample separately with the following parameter settings: expected_doublet_rate=0.06, min_counts=2, min_cells=3, min_gene_variability_pctl=85, n_prin_comps=30. The doublet score threshold was adjusted manually. We constructed a Seurat object using the unfiltered feature-barcode matrix for each sample. Each sample was scaled and normalized using Seurat<U+2019>s <U+2018>SCTransform<U+2019> function to correct for batch effects (with parameters: vars.to.regress = c("nCount_RNA", "percent.mito"), variable.features n = 2000). Any merged analysis or subsequent subsetting of cells/samples underwent the same scaling and normalization method. Cells were clustered using the original Louvain algorithm and top 30 PCA dimensions via <U+2018>FindNeighbors<U+2019> and <U+2018>FindClusters<U+2019> (with parameters: resolution = 0.5) functions. The resulting merged and normalized matrix was used for the subsequent analysis. Each sample was scaled and normalized using Seurat<U+2019>s <U+2018>SCTransform<U+2019> function to correct for batch effects (with parameters: vars.to.regress = c("nCount_RNA", "percent.mito"), variable.features.n = 3000). We then merged all samples and repeated the same scaling and normalization method. All cells in the merged Seurat object were then clustered using the original Louvain algorithm (Blondel et al., 2008) and top 30 PCA dimensions via <U+2018>FindNeighbors<U+2019> and <U+2018>FindClusters<U+2019> (with parameters: resolution = 0.5) functions. The resulting merged and normalized matrix was used for the subsequent analysis.	Other	https://www.biorxiv.org/content/10.1101/2023.10.31.565031v1	Release 5.0	Details	
scsnRNA-Seq_level_4_BRCA23/TWCE-HT062B1-S1PBA1A1Z1B1.rds	HTAN WUSTL		HTA12_235_2	scRNA-seq	Level 4	Breast NOS	Chemotherapy	Infiltrating duct carcinoma NOS	Synapse	syn53214874	HTA12	RData	HTA12_235_4001	HTA12_235_3003;HTA12_235_3004;HTA12_235_3005		CellRanger	For each sample, we obtained the unfiltered feature-barcode matrix per sample by passing the demultiplexed FASTQs to Cell Ranger v6.0.2 <U+2018>count<U+2019> command using default parameters and the prebuilt GRCh38 genome reference (refdata-gex-GRCh38-2020-A; GRCh38 and Ensembl 93). Seurat v4.1.0  was used for all subsequent analysis. First, a series of quality filters were applied to the data to remove those barcodes which fell into any one of these categories recommended by Seurat: too few total transcript counts (<300); possible debris with too few genes expressed (<200) and too few UMIs (<1,000); possible more than one cell with too many genes expressed (>10,000) and too many UMIs (>10,000); possible dead cell or a sign of cellular stress and apoptosis with too high proportion of mitochondrial gene expression over the total transcript counts (>10%). Doublets were filtered out using Scrublet (https://github.com/AllonKleinLab/scrublet). Scrublet was run on each sample separately with the following parameter settings: expected_doublet_rate=0.06, min_counts=2, min_cells=3, min_gene_variability_pctl=85, n_prin_comps=30. The doublet score threshold was adjusted manually. We constructed a Seurat object using the unfiltered feature-barcode matrix for each sample. Each sample was scaled and normalized using Seurat<U+2019>s <U+2018>SCTransform<U+2019> function to correct for batch effects (with parameters: vars.to.regress = c("nCount_RNA", "percent.mito"), variable.features n = 2000). Any merged analysis or subsequent subsetting of cells/samples underwent the same scaling and normalization method. Cells were clustered using the original Louvain algorithm and top 30 PCA dimensions via <U+2018>FindNeighbors<U+2019> and <U+2018>FindClusters<U+2019> (with parameters: resolution = 0.5) functions. The resulting merged and normalized matrix was used for the subsequent analysis. Each sample was scaled and normalized using Seurat<U+2019>s <U+2018>SCTransform<U+2019> function to correct for batch effects (with parameters: vars.to.regress = c("nCount_RNA", "percent.mito"), variable.features.n = 3000). We then merged all samples and repeated the same scaling and normalization method. All cells in the merged Seurat object were then clustered using the original Louvain algorithm (Blondel et al., 2008) and top 30 PCA dimensions via <U+2018>FindNeighbors<U+2019> and <U+2018>FindClusters<U+2019> (with parameters: resolution = 0.5) functions. The resulting merged and normalized matrix was used for the subsequent analysis.	Other	https://www.biorxiv.org/content/10.1101/2023.10.31.565031v1	Release 5.0	Details	
snscRNA-Seq_level_4_atac_tumor/HT088B1-S1H1.rds	HTAN WUSTL		HTA12_120_1	scRNA-seq	Level 4	Breast NOS		Lobular carcinoma NOS	Synapse	syn53214877	HTA12	RData	HTA12_120_4005	HTA12_120_3000,HTA12_120_3002,HTA12_120_3001		Other	The filtered gene-count matrix was scaled and normalized for sequencing depth using Seurat<U+2019>s <U+2018>SCTransform<U+2019> function (with the parameters: vars.to.regress = c(<U+201C>nCount_RNA<U+201D>, <U+201C>percent.mito<U+201D>), return.only.var.genes = F, and all others set to default). From this, the principal components were calculated using the Seurat RunPCA function.	Other	https://doi.org/10.1038/s41586-023-06682-5	Release 5.0	Details	
scsnRNA-Seq_level_4_BRCA23/TWCE-HT088B1-Bc4.rds	HTAN WUSTL		HTA12_120_3	scRNA-seq	Level 4	Breast NOS		Lobular carcinoma NOS	Synapse	syn53214884	HTA12	RData	HTA12_120_4001	HTA12_120_3006;HTA12_120_3007;HTA12_120_3008		CellRanger	For each sample, we obtained the unfiltered feature-barcode matrix per sample by passing the demultiplexed FASTQs to Cell Ranger v6.0.2 <U+2018>count<U+2019> command using default parameters and the prebuilt GRCh38 genome reference (refdata-gex-GRCh38-2020-A; GRCh38 and Ensembl 93). Seurat v4.1.0  was used for all subsequent analysis. First, a series of quality filters were applied to the data to remove those barcodes which fell into any one of these categories recommended by Seurat: too few total transcript counts (<300); possible debris with too few genes expressed (<200) and too few UMIs (<1,000); possible more than one cell with too many genes expressed (>10,000) and too many UMIs (>10,000); possible dead cell or a sign of cellular stress and apoptosis with too high proportion of mitochondrial gene expression over the total transcript counts (>10%). Doublets were filtered out using Scrublet (https://github.com/AllonKleinLab/scrublet). Scrublet was run on each sample separately with the following parameter settings: expected_doublet_rate=0.06, min_counts=2, min_cells=3, min_gene_variability_pctl=85, n_prin_comps=30. The doublet score threshold was adjusted manually. We constructed a Seurat object using the unfiltered feature-barcode matrix for each sample. Each sample was scaled and normalized using Seurat<U+2019>s <U+2018>SCTransform<U+2019> function to correct for batch effects (with parameters: vars.to.regress = c("nCount_RNA", "percent.mito"), variable.features n = 2000). Any merged analysis or subsequent subsetting of cells/samples underwent the same scaling and normalization method. Cells were clustered using the original Louvain algorithm and top 30 PCA dimensions via <U+2018>FindNeighbors<U+2019> and <U+2018>FindClusters<U+2019> (with parameters: resolution = 0.5) functions. The resulting merged and normalized matrix was used for the subsequent analysis. Each sample was scaled and normalized using Seurat<U+2019>s <U+2018>SCTransform<U+2019> function to correct for batch effects (with parameters: vars.to.regress = c("nCount_RNA", "percent.mito"), variable.features.n = 3000). We then merged all samples and repeated the same scaling and normalization method. All cells in the merged Seurat object were then clustered using the original Louvain algorithm (Blondel et al., 2008) and top 30 PCA dimensions via <U+2018>FindNeighbors<U+2019> and <U+2018>FindClusters<U+2019> (with parameters: resolution = 0.5) functions. The resulting merged and normalized matrix was used for the subsequent analysis.	Other	https://www.biorxiv.org/content/10.1101/2023.10.31.565031v1	Release 5.0	Details	
scsnRNA-Seq_level_4_BRCA23/TWCE-HT110B1-XB3.rds	HTAN WUSTL		HTA12_243_3	scRNA-seq	Level 4	Upper-outer quadrant of breast		Lobular carcinoma NOS	Synapse	syn53214885	HTA12	RData	HTA12_243_4000	HTA12_243_3000;HTA12_243_3001;HTA12_243_3002		CellRanger	For each sample, we obtained the unfiltered feature-barcode matrix per sample by passing the demultiplexed FASTQs to Cell Ranger v6.0.2 <U+2018>count<U+2019> command using default parameters and the prebuilt GRCh38 genome reference (refdata-gex-GRCh38-2020-A; GRCh38 and Ensembl 93). Seurat v4.1.0  was used for all subsequent analysis. First, a series of quality filters were applied to the data to remove those barcodes which fell into any one of these categories recommended by Seurat: too few total transcript counts (<300); possible debris with too few genes expressed (<200) and too few UMIs (<1,000); possible more than one cell with too many genes expressed (>10,000) and too many UMIs (>10,000); possible dead cell or a sign of cellular stress and apoptosis with too high proportion of mitochondrial gene expression over the total transcript counts (>10%). Doublets were filtered out using Scrublet (https://github.com/AllonKleinLab/scrublet). Scrublet was run on each sample separately with the following parameter settings: expected_doublet_rate=0.06, min_counts=2, min_cells=3, min_gene_variability_pctl=85, n_prin_comps=30. The doublet score threshold was adjusted manually. We constructed a Seurat object using the unfiltered feature-barcode matrix for each sample. Each sample was scaled and normalized using Seurat<U+2019>s <U+2018>SCTransform<U+2019> function to correct for batch effects (with parameters: vars.to.regress = c("nCount_RNA", "percent.mito"), variable.features n = 2000). Any merged analysis or subsequent subsetting of cells/samples underwent the same scaling and normalization method. Cells were clustered using the original Louvain algorithm and top 30 PCA dimensions via <U+2018>FindNeighbors<U+2019> and <U+2018>FindClusters<U+2019> (with parameters: resolution = 0.5) functions. The resulting merged and normalized matrix was used for the subsequent analysis. Each sample was scaled and normalized using Seurat<U+2019>s <U+2018>SCTransform<U+2019> function to correct for batch effects (with parameters: vars.to.regress = c("nCount_RNA", "percent.mito"), variable.features.n = 3000). We then merged all samples and repeated the same scaling and normalization method. All cells in the merged Seurat object were then clustered using the original Louvain algorithm (Blondel et al., 2008) and top 30 PCA dimensions via <U+2018>FindNeighbors<U+2019> and <U+2018>FindClusters<U+2019> (with parameters: resolution = 0.5) functions. The resulting merged and normalized matrix was used for the subsequent analysis.	Other	https://www.biorxiv.org/content/10.1101/2023.10.31.565031v1	Release 5.0	Details	
scsnRNA-Seq_level_4_BRCA23/TWCE-HT065B1-S1H1A2A1Z1B1.rds	HTAN WUSTL		HTA12_236_2	scRNA-seq	Level 4	Upper-outer quadrant of breast		Infiltrating duct carcinoma NOS	Synapse	syn53214886	HTA12	RData	HTA12_236_4000	HTA12_236_3000;HTA12_236_3001;HTA12_236_3002		CellRanger	For each sample, we obtained the unfiltered feature-barcode matrix per sample by passing the demultiplexed FASTQs to Cell Ranger v6.0.2 <U+2018>count<U+2019> command using default parameters and the prebuilt GRCh38 genome reference (refdata-gex-GRCh38-2020-A; GRCh38 and Ensembl 93). Seurat v4.1.0  was used for all subsequent analysis. First, a series of quality filters were applied to the data to remove those barcodes which fell into any one of these categories recommended by Seurat: too few total transcript counts (<300); possible debris with too few genes expressed (<200) and too few UMIs (<1,000); possible more than one cell with too many genes expressed (>10,000) and too many UMIs (>10,000); possible dead cell or a sign of cellular stress and apoptosis with too high proportion of mitochondrial gene expression over the total transcript counts (>10%). Doublets were filtered out using Scrublet (https://github.com/AllonKleinLab/scrublet). Scrublet was run on each sample separately with the following parameter settings: expected_doublet_rate=0.06, min_counts=2, min_cells=3, min_gene_variability_pctl=85, n_prin_comps=30. The doublet score threshold was adjusted manually. We constructed a Seurat object using the unfiltered feature-barcode matrix for each sample. Each sample was scaled and normalized using Seurat<U+2019>s <U+2018>SCTransform<U+2019> function to correct for batch effects (with parameters: vars.to.regress = c("nCount_RNA", "percent.mito"), variable.features n = 2000). Any merged analysis or subsequent subsetting of cells/samples underwent the same scaling and normalization method. Cells were clustered using the original Louvain algorithm and top 30 PCA dimensions via <U+2018>FindNeighbors<U+2019> and <U+2018>FindClusters<U+2019> (with parameters: resolution = 0.5) functions. The resulting merged and normalized matrix was used for the subsequent analysis. Each sample was scaled and normalized using Seurat<U+2019>s <U+2018>SCTransform<U+2019> function to correct for batch effects (with parameters: vars.to.regress = c("nCount_RNA", "percent.mito"), variable.features.n = 3000). We then merged all samples and repeated the same scaling and normalization method. All cells in the merged Seurat object were then clustered using the original Louvain algorithm (Blondel et al., 2008) and top 30 PCA dimensions via <U+2018>FindNeighbors<U+2019> and <U+2018>FindClusters<U+2019> (with parameters: resolution = 0.5) functions. The resulting merged and normalized matrix was used for the subsequent analysis.	Other	https://www.biorxiv.org/content/10.1101/2023.10.31.565031v1	Release 5.0	Details	
scsnRNA-Seq_level_4_BRCA23/HT235B1.rds	HTAN WUSTL		HTA12_134_1	scRNA-seq	Level 4	Breast NOS	Chemotherapy	Ductal carcinoma NOS	Synapse	syn53214887	HTA12	RData	HTA12_134_4000	HTA12_134_3021;HTA12_134_3022;HTA12_134_3023		CellRanger	For each sample, we obtained the unfiltered feature-barcode matrix per sample by passing the demultiplexed FASTQs to Cell Ranger v6.0.2 <U+2018>count<U+2019> command using default parameters and the prebuilt GRCh38 genome reference (refdata-gex-GRCh38-2020-A; GRCh38 and Ensembl 93). Seurat v4.1.0  was used for all subsequent analysis. First, a series of quality filters were applied to the data to remove those barcodes which fell into any one of these categories recommended by Seurat: too few total transcript counts (<300); possible debris with too few genes expressed (<200) and too few UMIs (<1,000); possible more than one cell with too many genes expressed (>10,000) and too many UMIs (>10,000); possible dead cell or a sign of cellular stress and apoptosis with too high proportion of mitochondrial gene expression over the total transcript counts (>10%). Doublets were filtered out using Scrublet (https://github.com/AllonKleinLab/scrublet). Scrublet was run on each sample separately with the following parameter settings: expected_doublet_rate=0.06, min_counts=2, min_cells=3, min_gene_variability_pctl=85, n_prin_comps=30. The doublet score threshold was adjusted manually. We constructed a Seurat object using the unfiltered feature-barcode matrix for each sample. Each sample was scaled and normalized using Seurat<U+2019>s <U+2018>SCTransform<U+2019> function to correct for batch effects (with parameters: vars.to.regress = c("nCount_RNA", "percent.mito"), variable.features n = 2000). Any merged analysis or subsequent subsetting of cells/samples underwent the same scaling and normalization method. Cells were clustered using the original Louvain algorithm and top 30 PCA dimensions via <U+2018>FindNeighbors<U+2019> and <U+2018>FindClusters<U+2019> (with parameters: resolution = 0.5) functions. The resulting merged and normalized matrix was used for the subsequent analysis. Each sample was scaled and normalized using Seurat<U+2019>s <U+2018>SCTransform<U+2019> function to correct for batch effects (with parameters: vars.to.regress = c("nCount_RNA", "percent.mito"), variable.features.n = 3000). We then merged all samples and repeated the same scaling and normalization method. All cells in the merged Seurat object were then clustered using the original Louvain algorithm (Blondel et al., 2008) and top 30 PCA dimensions via <U+2018>FindNeighbors<U+2019> and <U+2018>FindClusters<U+2019> (with parameters: resolution = 0.5) functions. The resulting merged and normalized matrix was used for the subsequent analysis.	Other	https://www.biorxiv.org/content/10.1101/2023.10.31.565031v1	Release 5.0	Details	
scsnRNA-Seq_level_4_BRCA23/HT110B1.rds	HTAN WUSTL		HTA12_243_3	scRNA-seq	Level 4	Upper-outer quadrant of breast		Lobular carcinoma NOS	Synapse	syn53214891	HTA12	RData	HTA12_243_4003	HTA12_243_3013;HTA12_243_3014;HTA12_243_3015		CellRanger	For each sample, we obtained the unfiltered feature-barcode matrix per sample by passing the demultiplexed FASTQs to Cell Ranger v6.0.2 <U+2018>count<U+2019> command using default parameters and the prebuilt GRCh38 genome reference (refdata-gex-GRCh38-2020-A; GRCh38 and Ensembl 93). Seurat v4.1.0  was used for all subsequent analysis. First, a series of quality filters were applied to the data to remove those barcodes which fell into any one of these categories recommended by Seurat: too few total transcript counts (<300); possible debris with too few genes expressed (<200) and too few UMIs (<1,000); possible more than one cell with too many genes expressed (>10,000) and too many UMIs (>10,000); possible dead cell or a sign of cellular stress and apoptosis with too high proportion of mitochondrial gene expression over the total transcript counts (>10%). Doublets were filtered out using Scrublet (https://github.com/AllonKleinLab/scrublet). Scrublet was run on each sample separately with the following parameter settings: expected_doublet_rate=0.06, min_counts=2, min_cells=3, min_gene_variability_pctl=85, n_prin_comps=30. The doublet score threshold was adjusted manually. We constructed a Seurat object using the unfiltered feature-barcode matrix for each sample. Each sample was scaled and normalized using Seurat<U+2019>s <U+2018>SCTransform<U+2019> function to correct for batch effects (with parameters: vars.to.regress = c("nCount_RNA", "percent.mito"), variable.features n = 2000). Any merged analysis or subsequent subsetting of cells/samples underwent the same scaling and normalization method. Cells were clustered using the original Louvain algorithm and top 30 PCA dimensions via <U+2018>FindNeighbors<U+2019> and <U+2018>FindClusters<U+2019> (with parameters: resolution = 0.5) functions. The resulting merged and normalized matrix was used for the subsequent analysis. Each sample was scaled and normalized using Seurat<U+2019>s <U+2018>SCTransform<U+2019> function to correct for batch effects (with parameters: vars.to.regress = c("nCount_RNA", "percent.mito"), variable.features.n = 3000). We then merged all samples and repeated the same scaling and normalization method. All cells in the merged Seurat object were then clustered using the original Louvain algorithm (Blondel et al., 2008) and top 30 PCA dimensions via <U+2018>FindNeighbors<U+2019> and <U+2018>FindClusters<U+2019> (with parameters: resolution = 0.5) functions. The resulting merged and normalized matrix was used for the subsequent analysis.	Other	https://www.biorxiv.org/content/10.1101/2023.10.31.565031v1	Release 5.0	Details	
scsnRNA-Seq_level_4_BRCA23/HT141B1-XBn1-HT141B1-XBn1_1.rds	HTAN WUSTL		HTA12_126_1	scRNA-seq	Level 4	Breast NOS	Chemotherapy	Ductal carcinoma NOS	Synapse	syn53214892	HTA12	RData	HTA12_126_4000	HTA12_126_3000;HTA12_126_3001;HTA12_126_3002		CellRanger	For each sample, we obtained the unfiltered feature-barcode matrix per sample by passing the demultiplexed FASTQs to Cell Ranger v6.0.2 <U+2018>count<U+2019> command using default parameters and the prebuilt GRCh38 genome reference (refdata-gex-GRCh38-2020-A; GRCh38 and Ensembl 93). Seurat v4.1.0  was used for all subsequent analysis. First, a series of quality filters were applied to the data to remove those barcodes which fell into any one of these categories recommended by Seurat: too few total transcript counts (<300); possible debris with too few genes expressed (<200) and too few UMIs (<1,000); possible more than one cell with too many genes expressed (>10,000) and too many UMIs (>10,000); possible dead cell or a sign of cellular stress and apoptosis with too high proportion of mitochondrial gene expression over the total transcript counts (>10%). Doublets were filtered out using Scrublet (https://github.com/AllonKleinLab/scrublet). Scrublet was run on each sample separately with the following parameter settings: expected_doublet_rate=0.06, min_counts=2, min_cells=3, min_gene_variability_pctl=85, n_prin_comps=30. The doublet score threshold was adjusted manually. We constructed a Seurat object using the unfiltered feature-barcode matrix for each sample. Each sample was scaled and normalized using Seurat<U+2019>s <U+2018>SCTransform<U+2019> function to correct for batch effects (with parameters: vars.to.regress = c("nCount_RNA", "percent.mito"), variable.features n = 2000). Any merged analysis or subsequent subsetting of cells/samples underwent the same scaling and normalization method. Cells were clustered using the original Louvain algorithm and top 30 PCA dimensions via <U+2018>FindNeighbors<U+2019> and <U+2018>FindClusters<U+2019> (with parameters: resolution = 0.5) functions. The resulting merged and normalized matrix was used for the subsequent analysis. Each sample was scaled and normalized using Seurat<U+2019>s <U+2018>SCTransform<U+2019> function to correct for batch effects (with parameters: vars.to.regress = c("nCount_RNA", "percent.mito"), variable.features.n = 3000). We then merged all samples and repeated the same scaling and normalization method. All cells in the merged Seurat object were then clustered using the original Louvain algorithm (Blondel et al., 2008) and top 30 PCA dimensions via <U+2018>FindNeighbors<U+2019> and <U+2018>FindClusters<U+2019> (with parameters: resolution = 0.5) functions. The resulting merged and normalized matrix was used for the subsequent analysis.	Other	https://www.biorxiv.org/content/10.1101/2023.10.31.565031v1	Release 5.0	Details	
snscRNA-Seq_level_4_atac_tumor/HT137B1-S1H7.rds	HTAN WUSTL		HTA12_124_1	scRNA-seq	Level 4	Breast NOS		Lobular carcinoma NOS	Synapse	syn53214894	HTA12	RData	HTA12_124_4005	HTA12_124_3000,HTA12_124_3002,HTA12_124_3001		Other	The filtered gene-count matrix was scaled and normalized for sequencing depth using Seurat<U+2019>s <U+2018>SCTransform<U+2019> function (with the parameters: vars.to.regress = c(<U+201C>nCount_RNA<U+201D>, <U+201C>percent.mito<U+201D>), return.only.var.genes = F, and all others set to default). From this, the principal components were calculated using the Seurat RunPCA function.	Other	https://doi.org/10.1038/s41586-023-06682-5	Release 5.0	Details	
scsnRNA-Seq_level_4_BRCA23/TWCE-HT068B1-S1H1A2A1Z1B1.rds	HTAN WUSTL		HTA12_238_2	scRNA-seq	Level 4	Upper-inner quadrant of breast		Infiltrating duct carcinoma NOS	Synapse	syn53214895	HTA12	RData	HTA12_238_4000	HTA12_238_3000;HTA12_238_3001;HTA12_238_3002		CellRanger	For each sample, we obtained the unfiltered feature-barcode matrix per sample by passing the demultiplexed FASTQs to Cell Ranger v6.0.2 <U+2018>count<U+2019> command using default parameters and the prebuilt GRCh38 genome reference (refdata-gex-GRCh38-2020-A; GRCh38 and Ensembl 93). Seurat v4.1.0  was used for all subsequent analysis. First, a series of quality filters were applied to the data to remove those barcodes which fell into any one of these categories recommended by Seurat: too few total transcript counts (<300); possible debris with too few genes expressed (<200) and too few UMIs (<1,000); possible more than one cell with too many genes expressed (>10,000) and too many UMIs (>10,000); possible dead cell or a sign of cellular stress and apoptosis with too high proportion of mitochondrial gene expression over the total transcript counts (>10%). Doublets were filtered out using Scrublet (https://github.com/AllonKleinLab/scrublet). Scrublet was run on each sample separately with the following parameter settings: expected_doublet_rate=0.06, min_counts=2, min_cells=3, min_gene_variability_pctl=85, n_prin_comps=30. The doublet score threshold was adjusted manually. We constructed a Seurat object using the unfiltered feature-barcode matrix for each sample. Each sample was scaled and normalized using Seurat<U+2019>s <U+2018>SCTransform<U+2019> function to correct for batch effects (with parameters: vars.to.regress = c("nCount_RNA", "percent.mito"), variable.features n = 2000). Any merged analysis or subsequent subsetting of cells/samples underwent the same scaling and normalization method. Cells were clustered using the original Louvain algorithm and top 30 PCA dimensions via <U+2018>FindNeighbors<U+2019> and <U+2018>FindClusters<U+2019> (with parameters: resolution = 0.5) functions. The resulting merged and normalized matrix was used for the subsequent analysis. Each sample was scaled and normalized using Seurat<U+2019>s <U+2018>SCTransform<U+2019> function to correct for batch effects (with parameters: vars.to.regress = c("nCount_RNA", "percent.mito"), variable.features.n = 3000). We then merged all samples and repeated the same scaling and normalization method. All cells in the merged Seurat object were then clustered using the original Louvain algorithm (Blondel et al., 2008) and top 30 PCA dimensions via <U+2018>FindNeighbors<U+2019> and <U+2018>FindClusters<U+2019> (with parameters: resolution = 0.5) functions. The resulting merged and normalized matrix was used for the subsequent analysis.	Other	https://www.biorxiv.org/content/10.1101/2023.10.31.565031v1	Release 5.0	Details	
scsnRNA-Seq_level_4_BRCA23/TWCE-HT262B1-XBN2_1.rds	HTAN WUSTL		HTA12_246_4	scRNA-seq	Level 4	Upper-outer quadrant of breast		Lobular and ductal carcinoma	Synapse	syn53214898	HTA12	RData	HTA12_246_4000	HTA12_246_3000;HTA12_246_3001;HTA12_246_3002		CellRanger	For each sample, we obtained the unfiltered feature-barcode matrix per sample by passing the demultiplexed FASTQs to Cell Ranger v6.0.2 <U+2018>count<U+2019> command using default parameters and the prebuilt GRCh38 genome reference (refdata-gex-GRCh38-2020-A; GRCh38 and Ensembl 93). Seurat v4.1.0  was used for all subsequent analysis. First, a series of quality filters were applied to the data to remove those barcodes which fell into any one of these categories recommended by Seurat: too few total transcript counts (<300); possible debris with too few genes expressed (<200) and too few UMIs (<1,000); possible more than one cell with too many genes expressed (>10,000) and too many UMIs (>10,000); possible dead cell or a sign of cellular stress and apoptosis with too high proportion of mitochondrial gene expression over the total transcript counts (>10%). Doublets were filtered out using Scrublet (https://github.com/AllonKleinLab/scrublet). Scrublet was run on each sample separately with the following parameter settings: expected_doublet_rate=0.06, min_counts=2, min_cells=3, min_gene_variability_pctl=85, n_prin_comps=30. The doublet score threshold was adjusted manually. We constructed a Seurat object using the unfiltered feature-barcode matrix for each sample. Each sample was scaled and normalized using Seurat<U+2019>s <U+2018>SCTransform<U+2019> function to correct for batch effects (with parameters: vars.to.regress = c("nCount_RNA", "percent.mito"), variable.features n = 2000). Any merged analysis or subsequent subsetting of cells/samples underwent the same scaling and normalization method. Cells were clustered using the original Louvain algorithm and top 30 PCA dimensions via <U+2018>FindNeighbors<U+2019> and <U+2018>FindClusters<U+2019> (with parameters: resolution = 0.5) functions. The resulting merged and normalized matrix was used for the subsequent analysis. Each sample was scaled and normalized using Seurat<U+2019>s <U+2018>SCTransform<U+2019> function to correct for batch effects (with parameters: vars.to.regress = c("nCount_RNA", "percent.mito"), variable.features.n = 3000). We then merged all samples and repeated the same scaling and normalization method. All cells in the merged Seurat object were then clustered using the original Louvain algorithm (Blondel et al., 2008) and top 30 PCA dimensions via <U+2018>FindNeighbors<U+2019> and <U+2018>FindClusters<U+2019> (with parameters: resolution = 0.5) functions. The resulting merged and normalized matrix was used for the subsequent analysis.	Other	https://www.biorxiv.org/content/10.1101/2023.10.31.565031v1	Release 5.0	Details	
scsnRNA-Seq_level_4_BRCA23/TWCE-HT077B1-XB2.rds	HTAN WUSTL		HTA12_239_3	scRNA-seq	Level 4	Upper-outer quadrant of breast		Infiltrating duct carcinoma NOS	Synapse	syn53214901	HTA12	RData	HTA12_239_4001	HTA12_239_3003;HTA12_239_3004;HTA12_239_3005		CellRanger	For each sample, we obtained the unfiltered feature-barcode matrix per sample by passing the demultiplexed FASTQs to Cell Ranger v6.0.2 <U+2018>count<U+2019> command using default parameters and the prebuilt GRCh38 genome reference (refdata-gex-GRCh38-2020-A; GRCh38 and Ensembl 93). Seurat v4.1.0  was used for all subsequent analysis. First, a series of quality filters were applied to the data to remove those barcodes which fell into any one of these categories recommended by Seurat: too few total transcript counts (<300); possible debris with too few genes expressed (<200) and too few UMIs (<1,000); possible more than one cell with too many genes expressed (>10,000) and too many UMIs (>10,000); possible dead cell or a sign of cellular stress and apoptosis with too high proportion of mitochondrial gene expression over the total transcript counts (>10%). Doublets were filtered out using Scrublet (https://github.com/AllonKleinLab/scrublet). Scrublet was run on each sample separately with the following parameter settings: expected_doublet_rate=0.06, min_counts=2, min_cells=3, min_gene_variability_pctl=85, n_prin_comps=30. The doublet score threshold was adjusted manually. We constructed a Seurat object using the unfiltered feature-barcode matrix for each sample. Each sample was scaled and normalized using Seurat<U+2019>s <U+2018>SCTransform<U+2019> function to correct for batch effects (with parameters: vars.to.regress = c("nCount_RNA", "percent.mito"), variable.features n = 2000). Any merged analysis or subsequent subsetting of cells/samples underwent the same scaling and normalization method. Cells were clustered using the original Louvain algorithm and top 30 PCA dimensions via <U+2018>FindNeighbors<U+2019> and <U+2018>FindClusters<U+2019> (with parameters: resolution = 0.5) functions. The resulting merged and normalized matrix was used for the subsequent analysis. Each sample was scaled and normalized using Seurat<U+2019>s <U+2018>SCTransform<U+2019> function to correct for batch effects (with parameters: vars.to.regress = c("nCount_RNA", "percent.mito"), variable.features.n = 3000). We then merged all samples and repeated the same scaling and normalization method. All cells in the merged Seurat object were then clustered using the original Louvain algorithm (Blondel et al., 2008) and top 30 PCA dimensions via <U+2018>FindNeighbors<U+2019> and <U+2018>FindClusters<U+2019> (with parameters: resolution = 0.5) functions. The resulting merged and normalized matrix was used for the subsequent analysis.	Other	https://www.biorxiv.org/content/10.1101/2023.10.31.565031v1	Release 5.0	Details	
scsnRNA-Seq_level_4_BRCA23/TWCE-HT265B1-XBc1_1.rds	HTAN WUSTL		HTA12_247_2	scRNA-seq	Level 4	Upper-outer quadrant of breast	Chemotherapy	Ductal carcinoma in situ NOS	Synapse	syn53214902	HTA12	RData	HTA12_247_4000	HTA12_247_3000;HTA12_247_3001;HTA12_247_3002		CellRanger	For each sample, we obtained the unfiltered feature-barcode matrix per sample by passing the demultiplexed FASTQs to Cell Ranger v6.0.2 <U+2018>count<U+2019> command using default parameters and the prebuilt GRCh38 genome reference (refdata-gex-GRCh38-2020-A; GRCh38 and Ensembl 93). Seurat v4.1.0  was used for all subsequent analysis. First, a series of quality filters were applied to the data to remove those barcodes which fell into any one of these categories recommended by Seurat: too few total transcript counts (<300); possible debris with too few genes expressed (<200) and too few UMIs (<1,000); possible more than one cell with too many genes expressed (>10,000) and too many UMIs (>10,000); possible dead cell or a sign of cellular stress and apoptosis with too high proportion of mitochondrial gene expression over the total transcript counts (>10%). Doublets were filtered out using Scrublet (https://github.com/AllonKleinLab/scrublet). Scrublet was run on each sample separately with the following parameter settings: expected_doublet_rate=0.06, min_counts=2, min_cells=3, min_gene_variability_pctl=85, n_prin_comps=30. The doublet score threshold was adjusted manually. We constructed a Seurat object using the unfiltered feature-barcode matrix for each sample. Each sample was scaled and normalized using Seurat<U+2019>s <U+2018>SCTransform<U+2019> function to correct for batch effects (with parameters: vars.to.regress = c("nCount_RNA", "percent.mito"), variable.features n = 2000). Any merged analysis or subsequent subsetting of cells/samples underwent the same scaling and normalization method. Cells were clustered using the original Louvain algorithm and top 30 PCA dimensions via <U+2018>FindNeighbors<U+2019> and <U+2018>FindClusters<U+2019> (with parameters: resolution = 0.5) functions. The resulting merged and normalized matrix was used for the subsequent analysis. Each sample was scaled and normalized using Seurat<U+2019>s <U+2018>SCTransform<U+2019> function to correct for batch effects (with parameters: vars.to.regress = c("nCount_RNA", "percent.mito"), variable.features.n = 3000). We then merged all samples and repeated the same scaling and normalization method. All cells in the merged Seurat object were then clustered using the original Louvain algorithm (Blondel et al., 2008) and top 30 PCA dimensions via <U+2018>FindNeighbors<U+2019> and <U+2018>FindClusters<U+2019> (with parameters: resolution = 0.5) functions. The resulting merged and normalized matrix was used for the subsequent analysis.	Other	https://www.biorxiv.org/content/10.1101/2023.10.31.565031v1	Release 5.0	Details	
scsnRNA-Seq_level_4_BRCA23/TWCE-HT103B1-XB2.rds	HTAN WUSTL		HTA12_241_3	scRNA-seq	Level 4	Upper-outer quadrant of breast		Spindle cell carcinoma NOS	Synapse	syn53214903	HTA12	RData	HTA12_241_4001	HTA12_241_3003;HTA12_241_3004;HTA12_241_3005		CellRanger	For each sample, we obtained the unfiltered feature-barcode matrix per sample by passing the demultiplexed FASTQs to Cell Ranger v6.0.2 <U+2018>count<U+2019> command using default parameters and the prebuilt GRCh38 genome reference (refdata-gex-GRCh38-2020-A; GRCh38 and Ensembl 93). Seurat v4.1.0  was used for all subsequent analysis. First, a series of quality filters were applied to the data to remove those barcodes which fell into any one of these categories recommended by Seurat: too few total transcript counts (<300); possible debris with too few genes expressed (<200) and too few UMIs (<1,000); possible more than one cell with too many genes expressed (>10,000) and too many UMIs (>10,000); possible dead cell or a sign of cellular stress and apoptosis with too high proportion of mitochondrial gene expression over the total transcript counts (>10%). Doublets were filtered out using Scrublet (https://github.com/AllonKleinLab/scrublet). Scrublet was run on each sample separately with the following parameter settings: expected_doublet_rate=0.06, min_counts=2, min_cells=3, min_gene_variability_pctl=85, n_prin_comps=30. The doublet score threshold was adjusted manually. We constructed a Seurat object using the unfiltered feature-barcode matrix for each sample. Each sample was scaled and normalized using Seurat<U+2019>s <U+2018>SCTransform<U+2019> function to correct for batch effects (with parameters: vars.to.regress = c("nCount_RNA", "percent.mito"), variable.features n = 2000). Any merged analysis or subsequent subsetting of cells/samples underwent the same scaling and normalization method. Cells were clustered using the original Louvain algorithm and top 30 PCA dimensions via <U+2018>FindNeighbors<U+2019> and <U+2018>FindClusters<U+2019> (with parameters: resolution = 0.5) functions. The resulting merged and normalized matrix was used for the subsequent analysis. Each sample was scaled and normalized using Seurat<U+2019>s <U+2018>SCTransform<U+2019> function to correct for batch effects (with parameters: vars.to.regress = c("nCount_RNA", "percent.mito"), variable.features.n = 3000). We then merged all samples and repeated the same scaling and normalization method. All cells in the merged Seurat object were then clustered using the original Louvain algorithm (Blondel et al., 2008) and top 30 PCA dimensions via <U+2018>FindNeighbors<U+2019> and <U+2018>FindClusters<U+2019> (with parameters: resolution = 0.5) functions. The resulting merged and normalized matrix was used for the subsequent analysis.	Other	https://www.biorxiv.org/content/10.1101/2023.10.31.565031v1	Release 5.0	Details	
scsnRNA-Seq_level_4_BRCA23/HT365B1.rds	HTAN WUSTL		HTA12_251_3	scRNA-seq	Level 4	Upper-inner quadrant of breast		Infiltrating duct carcinoma NOS	Synapse	syn53214904	HTA12	RData	HTA12_251_4000	HTA12_251_3001;HTA12_251_3002;HTA12_251_3003		CellRanger	For each sample, we obtained the unfiltered feature-barcode matrix per sample by passing the demultiplexed FASTQs to Cell Ranger v6.0.2 <U+2018>count<U+2019> command using default parameters and the prebuilt GRCh38 genome reference (refdata-gex-GRCh38-2020-A; GRCh38 and Ensembl 93). Seurat v4.1.0  was used for all subsequent analysis. First, a series of quality filters were applied to the data to remove those barcodes which fell into any one of these categories recommended by Seurat: too few total transcript counts (<300); possible debris with too few genes expressed (<200) and too few UMIs (<1,000); possible more than one cell with too many genes expressed (>10,000) and too many UMIs (>10,000); possible dead cell or a sign of cellular stress and apoptosis with too high proportion of mitochondrial gene expression over the total transcript counts (>10%). Doublets were filtered out using Scrublet (https://github.com/AllonKleinLab/scrublet). Scrublet was run on each sample separately with the following parameter settings: expected_doublet_rate=0.06, min_counts=2, min_cells=3, min_gene_variability_pctl=85, n_prin_comps=30. The doublet score threshold was adjusted manually. We constructed a Seurat object using the unfiltered feature-barcode matrix for each sample. Each sample was scaled and normalized using Seurat<U+2019>s <U+2018>SCTransform<U+2019> function to correct for batch effects (with parameters: vars.to.regress = c("nCount_RNA", "percent.mito"), variable.features n = 2000). Any merged analysis or subsequent subsetting of cells/samples underwent the same scaling and normalization method. Cells were clustered using the original Louvain algorithm and top 30 PCA dimensions via <U+2018>FindNeighbors<U+2019> and <U+2018>FindClusters<U+2019> (with parameters: resolution = 0.5) functions. The resulting merged and normalized matrix was used for the subsequent analysis. Each sample was scaled and normalized using Seurat<U+2019>s <U+2018>SCTransform<U+2019> function to correct for batch effects (with parameters: vars.to.regress = c("nCount_RNA", "percent.mito"), variable.features.n = 3000). We then merged all samples and repeated the same scaling and normalization method. All cells in the merged Seurat object were then clustered using the original Louvain algorithm (Blondel et al., 2008) and top 30 PCA dimensions via <U+2018>FindNeighbors<U+2019> and <U+2018>FindClusters<U+2019> (with parameters: resolution = 0.5) functions. The resulting merged and normalized matrix was used for the subsequent analysis.	Other	https://www.biorxiv.org/content/10.1101/2023.10.31.565031v1	Release 5.0	Details	
scsnRNA-Seq_level_4_BRCA23/TWCE-HT154B1-Bc2.rds	HTAN WUSTL		HTA12_244_3	scRNA-seq	Level 4	Breast NOS		Infiltrating duct carcinoma NOS	Synapse	syn53214905	HTA12	RData	HTA12_244_4001	HTA12_244_3003;HTA12_244_3004;HTA12_244_3005		CellRanger	For each sample, we obtained the unfiltered feature-barcode matrix per sample by passing the demultiplexed FASTQs to Cell Ranger v6.0.2 <U+2018>count<U+2019> command using default parameters and the prebuilt GRCh38 genome reference (refdata-gex-GRCh38-2020-A; GRCh38 and Ensembl 93). Seurat v4.1.0  was used for all subsequent analysis. First, a series of quality filters were applied to the data to remove those barcodes which fell into any one of these categories recommended by Seurat: too few total transcript counts (<300); possible debris with too few genes expressed (<200) and too few UMIs (<1,000); possible more than one cell with too many genes expressed (>10,000) and too many UMIs (>10,000); possible dead cell or a sign of cellular stress and apoptosis with too high proportion of mitochondrial gene expression over the total transcript counts (>10%). Doublets were filtered out using Scrublet (https://github.com/AllonKleinLab/scrublet). Scrublet was run on each sample separately with the following parameter settings: expected_doublet_rate=0.06, min_counts=2, min_cells=3, min_gene_variability_pctl=85, n_prin_comps=30. The doublet score threshold was adjusted manually. We constructed a Seurat object using the unfiltered feature-barcode matrix for each sample. Each sample was scaled and normalized using Seurat<U+2019>s <U+2018>SCTransform<U+2019> function to correct for batch effects (with parameters: vars.to.regress = c("nCount_RNA", "percent.mito"), variable.features n = 2000). Any merged analysis or subsequent subsetting of cells/samples underwent the same scaling and normalization method. Cells were clustered using the original Louvain algorithm and top 30 PCA dimensions via <U+2018>FindNeighbors<U+2019> and <U+2018>FindClusters<U+2019> (with parameters: resolution = 0.5) functions. The resulting merged and normalized matrix was used for the subsequent analysis. Each sample was scaled and normalized using Seurat<U+2019>s <U+2018>SCTransform<U+2019> function to correct for batch effects (with parameters: vars.to.regress = c("nCount_RNA", "percent.mito"), variable.features.n = 3000). We then merged all samples and repeated the same scaling and normalization method. All cells in the merged Seurat object were then clustered using the original Louvain algorithm (Blondel et al., 2008) and top 30 PCA dimensions via <U+2018>FindNeighbors<U+2019> and <U+2018>FindClusters<U+2019> (with parameters: resolution = 0.5) functions. The resulting merged and normalized matrix was used for the subsequent analysis.	Other	https://www.biorxiv.org/content/10.1101/2023.10.31.565031v1	Release 5.0	Details	
scsnRNA-Seq_level_4_BRCA23/TWCE-HT105B1-XB2.rds	HTAN WUSTL		HTA12_242_4	scRNA-seq	Level 4	Upper-outer quadrant of breast		Infiltrating duct carcinoma NOS	Synapse	syn53214911	HTA12	RData	HTA12_242_4002	HTA12_242_3006;HTA12_242_3007;HTA12_242_3008		CellRanger	For each sample, we obtained the unfiltered feature-barcode matrix per sample by passing the demultiplexed FASTQs to Cell Ranger v6.0.2 <U+2018>count<U+2019> command using default parameters and the prebuilt GRCh38 genome reference (refdata-gex-GRCh38-2020-A; GRCh38 and Ensembl 93). Seurat v4.1.0  was used for all subsequent analysis. First, a series of quality filters were applied to the data to remove those barcodes which fell into any one of these categories recommended by Seurat: too few total transcript counts (<300); possible debris with too few genes expressed (<200) and too few UMIs (<1,000); possible more than one cell with too many genes expressed (>10,000) and too many UMIs (>10,000); possible dead cell or a sign of cellular stress and apoptosis with too high proportion of mitochondrial gene expression over the total transcript counts (>10%). Doublets were filtered out using Scrublet (https://github.com/AllonKleinLab/scrublet). Scrublet was run on each sample separately with the following parameter settings: expected_doublet_rate=0.06, min_counts=2, min_cells=3, min_gene_variability_pctl=85, n_prin_comps=30. The doublet score threshold was adjusted manually. We constructed a Seurat object using the unfiltered feature-barcode matrix for each sample. Each sample was scaled and normalized using Seurat<U+2019>s <U+2018>SCTransform<U+2019> function to correct for batch effects (with parameters: vars.to.regress = c("nCount_RNA", "percent.mito"), variable.features n = 2000). Any merged analysis or subsequent subsetting of cells/samples underwent the same scaling and normalization method. Cells were clustered using the original Louvain algorithm and top 30 PCA dimensions via <U+2018>FindNeighbors<U+2019> and <U+2018>FindClusters<U+2019> (with parameters: resolution = 0.5) functions. The resulting merged and normalized matrix was used for the subsequent analysis. Each sample was scaled and normalized using Seurat<U+2019>s <U+2018>SCTransform<U+2019> function to correct for batch effects (with parameters: vars.to.regress = c("nCount_RNA", "percent.mito"), variable.features.n = 3000). We then merged all samples and repeated the same scaling and normalization method. All cells in the merged Seurat object were then clustered using the original Louvain algorithm (Blondel et al., 2008) and top 30 PCA dimensions via <U+2018>FindNeighbors<U+2019> and <U+2018>FindClusters<U+2019> (with parameters: resolution = 0.5) functions. The resulting merged and normalized matrix was used for the subsequent analysis.	Other	https://www.biorxiv.org/content/10.1101/2023.10.31.565031v1	Release 5.0	Details	
scsnRNA-Seq_level_4_BRCA23/TWCE-HT105B1-XB3.rds	HTAN WUSTL		HTA12_242_2	scRNA-seq	Level 4	Upper-outer quadrant of breast		Infiltrating duct carcinoma NOS	Synapse	syn53214912	HTA12	RData	HTA12_242_4000	HTA12_242_3000;HTA12_242_3001;HTA12_242_3002		CellRanger	For each sample, we obtained the unfiltered feature-barcode matrix per sample by passing the demultiplexed FASTQs to Cell Ranger v6.0.2 <U+2018>count<U+2019> command using default parameters and the prebuilt GRCh38 genome reference (refdata-gex-GRCh38-2020-A; GRCh38 and Ensembl 93). Seurat v4.1.0  was used for all subsequent analysis. First, a series of quality filters were applied to the data to remove those barcodes which fell into any one of these categories recommended by Seurat: too few total transcript counts (<300); possible debris with too few genes expressed (<200) and too few UMIs (<1,000); possible more than one cell with too many genes expressed (>10,000) and too many UMIs (>10,000); possible dead cell or a sign of cellular stress and apoptosis with too high proportion of mitochondrial gene expression over the total transcript counts (>10%). Doublets were filtered out using Scrublet (https://github.com/AllonKleinLab/scrublet). Scrublet was run on each sample separately with the following parameter settings: expected_doublet_rate=0.06, min_counts=2, min_cells=3, min_gene_variability_pctl=85, n_prin_comps=30. The doublet score threshold was adjusted manually. We constructed a Seurat object using the unfiltered feature-barcode matrix for each sample. Each sample was scaled and normalized using Seurat<U+2019>s <U+2018>SCTransform<U+2019> function to correct for batch effects (with parameters: vars.to.regress = c("nCount_RNA", "percent.mito"), variable.features n = 2000). Any merged analysis or subsequent subsetting of cells/samples underwent the same scaling and normalization method. Cells were clustered using the original Louvain algorithm and top 30 PCA dimensions via <U+2018>FindNeighbors<U+2019> and <U+2018>FindClusters<U+2019> (with parameters: resolution = 0.5) functions. The resulting merged and normalized matrix was used for the subsequent analysis. Each sample was scaled and normalized using Seurat<U+2019>s <U+2018>SCTransform<U+2019> function to correct for batch effects (with parameters: vars.to.regress = c("nCount_RNA", "percent.mito"), variable.features.n = 3000). We then merged all samples and repeated the same scaling and normalization method. All cells in the merged Seurat object were then clustered using the original Louvain algorithm (Blondel et al., 2008) and top 30 PCA dimensions via <U+2018>FindNeighbors<U+2019> and <U+2018>FindClusters<U+2019> (with parameters: resolution = 0.5) functions. The resulting merged and normalized matrix was used for the subsequent analysis.	Other	https://www.biorxiv.org/content/10.1101/2023.10.31.565031v1	Release 5.0	Details	
scsnRNA-Seq_level_4_BRCA23/TWCE-HT067B1-S1H2A2A1Z1B1.rds	HTAN WUSTL		HTA12_237_2	scRNA-seq	Level 4	Upper-inner quadrant of breast		Infiltrating duct carcinoma NOS	Synapse	syn53214913	HTA12	RData	HTA12_237_4000	HTA12_237_3000;HTA12_237_3001;HTA12_237_3002		CellRanger	For each sample, we obtained the unfiltered feature-barcode matrix per sample by passing the demultiplexed FASTQs to Cell Ranger v6.0.2 <U+2018>count<U+2019> command using default parameters and the prebuilt GRCh38 genome reference (refdata-gex-GRCh38-2020-A; GRCh38 and Ensembl 93). Seurat v4.1.0  was used for all subsequent analysis. First, a series of quality filters were applied to the data to remove those barcodes which fell into any one of these categories recommended by Seurat: too few total transcript counts (<300); possible debris with too few genes expressed (<200) and too few UMIs (<1,000); possible more than one cell with too many genes expressed (>10,000) and too many UMIs (>10,000); possible dead cell or a sign of cellular stress and apoptosis with too high proportion of mitochondrial gene expression over the total transcript counts (>10%). Doublets were filtered out using Scrublet (https://github.com/AllonKleinLab/scrublet). Scrublet was run on each sample separately with the following parameter settings: expected_doublet_rate=0.06, min_counts=2, min_cells=3, min_gene_variability_pctl=85, n_prin_comps=30. The doublet score threshold was adjusted manually. We constructed a Seurat object using the unfiltered feature-barcode matrix for each sample. Each sample was scaled and normalized using Seurat<U+2019>s <U+2018>SCTransform<U+2019> function to correct for batch effects (with parameters: vars.to.regress = c("nCount_RNA", "percent.mito"), variable.features n = 2000). Any merged analysis or subsequent subsetting of cells/samples underwent the same scaling and normalization method. Cells were clustered using the original Louvain algorithm and top 30 PCA dimensions via <U+2018>FindNeighbors<U+2019> and <U+2018>FindClusters<U+2019> (with parameters: resolution = 0.5) functions. The resulting merged and normalized matrix was used for the subsequent analysis. Each sample was scaled and normalized using Seurat<U+2019>s <U+2018>SCTransform<U+2019> function to correct for batch effects (with parameters: vars.to.regress = c("nCount_RNA", "percent.mito"), variable.features.n = 3000). We then merged all samples and repeated the same scaling and normalization method. All cells in the merged Seurat object were then clustered using the original Louvain algorithm (Blondel et al., 2008) and top 30 PCA dimensions via <U+2018>FindNeighbors<U+2019> and <U+2018>FindClusters<U+2019> (with parameters: resolution = 0.5) functions. The resulting merged and normalized matrix was used for the subsequent analysis.	Other	https://www.biorxiv.org/content/10.1101/2023.10.31.565031v1	Release 5.0	Details	
scsnRNA-Seq_level_4_BRCA23/HT374B1.rds	HTAN WUSTL		HTA12_252_2	scRNA-seq	Level 4	Upper-outer quadrant of breast		Infiltrating duct carcinoma NOS	Synapse	syn53214914	HTA12	RData	HTA12_252_4000	HTA12_252_3001;HTA12_252_3002;HTA12_252_3003		CellRanger	For each sample, we obtained the unfiltered feature-barcode matrix per sample by passing the demultiplexed FASTQs to Cell Ranger v6.0.2 <U+2018>count<U+2019> command using default parameters and the prebuilt GRCh38 genome reference (refdata-gex-GRCh38-2020-A; GRCh38 and Ensembl 93). Seurat v4.1.0  was used for all subsequent analysis. First, a series of quality filters were applied to the data to remove those barcodes which fell into any one of these categories recommended by Seurat: too few total transcript counts (<300); possible debris with too few genes expressed (<200) and too few UMIs (<1,000); possible more than one cell with too many genes expressed (>10,000) and too many UMIs (>10,000); possible dead cell or a sign of cellular stress and apoptosis with too high proportion of mitochondrial gene expression over the total transcript counts (>10%). Doublets were filtered out using Scrublet (https://github.com/AllonKleinLab/scrublet). Scrublet was run on each sample separately with the following parameter settings: expected_doublet_rate=0.06, min_counts=2, min_cells=3, min_gene_variability_pctl=85, n_prin_comps=30. The doublet score threshold was adjusted manually. We constructed a Seurat object using the unfiltered feature-barcode matrix for each sample. Each sample was scaled and normalized using Seurat<U+2019>s <U+2018>SCTransform<U+2019> function to correct for batch effects (with parameters: vars.to.regress = c("nCount_RNA", "percent.mito"), variable.features n = 2000). Any merged analysis or subsequent subsetting of cells/samples underwent the same scaling and normalization method. Cells were clustered using the original Louvain algorithm and top 30 PCA dimensions via <U+2018>FindNeighbors<U+2019> and <U+2018>FindClusters<U+2019> (with parameters: resolution = 0.5) functions. The resulting merged and normalized matrix was used for the subsequent analysis. Each sample was scaled and normalized using Seurat<U+2019>s <U+2018>SCTransform<U+2019> function to correct for batch effects (with parameters: vars.to.regress = c("nCount_RNA", "percent.mito"), variable.features.n = 3000). We then merged all samples and repeated the same scaling and normalization method. All cells in the merged Seurat object were then clustered using the original Louvain algorithm (Blondel et al., 2008) and top 30 PCA dimensions via <U+2018>FindNeighbors<U+2019> and <U+2018>FindClusters<U+2019> (with parameters: resolution = 0.5) functions. The resulting merged and normalized matrix was used for the subsequent analysis.	Other	https://www.biorxiv.org/content/10.1101/2023.10.31.565031v1	Release 5.0	Details	
scsnRNA-Seq_level_4_BRCA23/TWCE-HT036B1-XBn1.rds	HTAN WUSTL		HTA12_234_3	scRNA-seq	Level 4	Upper-inner quadrant of breast		Infiltrating duct carcinoma NOS	Synapse	syn53214917	HTA12	RData	HTA12_234_4001	HTA12_234_3003;HTA12_234_3004;HTA12_234_3005		CellRanger	For each sample, we obtained the unfiltered feature-barcode matrix per sample by passing the demultiplexed FASTQs to Cell Ranger v6.0.2 <U+2018>count<U+2019> command using default parameters and the prebuilt GRCh38 genome reference (refdata-gex-GRCh38-2020-A; GRCh38 and Ensembl 93). Seurat v4.1.0  was used for all subsequent analysis. First, a series of quality filters were applied to the data to remove those barcodes which fell into any one of these categories recommended by Seurat: too few total transcript counts (<300); possible debris with too few genes expressed (<200) and too few UMIs (<1,000); possible more than one cell with too many genes expressed (>10,000) and too many UMIs (>10,000); possible dead cell or a sign of cellular stress and apoptosis with too high proportion of mitochondrial gene expression over the total transcript counts (>10%). Doublets were filtered out using Scrublet (https://github.com/AllonKleinLab/scrublet). Scrublet was run on each sample separately with the following parameter settings: expected_doublet_rate=0.06, min_counts=2, min_cells=3, min_gene_variability_pctl=85, n_prin_comps=30. The doublet score threshold was adjusted manually. We constructed a Seurat object using the unfiltered feature-barcode matrix for each sample. Each sample was scaled and normalized using Seurat<U+2019>s <U+2018>SCTransform<U+2019> function to correct for batch effects (with parameters: vars.to.regress = c("nCount_RNA", "percent.mito"), variable.features n = 2000). Any merged analysis or subsequent subsetting of cells/samples underwent the same scaling and normalization method. Cells were clustered using the original Louvain algorithm and top 30 PCA dimensions via <U+2018>FindNeighbors<U+2019> and <U+2018>FindClusters<U+2019> (with parameters: resolution = 0.5) functions. The resulting merged and normalized matrix was used for the subsequent analysis. Each sample was scaled and normalized using Seurat<U+2019>s <U+2018>SCTransform<U+2019> function to correct for batch effects (with parameters: vars.to.regress = c("nCount_RNA", "percent.mito"), variable.features.n = 3000). We then merged all samples and repeated the same scaling and normalization method. All cells in the merged Seurat object were then clustered using the original Louvain algorithm (Blondel et al., 2008) and top 30 PCA dimensions via <U+2018>FindNeighbors<U+2019> and <U+2018>FindClusters<U+2019> (with parameters: resolution = 0.5) functions. The resulting merged and normalized matrix was used for the subsequent analysis.	Other	https://www.biorxiv.org/content/10.1101/2023.10.31.565031v1	Release 5.0	Details	
scsnRNA-Seq_level_4_BRCA23/HT297B1.rds	HTAN WUSTL		HTA12_144_1	scRNA-seq	Level 4	Breast NOS		Ductal carcinoma NOS	Synapse	syn53214920	HTA12	RData	HTA12_144_4000	HTA12_144_3021;HTA12_144_3022;HTA12_144_3023		CellRanger	For each sample, we obtained the unfiltered feature-barcode matrix per sample by passing the demultiplexed FASTQs to Cell Ranger v6.0.2 <U+2018>count<U+2019> command using default parameters and the prebuilt GRCh38 genome reference (refdata-gex-GRCh38-2020-A; GRCh38 and Ensembl 93). Seurat v4.1.0  was used for all subsequent analysis. First, a series of quality filters were applied to the data to remove those barcodes which fell into any one of these categories recommended by Seurat: too few total transcript counts (<300); possible debris with too few genes expressed (<200) and too few UMIs (<1,000); possible more than one cell with too many genes expressed (>10,000) and too many UMIs (>10,000); possible dead cell or a sign of cellular stress and apoptosis with too high proportion of mitochondrial gene expression over the total transcript counts (>10%). Doublets were filtered out using Scrublet (https://github.com/AllonKleinLab/scrublet). Scrublet was run on each sample separately with the following parameter settings: expected_doublet_rate=0.06, min_counts=2, min_cells=3, min_gene_variability_pctl=85, n_prin_comps=30. The doublet score threshold was adjusted manually. We constructed a Seurat object using the unfiltered feature-barcode matrix for each sample. Each sample was scaled and normalized using Seurat<U+2019>s <U+2018>SCTransform<U+2019> function to correct for batch effects (with parameters: vars.to.regress = c("nCount_RNA", "percent.mito"), variable.features n = 2000). Any merged analysis or subsequent subsetting of cells/samples underwent the same scaling and normalization method. Cells were clustered using the original Louvain algorithm and top 30 PCA dimensions via <U+2018>FindNeighbors<U+2019> and <U+2018>FindClusters<U+2019> (with parameters: resolution = 0.5) functions. The resulting merged and normalized matrix was used for the subsequent analysis. Each sample was scaled and normalized using Seurat<U+2019>s <U+2018>SCTransform<U+2019> function to correct for batch effects (with parameters: vars.to.regress = c("nCount_RNA", "percent.mito"), variable.features.n = 3000). We then merged all samples and repeated the same scaling and normalization method. All cells in the merged Seurat object were then clustered using the original Louvain algorithm (Blondel et al., 2008) and top 30 PCA dimensions via <U+2018>FindNeighbors<U+2019> and <U+2018>FindClusters<U+2019> (with parameters: resolution = 0.5) functions. The resulting merged and normalized matrix was used for the subsequent analysis.	Other	https://www.biorxiv.org/content/10.1101/2023.10.31.565031v1	Release 5.0	Details	
scsnRNA-Seq_level_4_BRCA23/TWCE-HT128B1-S1H3A2K2Y1-XBn1.rds	HTAN WUSTL		HTA12_123_3	scRNA-seq	Level 4	Breast NOS	Chemotherapy	Lobular carcinoma NOS	Synapse	syn53214923	HTA12	RData	HTA12_123_4001	HTA12_123_3003;HTA12_123_3004;HTA12_123_3005		CellRanger	For each sample, we obtained the unfiltered feature-barcode matrix per sample by passing the demultiplexed FASTQs to Cell Ranger v6.0.2 <U+2018>count<U+2019> command using default parameters and the prebuilt GRCh38 genome reference (refdata-gex-GRCh38-2020-A; GRCh38 and Ensembl 93). Seurat v4.1.0  was used for all subsequent analysis. First, a series of quality filters were applied to the data to remove those barcodes which fell into any one of these categories recommended by Seurat: too few total transcript counts (<300); possible debris with too few genes expressed (<200) and too few UMIs (<1,000); possible more than one cell with too many genes expressed (>10,000) and too many UMIs (>10,000); possible dead cell or a sign of cellular stress and apoptosis with too high proportion of mitochondrial gene expression over the total transcript counts (>10%). Doublets were filtered out using Scrublet (https://github.com/AllonKleinLab/scrublet). Scrublet was run on each sample separately with the following parameter settings: expected_doublet_rate=0.06, min_counts=2, min_cells=3, min_gene_variability_pctl=85, n_prin_comps=30. The doublet score threshold was adjusted manually. We constructed a Seurat object using the unfiltered feature-barcode matrix for each sample. Each sample was scaled and normalized using Seurat<U+2019>s <U+2018>SCTransform<U+2019> function to correct for batch effects (with parameters: vars.to.regress = c("nCount_RNA", "percent.mito"), variable.features n = 2000). Any merged analysis or subsequent subsetting of cells/samples underwent the same scaling and normalization method. Cells were clustered using the original Louvain algorithm and top 30 PCA dimensions via <U+2018>FindNeighbors<U+2019> and <U+2018>FindClusters<U+2019> (with parameters: resolution = 0.5) functions. The resulting merged and normalized matrix was used for the subsequent analysis. Each sample was scaled and normalized using Seurat<U+2019>s <U+2018>SCTransform<U+2019> function to correct for batch effects (with parameters: vars.to.regress = c("nCount_RNA", "percent.mito"), variable.features.n = 3000). We then merged all samples and repeated the same scaling and normalization method. All cells in the merged Seurat object were then clustered using the original Louvain algorithm (Blondel et al., 2008) and top 30 PCA dimensions via <U+2018>FindNeighbors<U+2019> and <U+2018>FindClusters<U+2019> (with parameters: resolution = 0.5) functions. The resulting merged and normalized matrix was used for the subsequent analysis.	Other	https://www.biorxiv.org/content/10.1101/2023.10.31.565031v1	Release 5.0	Details	
scsnRNA-Seq_level_4_BRCA23/HT339B1.rds	HTAN WUSTL		HTA12_250_6	scRNA-seq	Level 4	Overlapping lesion of breast	Immunotherapy (including vaccines)	Ductal carcinoma in situ NOS	Synapse	syn53214930	HTA12	RData	HTA12_250_4000	HTA12_250_3001;HTA12_250_3002;HTA12_250_3003		CellRanger	For each sample, we obtained the unfiltered feature-barcode matrix per sample by passing the demultiplexed FASTQs to Cell Ranger v6.0.2 <U+2018>count<U+2019> command using default parameters and the prebuilt GRCh38 genome reference (refdata-gex-GRCh38-2020-A; GRCh38 and Ensembl 93). Seurat v4.1.0  was used for all subsequent analysis. First, a series of quality filters were applied to the data to remove those barcodes which fell into any one of these categories recommended by Seurat: too few total transcript counts (<300); possible debris with too few genes expressed (<200) and too few UMIs (<1,000); possible more than one cell with too many genes expressed (>10,000) and too many UMIs (>10,000); possible dead cell or a sign of cellular stress and apoptosis with too high proportion of mitochondrial gene expression over the total transcript counts (>10%). Doublets were filtered out using Scrublet (https://github.com/AllonKleinLab/scrublet). Scrublet was run on each sample separately with the following parameter settings: expected_doublet_rate=0.06, min_counts=2, min_cells=3, min_gene_variability_pctl=85, n_prin_comps=30. The doublet score threshold was adjusted manually. We constructed a Seurat object using the unfiltered feature-barcode matrix for each sample. Each sample was scaled and normalized using Seurat<U+2019>s <U+2018>SCTransform<U+2019> function to correct for batch effects (with parameters: vars.to.regress = c("nCount_RNA", "percent.mito"), variable.features n = 2000). Any merged analysis or subsequent subsetting of cells/samples underwent the same scaling and normalization method. Cells were clustered using the original Louvain algorithm and top 30 PCA dimensions via <U+2018>FindNeighbors<U+2019> and <U+2018>FindClusters<U+2019> (with parameters: resolution = 0.5) functions. The resulting merged and normalized matrix was used for the subsequent analysis. Each sample was scaled and normalized using Seurat<U+2019>s <U+2018>SCTransform<U+2019> function to correct for batch effects (with parameters: vars.to.regress = c("nCount_RNA", "percent.mito"), variable.features.n = 3000). We then merged all samples and repeated the same scaling and normalization method. All cells in the merged Seurat object were then clustered using the original Louvain algorithm (Blondel et al., 2008) and top 30 PCA dimensions via <U+2018>FindNeighbors<U+2019> and <U+2018>FindClusters<U+2019> (with parameters: resolution = 0.5) functions. The resulting merged and normalized matrix was used for the subsequent analysis.	Other	https://www.biorxiv.org/content/10.1101/2023.10.31.565031v1	Release 5.0	Details	
scsnRNA-Seq_level_4_BRCA23/HT263B1.rds	HTAN WUSTL		HTA12_139_1	scRNA-seq	Level 4	Breast NOS		Lobular carcinoma NOS	Synapse	syn53214931	HTA12	RData	HTA12_139_4000	HTA12_139_3021;HTA12_139_3022;HTA12_139_3023		CellRanger	For each sample, we obtained the unfiltered feature-barcode matrix per sample by passing the demultiplexed FASTQs to Cell Ranger v6.0.2 <U+2018>count<U+2019> command using default parameters and the prebuilt GRCh38 genome reference (refdata-gex-GRCh38-2020-A; GRCh38 and Ensembl 93). Seurat v4.1.0  was used for all subsequent analysis. First, a series of quality filters were applied to the data to remove those barcodes which fell into any one of these categories recommended by Seurat: too few total transcript counts (<300); possible debris with too few genes expressed (<200) and too few UMIs (<1,000); possible more than one cell with too many genes expressed (>10,000) and too many UMIs (>10,000); possible dead cell or a sign of cellular stress and apoptosis with too high proportion of mitochondrial gene expression over the total transcript counts (>10%). Doublets were filtered out using Scrublet (https://github.com/AllonKleinLab/scrublet). Scrublet was run on each sample separately with the following parameter settings: expected_doublet_rate=0.06, min_counts=2, min_cells=3, min_gene_variability_pctl=85, n_prin_comps=30. The doublet score threshold was adjusted manually. We constructed a Seurat object using the unfiltered feature-barcode matrix for each sample. Each sample was scaled and normalized using Seurat<U+2019>s <U+2018>SCTransform<U+2019> function to correct for batch effects (with parameters: vars.to.regress = c("nCount_RNA", "percent.mito"), variable.features n = 2000). Any merged analysis or subsequent subsetting of cells/samples underwent the same scaling and normalization method. Cells were clustered using the original Louvain algorithm and top 30 PCA dimensions via <U+2018>FindNeighbors<U+2019> and <U+2018>FindClusters<U+2019> (with parameters: resolution = 0.5) functions. The resulting merged and normalized matrix was used for the subsequent analysis. Each sample was scaled and normalized using Seurat<U+2019>s <U+2018>SCTransform<U+2019> function to correct for batch effects (with parameters: vars.to.regress = c("nCount_RNA", "percent.mito"), variable.features.n = 3000). We then merged all samples and repeated the same scaling and normalization method. All cells in the merged Seurat object were then clustered using the original Louvain algorithm (Blondel et al., 2008) and top 30 PCA dimensions via <U+2018>FindNeighbors<U+2019> and <U+2018>FindClusters<U+2019> (with parameters: resolution = 0.5) functions. The resulting merged and normalized matrix was used for the subsequent analysis.	Other	https://www.biorxiv.org/content/10.1101/2023.10.31.565031v1	Release 5.0	Details	
scsnRNA-Seq_level_4_BRCA23/HT243B1.rds	HTAN WUSTL		HTA12_135_1	scRNA-seq	Level 4	Breast NOS		Ductal carcinoma NOS	Synapse	syn53214932	HTA12	RData	HTA12_135_4000	HTA12_135_3021;HTA12_135_3022;HTA12_135_3023		CellRanger	For each sample, we obtained the unfiltered feature-barcode matrix per sample by passing the demultiplexed FASTQs to Cell Ranger v6.0.2 <U+2018>count<U+2019> command using default parameters and the prebuilt GRCh38 genome reference (refdata-gex-GRCh38-2020-A; GRCh38 and Ensembl 93). Seurat v4.1.0  was used for all subsequent analysis. First, a series of quality filters were applied to the data to remove those barcodes which fell into any one of these categories recommended by Seurat: too few total transcript counts (<300); possible debris with too few genes expressed (<200) and too few UMIs (<1,000); possible more than one cell with too many genes expressed (>10,000) and too many UMIs (>10,000); possible dead cell or a sign of cellular stress and apoptosis with too high proportion of mitochondrial gene expression over the total transcript counts (>10%). Doublets were filtered out using Scrublet (https://github.com/AllonKleinLab/scrublet). Scrublet was run on each sample separately with the following parameter settings: expected_doublet_rate=0.06, min_counts=2, min_cells=3, min_gene_variability_pctl=85, n_prin_comps=30. The doublet score threshold was adjusted manually. We constructed a Seurat object using the unfiltered feature-barcode matrix for each sample. Each sample was scaled and normalized using Seurat<U+2019>s <U+2018>SCTransform<U+2019> function to correct for batch effects (with parameters: vars.to.regress = c("nCount_RNA", "percent.mito"), variable.features n = 2000). Any merged analysis or subsequent subsetting of cells/samples underwent the same scaling and normalization method. Cells were clustered using the original Louvain algorithm and top 30 PCA dimensions via <U+2018>FindNeighbors<U+2019> and <U+2018>FindClusters<U+2019> (with parameters: resolution = 0.5) functions. The resulting merged and normalized matrix was used for the subsequent analysis. Each sample was scaled and normalized using Seurat<U+2019>s <U+2018>SCTransform<U+2019> function to correct for batch effects (with parameters: vars.to.regress = c("nCount_RNA", "percent.mito"), variable.features.n = 3000). We then merged all samples and repeated the same scaling and normalization method. All cells in the merged Seurat object were then clustered using the original Louvain algorithm (Blondel et al., 2008) and top 30 PCA dimensions via <U+2018>FindNeighbors<U+2019> and <U+2018>FindClusters<U+2019> (with parameters: resolution = 0.5) functions. The resulting merged and normalized matrix was used for the subsequent analysis.	Other	https://www.biorxiv.org/content/10.1101/2023.10.31.565031v1	Release 5.0	Details	
scsnRNA-Seq_level_4_BRCA23/TWCE-HT067B1-S1H5A2A1Z1B1.rds	HTAN WUSTL		HTA12_237_3	scRNA-seq	Level 4	Upper-inner quadrant of breast		Infiltrating duct carcinoma NOS	Synapse	syn53214933	HTA12	RData	HTA12_237_4001	HTA12_237_3003;HTA12_237_3004;HTA12_237_3005		CellRanger	For each sample, we obtained the unfiltered feature-barcode matrix per sample by passing the demultiplexed FASTQs to Cell Ranger v6.0.2 <U+2018>count<U+2019> command using default parameters and the prebuilt GRCh38 genome reference (refdata-gex-GRCh38-2020-A; GRCh38 and Ensembl 93). Seurat v4.1.0  was used for all subsequent analysis. First, a series of quality filters were applied to the data to remove those barcodes which fell into any one of these categories recommended by Seurat: too few total transcript counts (<300); possible debris with too few genes expressed (<200) and too few UMIs (<1,000); possible more than one cell with too many genes expressed (>10,000) and too many UMIs (>10,000); possible dead cell or a sign of cellular stress and apoptosis with too high proportion of mitochondrial gene expression over the total transcript counts (>10%). Doublets were filtered out using Scrublet (https://github.com/AllonKleinLab/scrublet). Scrublet was run on each sample separately with the following parameter settings: expected_doublet_rate=0.06, min_counts=2, min_cells=3, min_gene_variability_pctl=85, n_prin_comps=30. The doublet score threshold was adjusted manually. We constructed a Seurat object using the unfiltered feature-barcode matrix for each sample. Each sample was scaled and normalized using Seurat<U+2019>s <U+2018>SCTransform<U+2019> function to correct for batch effects (with parameters: vars.to.regress = c("nCount_RNA", "percent.mito"), variable.features n = 2000). Any merged analysis or subsequent subsetting of cells/samples underwent the same scaling and normalization method. Cells were clustered using the original Louvain algorithm and top 30 PCA dimensions via <U+2018>FindNeighbors<U+2019> and <U+2018>FindClusters<U+2019> (with parameters: resolution = 0.5) functions. The resulting merged and normalized matrix was used for the subsequent analysis. Each sample was scaled and normalized using Seurat<U+2019>s <U+2018>SCTransform<U+2019> function to correct for batch effects (with parameters: vars.to.regress = c("nCount_RNA", "percent.mito"), variable.features.n = 3000). We then merged all samples and repeated the same scaling and normalization method. All cells in the merged Seurat object were then clustered using the original Louvain algorithm (Blondel et al., 2008) and top 30 PCA dimensions via <U+2018>FindNeighbors<U+2019> and <U+2018>FindClusters<U+2019> (with parameters: resolution = 0.5) functions. The resulting merged and normalized matrix was used for the subsequent analysis.	Other	https://www.biorxiv.org/content/10.1101/2023.10.31.565031v1	Release 5.0	Details	
scsnRNA-Seq_level_4_BRCA23/HT323B1.rds	HTAN WUSTL		HTA12_249_6	scRNA-seq	Level 4	Upper-outer quadrant of breast		Infiltrating duct carcinoma NOS	Synapse	syn53214939	HTA12	RData	HTA12_249_4000	HTA12_249_3001;HTA12_249_3002;HTA12_249_3003		CellRanger	For each sample, we obtained the unfiltered feature-barcode matrix per sample by passing the demultiplexed FASTQs to Cell Ranger v6.0.2 <U+2018>count<U+2019> command using default parameters and the prebuilt GRCh38 genome reference (refdata-gex-GRCh38-2020-A; GRCh38 and Ensembl 93). Seurat v4.1.0  was used for all subsequent analysis. First, a series of quality filters were applied to the data to remove those barcodes which fell into any one of these categories recommended by Seurat: too few total transcript counts (<300); possible debris with too few genes expressed (<200) and too few UMIs (<1,000); possible more than one cell with too many genes expressed (>10,000) and too many UMIs (>10,000); possible dead cell or a sign of cellular stress and apoptosis with too high proportion of mitochondrial gene expression over the total transcript counts (>10%). Doublets were filtered out using Scrublet (https://github.com/AllonKleinLab/scrublet). Scrublet was run on each sample separately with the following parameter settings: expected_doublet_rate=0.06, min_counts=2, min_cells=3, min_gene_variability_pctl=85, n_prin_comps=30. The doublet score threshold was adjusted manually. We constructed a Seurat object using the unfiltered feature-barcode matrix for each sample. Each sample was scaled and normalized using Seurat<U+2019>s <U+2018>SCTransform<U+2019> function to correct for batch effects (with parameters: vars.to.regress = c("nCount_RNA", "percent.mito"), variable.features n = 2000). Any merged analysis or subsequent subsetting of cells/samples underwent the same scaling and normalization method. Cells were clustered using the original Louvain algorithm and top 30 PCA dimensions via <U+2018>FindNeighbors<U+2019> and <U+2018>FindClusters<U+2019> (with parameters: resolution = 0.5) functions. The resulting merged and normalized matrix was used for the subsequent analysis. Each sample was scaled and normalized using Seurat<U+2019>s <U+2018>SCTransform<U+2019> function to correct for batch effects (with parameters: vars.to.regress = c("nCount_RNA", "percent.mito"), variable.features.n = 3000). We then merged all samples and repeated the same scaling and normalization method. All cells in the merged Seurat object were then clustered using the original Louvain algorithm (Blondel et al., 2008) and top 30 PCA dimensions via <U+2018>FindNeighbors<U+2019> and <U+2018>FindClusters<U+2019> (with parameters: resolution = 0.5) functions. The resulting merged and normalized matrix was used for the subsequent analysis.	Other	https://www.biorxiv.org/content/10.1101/2023.10.31.565031v1	Release 5.0	Details	
scsnRNA-Seq_level_4_BRCA23/TWCE-HT154B1-Bc1.rds	HTAN WUSTL		HTA12_244_2	scRNA-seq	Level 4	Breast NOS		Infiltrating duct carcinoma NOS	Synapse	syn53214944	HTA12	RData	HTA12_244_4000	HTA12_244_3000;HTA12_244_3001;HTA12_244_3002		CellRanger	For each sample, we obtained the unfiltered feature-barcode matrix per sample by passing the demultiplexed FASTQs to Cell Ranger v6.0.2 <U+2018>count<U+2019> command using default parameters and the prebuilt GRCh38 genome reference (refdata-gex-GRCh38-2020-A; GRCh38 and Ensembl 93). Seurat v4.1.0  was used for all subsequent analysis. First, a series of quality filters were applied to the data to remove those barcodes which fell into any one of these categories recommended by Seurat: too few total transcript counts (<300); possible debris with too few genes expressed (<200) and too few UMIs (<1,000); possible more than one cell with too many genes expressed (>10,000) and too many UMIs (>10,000); possible dead cell or a sign of cellular stress and apoptosis with too high proportion of mitochondrial gene expression over the total transcript counts (>10%). Doublets were filtered out using Scrublet (https://github.com/AllonKleinLab/scrublet). Scrublet was run on each sample separately with the following parameter settings: expected_doublet_rate=0.06, min_counts=2, min_cells=3, min_gene_variability_pctl=85, n_prin_comps=30. The doublet score threshold was adjusted manually. We constructed a Seurat object using the unfiltered feature-barcode matrix for each sample. Each sample was scaled and normalized using Seurat<U+2019>s <U+2018>SCTransform<U+2019> function to correct for batch effects (with parameters: vars.to.regress = c("nCount_RNA", "percent.mito"), variable.features n = 2000). Any merged analysis or subsequent subsetting of cells/samples underwent the same scaling and normalization method. Cells were clustered using the original Louvain algorithm and top 30 PCA dimensions via <U+2018>FindNeighbors<U+2019> and <U+2018>FindClusters<U+2019> (with parameters: resolution = 0.5) functions. The resulting merged and normalized matrix was used for the subsequent analysis. Each sample was scaled and normalized using Seurat<U+2019>s <U+2018>SCTransform<U+2019> function to correct for batch effects (with parameters: vars.to.regress = c("nCount_RNA", "percent.mito"), variable.features.n = 3000). We then merged all samples and repeated the same scaling and normalization method. All cells in the merged Seurat object were then clustered using the original Louvain algorithm (Blondel et al., 2008) and top 30 PCA dimensions via <U+2018>FindNeighbors<U+2019> and <U+2018>FindClusters<U+2019> (with parameters: resolution = 0.5) functions. The resulting merged and normalized matrix was used for the subsequent analysis.	Other	https://www.biorxiv.org/content/10.1101/2023.10.31.565031v1	Release 5.0	Details	
scsnRNA-Seq_level_4_BRCA23/TWCE-HT103B1-XB1.rds	HTAN WUSTL		HTA12_241_2	scRNA-seq	Level 4	Upper-outer quadrant of breast		Spindle cell carcinoma NOS	Synapse	syn53214946	HTA12	RData	HTA12_241_4000	HTA12_241_3000;HTA12_241_3001;HTA12_241_3002		CellRanger	For each sample, we obtained the unfiltered feature-barcode matrix per sample by passing the demultiplexed FASTQs to Cell Ranger v6.0.2 <U+2018>count<U+2019> command using default parameters and the prebuilt GRCh38 genome reference (refdata-gex-GRCh38-2020-A; GRCh38 and Ensembl 93). Seurat v4.1.0  was used for all subsequent analysis. First, a series of quality filters were applied to the data to remove those barcodes which fell into any one of these categories recommended by Seurat: too few total transcript counts (<300); possible debris with too few genes expressed (<200) and too few UMIs (<1,000); possible more than one cell with too many genes expressed (>10,000) and too many UMIs (>10,000); possible dead cell or a sign of cellular stress and apoptosis with too high proportion of mitochondrial gene expression over the total transcript counts (>10%). Doublets were filtered out using Scrublet (https://github.com/AllonKleinLab/scrublet). Scrublet was run on each sample separately with the following parameter settings: expected_doublet_rate=0.06, min_counts=2, min_cells=3, min_gene_variability_pctl=85, n_prin_comps=30. The doublet score threshold was adjusted manually. We constructed a Seurat object using the unfiltered feature-barcode matrix for each sample. Each sample was scaled and normalized using Seurat<U+2019>s <U+2018>SCTransform<U+2019> function to correct for batch effects (with parameters: vars.to.regress = c("nCount_RNA", "percent.mito"), variable.features n = 2000). Any merged analysis or subsequent subsetting of cells/samples underwent the same scaling and normalization method. Cells were clustered using the original Louvain algorithm and top 30 PCA dimensions via <U+2018>FindNeighbors<U+2019> and <U+2018>FindClusters<U+2019> (with parameters: resolution = 0.5) functions. The resulting merged and normalized matrix was used for the subsequent analysis. Each sample was scaled and normalized using Seurat<U+2019>s <U+2018>SCTransform<U+2019> function to correct for batch effects (with parameters: vars.to.regress = c("nCount_RNA", "percent.mito"), variable.features.n = 3000). We then merged all samples and repeated the same scaling and normalization method. All cells in the merged Seurat object were then clustered using the original Louvain algorithm (Blondel et al., 2008) and top 30 PCA dimensions via <U+2018>FindNeighbors<U+2019> and <U+2018>FindClusters<U+2019> (with parameters: resolution = 0.5) functions. The resulting merged and normalized matrix was used for the subsequent analysis.	Other	https://www.biorxiv.org/content/10.1101/2023.10.31.565031v1	Release 5.0	Details	
scsnRNA-Seq_level_4_BRCA23/TWCE-HT036B1-Bn1.rds	HTAN WUSTL		HTA12_234_2	scRNA-seq	Level 4	Upper-inner quadrant of breast		Infiltrating duct carcinoma NOS	Synapse	syn53214949	HTA12	RData	HTA12_234_4000	HTA12_234_3000;HTA12_234_3001;HTA12_234_3002		CellRanger	For each sample, we obtained the unfiltered feature-barcode matrix per sample by passing the demultiplexed FASTQs to Cell Ranger v6.0.2 <U+2018>count<U+2019> command using default parameters and the prebuilt GRCh38 genome reference (refdata-gex-GRCh38-2020-A; GRCh38 and Ensembl 93). Seurat v4.1.0  was used for all subsequent analysis. First, a series of quality filters were applied to the data to remove those barcodes which fell into any one of these categories recommended by Seurat: too few total transcript counts (<300); possible debris with too few genes expressed (<200) and too few UMIs (<1,000); possible more than one cell with too many genes expressed (>10,000) and too many UMIs (>10,000); possible dead cell or a sign of cellular stress and apoptosis with too high proportion of mitochondrial gene expression over the total transcript counts (>10%). Doublets were filtered out using Scrublet (https://github.com/AllonKleinLab/scrublet). Scrublet was run on each sample separately with the following parameter settings: expected_doublet_rate=0.06, min_counts=2, min_cells=3, min_gene_variability_pctl=85, n_prin_comps=30. The doublet score threshold was adjusted manually. We constructed a Seurat object using the unfiltered feature-barcode matrix for each sample. Each sample was scaled and normalized using Seurat<U+2019>s <U+2018>SCTransform<U+2019> function to correct for batch effects (with parameters: vars.to.regress = c("nCount_RNA", "percent.mito"), variable.features n = 2000). Any merged analysis or subsequent subsetting of cells/samples underwent the same scaling and normalization method. Cells were clustered using the original Louvain algorithm and top 30 PCA dimensions via <U+2018>FindNeighbors<U+2019> and <U+2018>FindClusters<U+2019> (with parameters: resolution = 0.5) functions. The resulting merged and normalized matrix was used for the subsequent analysis. Each sample was scaled and normalized using Seurat<U+2019>s <U+2018>SCTransform<U+2019> function to correct for batch effects (with parameters: vars.to.regress = c("nCount_RNA", "percent.mito"), variable.features.n = 3000). We then merged all samples and repeated the same scaling and normalization method. All cells in the merged Seurat object were then clustered using the original Louvain algorithm (Blondel et al., 2008) and top 30 PCA dimensions via <U+2018>FindNeighbors<U+2019> and <U+2018>FindClusters<U+2019> (with parameters: resolution = 0.5) functions. The resulting merged and normalized matrix was used for the subsequent analysis.	Other	https://www.biorxiv.org/content/10.1101/2023.10.31.565031v1	Release 5.0	Details	
scsnRNA-Seq_level_4_BRCA23/HT305B1.rds	HTAN WUSTL		HTA12_145_1	scRNA-seq	Level 4	Breast NOS		Ductal carcinoma NOS	Synapse	syn53214950	HTA12	RData	HTA12_145_4000	HTA12_145_3021;HTA12_145_3022;HTA12_145_3023		CellRanger	For each sample, we obtained the unfiltered feature-barcode matrix per sample by passing the demultiplexed FASTQs to Cell Ranger v6.0.2 <U+2018>count<U+2019> command using default parameters and the prebuilt GRCh38 genome reference (refdata-gex-GRCh38-2020-A; GRCh38 and Ensembl 93). Seurat v4.1.0  was used for all subsequent analysis. First, a series of quality filters were applied to the data to remove those barcodes which fell into any one of these categories recommended by Seurat: too few total transcript counts (<300); possible debris with too few genes expressed (<200) and too few UMIs (<1,000); possible more than one cell with too many genes expressed (>10,000) and too many UMIs (>10,000); possible dead cell or a sign of cellular stress and apoptosis with too high proportion of mitochondrial gene expression over the total transcript counts (>10%). Doublets were filtered out using Scrublet (https://github.com/AllonKleinLab/scrublet). Scrublet was run on each sample separately with the following parameter settings: expected_doublet_rate=0.06, min_counts=2, min_cells=3, min_gene_variability_pctl=85, n_prin_comps=30. The doublet score threshold was adjusted manually. We constructed a Seurat object using the unfiltered feature-barcode matrix for each sample. Each sample was scaled and normalized using Seurat<U+2019>s <U+2018>SCTransform<U+2019> function to correct for batch effects (with parameters: vars.to.regress = c("nCount_RNA", "percent.mito"), variable.features n = 2000). Any merged analysis or subsequent subsetting of cells/samples underwent the same scaling and normalization method. Cells were clustered using the original Louvain algorithm and top 30 PCA dimensions via <U+2018>FindNeighbors<U+2019> and <U+2018>FindClusters<U+2019> (with parameters: resolution = 0.5) functions. The resulting merged and normalized matrix was used for the subsequent analysis. Each sample was scaled and normalized using Seurat<U+2019>s <U+2018>SCTransform<U+2019> function to correct for batch effects (with parameters: vars.to.regress = c("nCount_RNA", "percent.mito"), variable.features.n = 3000). We then merged all samples and repeated the same scaling and normalization method. All cells in the merged Seurat object were then clustered using the original Louvain algorithm (Blondel et al., 2008) and top 30 PCA dimensions via <U+2018>FindNeighbors<U+2019> and <U+2018>FindClusters<U+2019> (with parameters: resolution = 0.5) functions. The resulting merged and normalized matrix was used for the subsequent analysis.	Other	https://www.biorxiv.org/content/10.1101/2023.10.31.565031v1	Release 5.0	Details	
scsnRNA-Seq_level_4_BRCA23/TWCE-HT062B1-S1R1A1Z1B1.rds	HTAN WUSTL		HTA12_235_3	scRNA-seq	Level 4	Breast NOS	Chemotherapy	Infiltrating duct carcinoma NOS	Synapse	syn53214951	HTA12	RData	HTA12_235_4002	HTA12_235_3006;HTA12_235_3007;HTA12_235_3008		CellRanger	For each sample, we obtained the unfiltered feature-barcode matrix per sample by passing the demultiplexed FASTQs to Cell Ranger v6.0.2 <U+2018>count<U+2019> command using default parameters and the prebuilt GRCh38 genome reference (refdata-gex-GRCh38-2020-A; GRCh38 and Ensembl 93). Seurat v4.1.0  was used for all subsequent analysis. First, a series of quality filters were applied to the data to remove those barcodes which fell into any one of these categories recommended by Seurat: too few total transcript counts (<300); possible debris with too few genes expressed (<200) and too few UMIs (<1,000); possible more than one cell with too many genes expressed (>10,000) and too many UMIs (>10,000); possible dead cell or a sign of cellular stress and apoptosis with too high proportion of mitochondrial gene expression over the total transcript counts (>10%). Doublets were filtered out using Scrublet (https://github.com/AllonKleinLab/scrublet). Scrublet was run on each sample separately with the following parameter settings: expected_doublet_rate=0.06, min_counts=2, min_cells=3, min_gene_variability_pctl=85, n_prin_comps=30. The doublet score threshold was adjusted manually. We constructed a Seurat object using the unfiltered feature-barcode matrix for each sample. Each sample was scaled and normalized using Seurat<U+2019>s <U+2018>SCTransform<U+2019> function to correct for batch effects (with parameters: vars.to.regress = c("nCount_RNA", "percent.mito"), variable.features n = 2000). Any merged analysis or subsequent subsetting of cells/samples underwent the same scaling and normalization method. Cells were clustered using the original Louvain algorithm and top 30 PCA dimensions via <U+2018>FindNeighbors<U+2019> and <U+2018>FindClusters<U+2019> (with parameters: resolution = 0.5) functions. The resulting merged and normalized matrix was used for the subsequent analysis. Each sample was scaled and normalized using Seurat<U+2019>s <U+2018>SCTransform<U+2019> function to correct for batch effects (with parameters: vars.to.regress = c("nCount_RNA", "percent.mito"), variable.features.n = 3000). We then merged all samples and repeated the same scaling and normalization method. All cells in the merged Seurat object were then clustered using the original Louvain algorithm (Blondel et al., 2008) and top 30 PCA dimensions via <U+2018>FindNeighbors<U+2019> and <U+2018>FindClusters<U+2019> (with parameters: resolution = 0.5) functions. The resulting merged and normalized matrix was used for the subsequent analysis.	Other	https://www.biorxiv.org/content/10.1101/2023.10.31.565031v1	Release 5.0	Details	
scsnRNA-Seq_level_4_BRCA23/HT206B1-XBN1-1.rds	HTAN WUSTL		HTA12_129_1	scRNA-seq	Level 4	Breast NOS	Chemotherapy	Ductal carcinoma NOS	Synapse	syn53214954	HTA12	RData	HTA12_129_4000	HTA12_129_3000;HTA12_129_3001;HTA12_129_3002		CellRanger	For each sample, we obtained the unfiltered feature-barcode matrix per sample by passing the demultiplexed FASTQs to Cell Ranger v6.0.2 <U+2018>count<U+2019> command using default parameters and the prebuilt GRCh38 genome reference (refdata-gex-GRCh38-2020-A; GRCh38 and Ensembl 93). Seurat v4.1.0  was used for all subsequent analysis. First, a series of quality filters were applied to the data to remove those barcodes which fell into any one of these categories recommended by Seurat: too few total transcript counts (<300); possible debris with too few genes expressed (<200) and too few UMIs (<1,000); possible more than one cell with too many genes expressed (>10,000) and too many UMIs (>10,000); possible dead cell or a sign of cellular stress and apoptosis with too high proportion of mitochondrial gene expression over the total transcript counts (>10%). Doublets were filtered out using Scrublet (https://github.com/AllonKleinLab/scrublet). Scrublet was run on each sample separately with the following parameter settings: expected_doublet_rate=0.06, min_counts=2, min_cells=3, min_gene_variability_pctl=85, n_prin_comps=30. The doublet score threshold was adjusted manually. We constructed a Seurat object using the unfiltered feature-barcode matrix for each sample. Each sample was scaled and normalized using Seurat<U+2019>s <U+2018>SCTransform<U+2019> function to correct for batch effects (with parameters: vars.to.regress = c("nCount_RNA", "percent.mito"), variable.features n = 2000). Any merged analysis or subsequent subsetting of cells/samples underwent the same scaling and normalization method. Cells were clustered using the original Louvain algorithm and top 30 PCA dimensions via <U+2018>FindNeighbors<U+2019> and <U+2018>FindClusters<U+2019> (with parameters: resolution = 0.5) functions. The resulting merged and normalized matrix was used for the subsequent analysis. Each sample was scaled and normalized using Seurat<U+2019>s <U+2018>SCTransform<U+2019> function to correct for batch effects (with parameters: vars.to.regress = c("nCount_RNA", "percent.mito"), variable.features.n = 3000). We then merged all samples and repeated the same scaling and normalization method. All cells in the merged Seurat object were then clustered using the original Louvain algorithm (Blondel et al., 2008) and top 30 PCA dimensions via <U+2018>FindNeighbors<U+2019> and <U+2018>FindClusters<U+2019> (with parameters: resolution = 0.5) functions. The resulting merged and normalized matrix was used for the subsequent analysis.	Other	https://www.biorxiv.org/content/10.1101/2023.10.31.565031v1	Release 5.0	Details	
scsnRNA-Seq_level_4_BRCA23/TWCE-HT065B1-S1H7A2A1Z1B1.rds	HTAN WUSTL		HTA12_236_3	scRNA-seq	Level 4	Upper-outer quadrant of breast		Infiltrating duct carcinoma NOS	Synapse	syn53214955	HTA12	RData	HTA12_236_4001	HTA12_236_3006;HTA12_236_3007;HTA12_236_3008		CellRanger	For each sample, we obtained the unfiltered feature-barcode matrix per sample by passing the demultiplexed FASTQs to Cell Ranger v6.0.2 <U+2018>count<U+2019> command using default parameters and the prebuilt GRCh38 genome reference (refdata-gex-GRCh38-2020-A; GRCh38 and Ensembl 93). Seurat v4.1.0  was used for all subsequent analysis. First, a series of quality filters were applied to the data to remove those barcodes which fell into any one of these categories recommended by Seurat: too few total transcript counts (<300); possible debris with too few genes expressed (<200) and too few UMIs (<1,000); possible more than one cell with too many genes expressed (>10,000) and too many UMIs (>10,000); possible dead cell or a sign of cellular stress and apoptosis with too high proportion of mitochondrial gene expression over the total transcript counts (>10%). Doublets were filtered out using Scrublet (https://github.com/AllonKleinLab/scrublet). Scrublet was run on each sample separately with the following parameter settings: expected_doublet_rate=0.06, min_counts=2, min_cells=3, min_gene_variability_pctl=85, n_prin_comps=30. The doublet score threshold was adjusted manually. We constructed a Seurat object using the unfiltered feature-barcode matrix for each sample. Each sample was scaled and normalized using Seurat<U+2019>s <U+2018>SCTransform<U+2019> function to correct for batch effects (with parameters: vars.to.regress = c("nCount_RNA", "percent.mito"), variable.features n = 2000). Any merged analysis or subsequent subsetting of cells/samples underwent the same scaling and normalization method. Cells were clustered using the original Louvain algorithm and top 30 PCA dimensions via <U+2018>FindNeighbors<U+2019> and <U+2018>FindClusters<U+2019> (with parameters: resolution = 0.5) functions. The resulting merged and normalized matrix was used for the subsequent analysis. Each sample was scaled and normalized using Seurat<U+2019>s <U+2018>SCTransform<U+2019> function to correct for batch effects (with parameters: vars.to.regress = c("nCount_RNA", "percent.mito"), variable.features.n = 3000). We then merged all samples and repeated the same scaling and normalization method. All cells in the merged Seurat object were then clustered using the original Louvain algorithm (Blondel et al., 2008) and top 30 PCA dimensions via <U+2018>FindNeighbors<U+2019> and <U+2018>FindClusters<U+2019> (with parameters: resolution = 0.5) functions. The resulting merged and normalized matrix was used for the subsequent analysis.	Other	https://www.biorxiv.org/content/10.1101/2023.10.31.565031v1	Release 5.0	Details	
snscRNA-Seq_level_4_atac_tumor/HT029B1-S1PC.rds	HTAN WUSTL		HTA12_118_1	scRNA-seq	Level 4	Breast NOS		Ductal carcinoma NOS	Synapse	syn53214956	HTA12	RData	HTA12_118_4005	HTA12_118_3000,HTA12_118_3002,HTA12_118_3001		Other	The filtered gene-count matrix was scaled and normalized for sequencing depth using Seurat<U+2019>s <U+2018>SCTransform<U+2019> function (with the parameters: vars.to.regress = c(<U+201C>nCount_RNA<U+201D>, <U+201C>percent.mito<U+201D>), return.only.var.genes = F, and all others set to default). From this, the principal components were calculated using the Seurat RunPCA function.	Other	https://doi.org/10.1038/s41586-023-06682-5	Release 5.0	Details	
scsnRNA-Seq_level_4_BRCA23/TWCE-HT065B1-XB1_snRNA.rds	HTAN WUSTL		HTA12_236_1	scRNA-seq	Level 4	Upper-outer quadrant of breast		Infiltrating duct carcinoma NOS	Synapse	syn53214957	HTA12	RData	HTA12_236_4002	HTA12_236_3003;HTA12_236_3004;HTA12_236_3005		CellRanger	For each sample, we obtained the unfiltered feature-barcode matrix per sample by passing the demultiplexed FASTQs to Cell Ranger v6.0.2 <U+2018>count<U+2019> command using default parameters and the prebuilt GRCh38 genome reference (refdata-gex-GRCh38-2020-A; GRCh38 and Ensembl 93). Seurat v4.1.0  was used for all subsequent analysis. First, a series of quality filters were applied to the data to remove those barcodes which fell into any one of these categories recommended by Seurat: too few total transcript counts (<300); possible debris with too few genes expressed (<200) and too few UMIs (<1,000); possible more than one cell with too many genes expressed (>10,000) and too many UMIs (>10,000); possible dead cell or a sign of cellular stress and apoptosis with too high proportion of mitochondrial gene expression over the total transcript counts (>10%). Doublets were filtered out using Scrublet (https://github.com/AllonKleinLab/scrublet). Scrublet was run on each sample separately with the following parameter settings: expected_doublet_rate=0.06, min_counts=2, min_cells=3, min_gene_variability_pctl=85, n_prin_comps=30. The doublet score threshold was adjusted manually. We constructed a Seurat object using the unfiltered feature-barcode matrix for each sample. Each sample was scaled and normalized using Seurat<U+2019>s <U+2018>SCTransform<U+2019> function to correct for batch effects (with parameters: vars.to.regress = c("nCount_RNA", "percent.mito"), variable.features n = 2000). Any merged analysis or subsequent subsetting of cells/samples underwent the same scaling and normalization method. Cells were clustered using the original Louvain algorithm and top 30 PCA dimensions via <U+2018>FindNeighbors<U+2019> and <U+2018>FindClusters<U+2019> (with parameters: resolution = 0.5) functions. The resulting merged and normalized matrix was used for the subsequent analysis. Each sample was scaled and normalized using Seurat<U+2019>s <U+2018>SCTransform<U+2019> function to correct for batch effects (with parameters: vars.to.regress = c("nCount_RNA", "percent.mito"), variable.features.n = 3000). We then merged all samples and repeated the same scaling and normalization method. All cells in the merged Seurat object were then clustered using the original Louvain algorithm (Blondel et al., 2008) and top 30 PCA dimensions via <U+2018>FindNeighbors<U+2019> and <U+2018>FindClusters<U+2019> (with parameters: resolution = 0.5) functions. The resulting merged and normalized matrix was used for the subsequent analysis.	Other	https://www.biorxiv.org/content/10.1101/2023.10.31.565031v1	Release 5.0	Details	
scsnRNA-Seq_level_4_BRCA23/HT035B-XBn1-1.rds	HTAN WUSTL		HTA12_119_1	scRNA-seq	Level 4	Breast NOS		Ductal carcinoma NOS	Synapse	syn53214958	HTA12	RData	HTA12_119_4000	HTA12_119_3000;HTA12_119_3001;HTA12_119_3002		CellRanger	For each sample, we obtained the unfiltered feature-barcode matrix per sample by passing the demultiplexed FASTQs to Cell Ranger v6.0.2 <U+2018>count<U+2019> command using default parameters and the prebuilt GRCh38 genome reference (refdata-gex-GRCh38-2020-A; GRCh38 and Ensembl 93). Seurat v4.1.0  was used for all subsequent analysis. First, a series of quality filters were applied to the data to remove those barcodes which fell into any one of these categories recommended by Seurat: too few total transcript counts (<300); possible debris with too few genes expressed (<200) and too few UMIs (<1,000); possible more than one cell with too many genes expressed (>10,000) and too many UMIs (>10,000); possible dead cell or a sign of cellular stress and apoptosis with too high proportion of mitochondrial gene expression over the total transcript counts (>10%). Doublets were filtered out using Scrublet (https://github.com/AllonKleinLab/scrublet). Scrublet was run on each sample separately with the following parameter settings: expected_doublet_rate=0.06, min_counts=2, min_cells=3, min_gene_variability_pctl=85, n_prin_comps=30. The doublet score threshold was adjusted manually. We constructed a Seurat object using the unfiltered feature-barcode matrix for each sample. Each sample was scaled and normalized using Seurat<U+2019>s <U+2018>SCTransform<U+2019> function to correct for batch effects (with parameters: vars.to.regress = c("nCount_RNA", "percent.mito"), variable.features n = 2000). Any merged analysis or subsequent subsetting of cells/samples underwent the same scaling and normalization method. Cells were clustered using the original Louvain algorithm and top 30 PCA dimensions via <U+2018>FindNeighbors<U+2019> and <U+2018>FindClusters<U+2019> (with parameters: resolution = 0.5) functions. The resulting merged and normalized matrix was used for the subsequent analysis. Each sample was scaled and normalized using Seurat<U+2019>s <U+2018>SCTransform<U+2019> function to correct for batch effects (with parameters: vars.to.regress = c("nCount_RNA", "percent.mito"), variable.features.n = 3000). We then merged all samples and repeated the same scaling and normalization method. All cells in the merged Seurat object were then clustered using the original Louvain algorithm (Blondel et al., 2008) and top 30 PCA dimensions via <U+2018>FindNeighbors<U+2019> and <U+2018>FindClusters<U+2019> (with parameters: resolution = 0.5) functions. The resulting merged and normalized matrix was used for the subsequent analysis.	Other	https://www.biorxiv.org/content/10.1101/2023.10.31.565031v1	Release 5.0	Details	
scsnRNA-Seq_level_4_BRCA23/HT110B1-XBn1-1.rds	HTAN WUSTL		HTA12_243_6	scRNA-seq	Level 4	Upper-outer quadrant of breast		Lobular carcinoma NOS	Synapse	syn53214959	HTA12	RData	HTA12_243_4004	HTA12_243_3009;HTA12_243_3010;HTA12_243_3011		CellRanger	For each sample, we obtained the unfiltered feature-barcode matrix per sample by passing the demultiplexed FASTQs to Cell Ranger v6.0.2 <U+2018>count<U+2019> command using default parameters and the prebuilt GRCh38 genome reference (refdata-gex-GRCh38-2020-A; GRCh38 and Ensembl 93). Seurat v4.1.0  was used for all subsequent analysis. First, a series of quality filters were applied to the data to remove those barcodes which fell into any one of these categories recommended by Seurat: too few total transcript counts (<300); possible debris with too few genes expressed (<200) and too few UMIs (<1,000); possible more than one cell with too many genes expressed (>10,000) and too many UMIs (>10,000); possible dead cell or a sign of cellular stress and apoptosis with too high proportion of mitochondrial gene expression over the total transcript counts (>10%). Doublets were filtered out using Scrublet (https://github.com/AllonKleinLab/scrublet). Scrublet was run on each sample separately with the following parameter settings: expected_doublet_rate=0.06, min_counts=2, min_cells=3, min_gene_variability_pctl=85, n_prin_comps=30. The doublet score threshold was adjusted manually. We constructed a Seurat object using the unfiltered feature-barcode matrix for each sample. Each sample was scaled and normalized using Seurat<U+2019>s <U+2018>SCTransform<U+2019> function to correct for batch effects (with parameters: vars.to.regress = c("nCount_RNA", "percent.mito"), variable.features n = 2000). Any merged analysis or subsequent subsetting of cells/samples underwent the same scaling and normalization method. Cells were clustered using the original Louvain algorithm and top 30 PCA dimensions via <U+2018>FindNeighbors<U+2019> and <U+2018>FindClusters<U+2019> (with parameters: resolution = 0.5) functions. The resulting merged and normalized matrix was used for the subsequent analysis. Each sample was scaled and normalized using Seurat<U+2019>s <U+2018>SCTransform<U+2019> function to correct for batch effects (with parameters: vars.to.regress = c("nCount_RNA", "percent.mito"), variable.features.n = 3000). We then merged all samples and repeated the same scaling and normalization method. All cells in the merged Seurat object were then clustered using the original Louvain algorithm (Blondel et al., 2008) and top 30 PCA dimensions via <U+2018>FindNeighbors<U+2019> and <U+2018>FindClusters<U+2019> (with parameters: resolution = 0.5) functions. The resulting merged and normalized matrix was used for the subsequent analysis.	Other	https://www.biorxiv.org/content/10.1101/2023.10.31.565031v1	Release 5.0	Details	
scsnRNA-Seq_level_4_BRCA23/HT308B1.rds	HTAN WUSTL		HTA12_248_13	scRNA-seq	Level 4	Overlapping lesion of breast	Hormone therapy	Infiltrating duct carcinoma NOS	Synapse	syn53214971	HTA12	RData	HTA12_248_4000	HTA12_248_3001;HTA12_248_3002;HTA12_248_3003		CellRanger	For each sample, we obtained the unfiltered feature-barcode matrix per sample by passing the demultiplexed FASTQs to Cell Ranger v6.0.2 <U+2018>count<U+2019> command using default parameters and the prebuilt GRCh38 genome reference (refdata-gex-GRCh38-2020-A; GRCh38 and Ensembl 93). Seurat v4.1.0  was used for all subsequent analysis. First, a series of quality filters were applied to the data to remove those barcodes which fell into any one of these categories recommended by Seurat: too few total transcript counts (<300); possible debris with too few genes expressed (<200) and too few UMIs (<1,000); possible more than one cell with too many genes expressed (>10,000) and too many UMIs (>10,000); possible dead cell or a sign of cellular stress and apoptosis with too high proportion of mitochondrial gene expression over the total transcript counts (>10%). Doublets were filtered out using Scrublet (https://github.com/AllonKleinLab/scrublet). Scrublet was run on each sample separately with the following parameter settings: expected_doublet_rate=0.06, min_counts=2, min_cells=3, min_gene_variability_pctl=85, n_prin_comps=30. The doublet score threshold was adjusted manually. We constructed a Seurat object using the unfiltered feature-barcode matrix for each sample. Each sample was scaled and normalized using Seurat<U+2019>s <U+2018>SCTransform<U+2019> function to correct for batch effects (with parameters: vars.to.regress = c("nCount_RNA", "percent.mito"), variable.features n = 2000). Any merged analysis or subsequent subsetting of cells/samples underwent the same scaling and normalization method. Cells were clustered using the original Louvain algorithm and top 30 PCA dimensions via <U+2018>FindNeighbors<U+2019> and <U+2018>FindClusters<U+2019> (with parameters: resolution = 0.5) functions. The resulting merged and normalized matrix was used for the subsequent analysis. Each sample was scaled and normalized using Seurat<U+2019>s <U+2018>SCTransform<U+2019> function to correct for batch effects (with parameters: vars.to.regress = c("nCount_RNA", "percent.mito"), variable.features.n = 3000). We then merged all samples and repeated the same scaling and normalization method. All cells in the merged Seurat object were then clustered using the original Louvain algorithm (Blondel et al., 2008) and top 30 PCA dimensions via <U+2018>FindNeighbors<U+2019> and <U+2018>FindClusters<U+2019> (with parameters: resolution = 0.5) functions. The resulting merged and normalized matrix was used for the subsequent analysis.	Other	https://www.biorxiv.org/content/10.1101/2023.10.31.565031v1	Release 5.0	Details	
scsnRNA-Seq_level_4_BRCA23/HT271B1.rds	HTAN WUSTL		HTA12_142_1	scRNA-seq	Level 4	Breast NOS	Chemotherapy	Ductal carcinoma NOS	Synapse	syn53214973	HTA12	RData	HTA12_142_4000	HTA12_142_3021;HTA12_142_3022;HTA12_142_3023		CellRanger	For each sample, we obtained the unfiltered feature-barcode matrix per sample by passing the demultiplexed FASTQs to Cell Ranger v6.0.2 <U+2018>count<U+2019> command using default parameters and the prebuilt GRCh38 genome reference (refdata-gex-GRCh38-2020-A; GRCh38 and Ensembl 93). Seurat v4.1.0  was used for all subsequent analysis. First, a series of quality filters were applied to the data to remove those barcodes which fell into any one of these categories recommended by Seurat: too few total transcript counts (<300); possible debris with too few genes expressed (<200) and too few UMIs (<1,000); possible more than one cell with too many genes expressed (>10,000) and too many UMIs (>10,000); possible dead cell or a sign of cellular stress and apoptosis with too high proportion of mitochondrial gene expression over the total transcript counts (>10%). Doublets were filtered out using Scrublet (https://github.com/AllonKleinLab/scrublet). Scrublet was run on each sample separately with the following parameter settings: expected_doublet_rate=0.06, min_counts=2, min_cells=3, min_gene_variability_pctl=85, n_prin_comps=30. The doublet score threshold was adjusted manually. We constructed a Seurat object using the unfiltered feature-barcode matrix for each sample. Each sample was scaled and normalized using Seurat<U+2019>s <U+2018>SCTransform<U+2019> function to correct for batch effects (with parameters: vars.to.regress = c("nCount_RNA", "percent.mito"), variable.features n = 2000). Any merged analysis or subsequent subsetting of cells/samples underwent the same scaling and normalization method. Cells were clustered using the original Louvain algorithm and top 30 PCA dimensions via <U+2018>FindNeighbors<U+2019> and <U+2018>FindClusters<U+2019> (with parameters: resolution = 0.5) functions. The resulting merged and normalized matrix was used for the subsequent analysis. Each sample was scaled and normalized using Seurat<U+2019>s <U+2018>SCTransform<U+2019> function to correct for batch effects (with parameters: vars.to.regress = c("nCount_RNA", "percent.mito"), variable.features.n = 3000). We then merged all samples and repeated the same scaling and normalization method. All cells in the merged Seurat object were then clustered using the original Louvain algorithm (Blondel et al., 2008) and top 30 PCA dimensions via <U+2018>FindNeighbors<U+2019> and <U+2018>FindClusters<U+2019> (with parameters: resolution = 0.5) functions. The resulting merged and normalized matrix was used for the subsequent analysis.	Other	https://www.biorxiv.org/content/10.1101/2023.10.31.565031v1	Release 5.0	Details	
scsnRNA-Seq_level_4_BRCA23/TWCE-HT163B1-BC3.rds	HTAN WUSTL		HTA12_127_1	scRNA-seq	Level 4	Breast NOS		Ductal carcinoma NOS	Synapse	syn53214980	HTA12	RData	HTA12_127_4001	HTA12_127_3006;HTA12_127_3007;HTA12_127_3008		CellRanger	For each sample, we obtained the unfiltered feature-barcode matrix per sample by passing the demultiplexed FASTQs to Cell Ranger v6.0.2 <U+2018>count<U+2019> command using default parameters and the prebuilt GRCh38 genome reference (refdata-gex-GRCh38-2020-A; GRCh38 and Ensembl 93). Seurat v4.1.0  was used for all subsequent analysis. First, a series of quality filters were applied to the data to remove those barcodes which fell into any one of these categories recommended by Seurat: too few total transcript counts (<300); possible debris with too few genes expressed (<200) and too few UMIs (<1,000); possible more than one cell with too many genes expressed (>10,000) and too many UMIs (>10,000); possible dead cell or a sign of cellular stress and apoptosis with too high proportion of mitochondrial gene expression over the total transcript counts (>10%). Doublets were filtered out using Scrublet (https://github.com/AllonKleinLab/scrublet). Scrublet was run on each sample separately with the following parameter settings: expected_doublet_rate=0.06, min_counts=2, min_cells=3, min_gene_variability_pctl=85, n_prin_comps=30. The doublet score threshold was adjusted manually. We constructed a Seurat object using the unfiltered feature-barcode matrix for each sample. Each sample was scaled and normalized using Seurat<U+2019>s <U+2018>SCTransform<U+2019> function to correct for batch effects (with parameters: vars.to.regress = c("nCount_RNA", "percent.mito"), variable.features n = 2000). Any merged analysis or subsequent subsetting of cells/samples underwent the same scaling and normalization method. Cells were clustered using the original Louvain algorithm and top 30 PCA dimensions via <U+2018>FindNeighbors<U+2019> and <U+2018>FindClusters<U+2019> (with parameters: resolution = 0.5) functions. The resulting merged and normalized matrix was used for the subsequent analysis. Each sample was scaled and normalized using Seurat<U+2019>s <U+2018>SCTransform<U+2019> function to correct for batch effects (with parameters: vars.to.regress = c("nCount_RNA", "percent.mito"), variable.features.n = 3000). We then merged all samples and repeated the same scaling and normalization method. All cells in the merged Seurat object were then clustered using the original Louvain algorithm (Blondel et al., 2008) and top 30 PCA dimensions via <U+2018>FindNeighbors<U+2019> and <U+2018>FindClusters<U+2019> (with parameters: resolution = 0.5) functions. The resulting merged and normalized matrix was used for the subsequent analysis.	Other	https://www.biorxiv.org/content/10.1101/2023.10.31.565031v1	Release 5.0	Details	
scsnRNA-Seq_level_4_BRCA23/TWCE-HT027B1-S1R1A4G1-lib1.rds	HTAN WUSTL		HTA12_233_2	scRNA-seq	Level 4	Upper-inner quadrant of breast		Lobular and ductal carcinoma	Synapse	syn53214991	HTA12	RData	HTA12_233_4000	HTA12_233_3000;HTA12_233_3001;HTA12_233_3002		CellRanger	For each sample, we obtained the unfiltered feature-barcode matrix per sample by passing the demultiplexed FASTQs to Cell Ranger v6.0.2 <U+2018>count<U+2019> command using default parameters and the prebuilt GRCh38 genome reference (refdata-gex-GRCh38-2020-A; GRCh38 and Ensembl 93). Seurat v4.1.0  was used for all subsequent analysis. First, a series of quality filters were applied to the data to remove those barcodes which fell into any one of these categories recommended by Seurat: too few total transcript counts (<300); possible debris with too few genes expressed (<200) and too few UMIs (<1,000); possible more than one cell with too many genes expressed (>10,000) and too many UMIs (>10,000); possible dead cell or a sign of cellular stress and apoptosis with too high proportion of mitochondrial gene expression over the total transcript counts (>10%). Doublets were filtered out using Scrublet (https://github.com/AllonKleinLab/scrublet). Scrublet was run on each sample separately with the following parameter settings: expected_doublet_rate=0.06, min_counts=2, min_cells=3, min_gene_variability_pctl=85, n_prin_comps=30. The doublet score threshold was adjusted manually. We constructed a Seurat object using the unfiltered feature-barcode matrix for each sample. Each sample was scaled and normalized using Seurat<U+2019>s <U+2018>SCTransform<U+2019> function to correct for batch effects (with parameters: vars.to.regress = c("nCount_RNA", "percent.mito"), variable.features n = 2000). Any merged analysis or subsequent subsetting of cells/samples underwent the same scaling and normalization method. Cells were clustered using the original Louvain algorithm and top 30 PCA dimensions via <U+2018>FindNeighbors<U+2019> and <U+2018>FindClusters<U+2019> (with parameters: resolution = 0.5) functions. The resulting merged and normalized matrix was used for the subsequent analysis. Each sample was scaled and normalized using Seurat<U+2019>s <U+2018>SCTransform<U+2019> function to correct for batch effects (with parameters: vars.to.regress = c("nCount_RNA", "percent.mito"), variable.features.n = 3000). We then merged all samples and repeated the same scaling and normalization method. All cells in the merged Seurat object were then clustered using the original Louvain algorithm (Blondel et al., 2008) and top 30 PCA dimensions via <U+2018>FindNeighbors<U+2019> and <U+2018>FindClusters<U+2019> (with parameters: resolution = 0.5) functions. The resulting merged and normalized matrix was used for the subsequent analysis.	Other	https://www.biorxiv.org/content/10.1101/2023.10.31.565031v1	Release 5.0	Details	
scsnRNA-Seq_level_4_BRCA23/TWCE-HT163B1-BC1.rds	HTAN WUSTL		HTA12_127_3	scRNA-seq	Level 4	Breast NOS		Ductal carcinoma NOS	Synapse	syn53214992	HTA12	RData	HTA12_127_4000	HTA12_127_3003;HTA12_127_3004;HTA12_127_3005		CellRanger	For each sample, we obtained the unfiltered feature-barcode matrix per sample by passing the demultiplexed FASTQs to Cell Ranger v6.0.2 <U+2018>count<U+2019> command using default parameters and the prebuilt GRCh38 genome reference (refdata-gex-GRCh38-2020-A; GRCh38 and Ensembl 93). Seurat v4.1.0  was used for all subsequent analysis. First, a series of quality filters were applied to the data to remove those barcodes which fell into any one of these categories recommended by Seurat: too few total transcript counts (<300); possible debris with too few genes expressed (<200) and too few UMIs (<1,000); possible more than one cell with too many genes expressed (>10,000) and too many UMIs (>10,000); possible dead cell or a sign of cellular stress and apoptosis with too high proportion of mitochondrial gene expression over the total transcript counts (>10%). Doublets were filtered out using Scrublet (https://github.com/AllonKleinLab/scrublet). Scrublet was run on each sample separately with the following parameter settings: expected_doublet_rate=0.06, min_counts=2, min_cells=3, min_gene_variability_pctl=85, n_prin_comps=30. The doublet score threshold was adjusted manually. We constructed a Seurat object using the unfiltered feature-barcode matrix for each sample. Each sample was scaled and normalized using Seurat<U+2019>s <U+2018>SCTransform<U+2019> function to correct for batch effects (with parameters: vars.to.regress = c("nCount_RNA", "percent.mito"), variable.features n = 2000). Any merged analysis or subsequent subsetting of cells/samples underwent the same scaling and normalization method. Cells were clustered using the original Louvain algorithm and top 30 PCA dimensions via <U+2018>FindNeighbors<U+2019> and <U+2018>FindClusters<U+2019> (with parameters: resolution = 0.5) functions. The resulting merged and normalized matrix was used for the subsequent analysis. Each sample was scaled and normalized using Seurat<U+2019>s <U+2018>SCTransform<U+2019> function to correct for batch effects (with parameters: vars.to.regress = c("nCount_RNA", "percent.mito"), variable.features.n = 3000). We then merged all samples and repeated the same scaling and normalization method. All cells in the merged Seurat object were then clustered using the original Louvain algorithm (Blondel et al., 2008) and top 30 PCA dimensions via <U+2018>FindNeighbors<U+2019> and <U+2018>FindClusters<U+2019> (with parameters: resolution = 0.5) functions. The resulting merged and normalized matrix was used for the subsequent analysis.	Other	https://www.biorxiv.org/content/10.1101/2023.10.31.565031v1	Release 5.0	Details	
scsnRNA-Seq_level_4_BRCA23/TWCE-HT077B1-XB3.rds	HTAN WUSTL		HTA12_239_4	scRNA-seq	Level 4	Upper-outer quadrant of breast		Infiltrating duct carcinoma NOS	Synapse	syn53215006	HTA12	RData	HTA12_239_4002	HTA12_239_3006;HTA12_239_3007;HTA12_239_3008		CellRanger	For each sample, we obtained the unfiltered feature-barcode matrix per sample by passing the demultiplexed FASTQs to Cell Ranger v6.0.2 <U+2018>count<U+2019> command using default parameters and the prebuilt GRCh38 genome reference (refdata-gex-GRCh38-2020-A; GRCh38 and Ensembl 93). Seurat v4.1.0  was used for all subsequent analysis. First, a series of quality filters were applied to the data to remove those barcodes which fell into any one of these categories recommended by Seurat: too few total transcript counts (<300); possible debris with too few genes expressed (<200) and too few UMIs (<1,000); possible more than one cell with too many genes expressed (>10,000) and too many UMIs (>10,000); possible dead cell or a sign of cellular stress and apoptosis with too high proportion of mitochondrial gene expression over the total transcript counts (>10%). Doublets were filtered out using Scrublet (https://github.com/AllonKleinLab/scrublet). Scrublet was run on each sample separately with the following parameter settings: expected_doublet_rate=0.06, min_counts=2, min_cells=3, min_gene_variability_pctl=85, n_prin_comps=30. The doublet score threshold was adjusted manually. We constructed a Seurat object using the unfiltered feature-barcode matrix for each sample. Each sample was scaled and normalized using Seurat<U+2019>s <U+2018>SCTransform<U+2019> function to correct for batch effects (with parameters: vars.to.regress = c("nCount_RNA", "percent.mito"), variable.features n = 2000). Any merged analysis or subsequent subsetting of cells/samples underwent the same scaling and normalization method. Cells were clustered using the original Louvain algorithm and top 30 PCA dimensions via <U+2018>FindNeighbors<U+2019> and <U+2018>FindClusters<U+2019> (with parameters: resolution = 0.5) functions. The resulting merged and normalized matrix was used for the subsequent analysis. Each sample was scaled and normalized using Seurat<U+2019>s <U+2018>SCTransform<U+2019> function to correct for batch effects (with parameters: vars.to.regress = c("nCount_RNA", "percent.mito"), variable.features.n = 3000). We then merged all samples and repeated the same scaling and normalization method. All cells in the merged Seurat object were then clustered using the original Louvain algorithm (Blondel et al., 2008) and top 30 PCA dimensions via <U+2018>FindNeighbors<U+2019> and <U+2018>FindClusters<U+2019> (with parameters: resolution = 0.5) functions. The resulting merged and normalized matrix was used for the subsequent analysis.	Other	https://www.biorxiv.org/content/10.1101/2023.10.31.565031v1	Release 5.0	Details	
scsnRNA-Seq_level_4_BRCA23/TWCE-HT171B1-BC2.rds	HTAN WUSTL		HTA12_245_7	scRNA-seq	Level 4	Upper-outer quadrant of breast	Hormone therapy	Infiltrating duct carcinoma NOS	Synapse	syn53215011	HTA12	RData	HTA12_245_4001	HTA12_245_3003;HTA12_245_3004;HTA12_245_3005		CellRanger	For each sample, we obtained the unfiltered feature-barcode matrix per sample by passing the demultiplexed FASTQs to Cell Ranger v6.0.2 <U+2018>count<U+2019> command using default parameters and the prebuilt GRCh38 genome reference (refdata-gex-GRCh38-2020-A; GRCh38 and Ensembl 93). Seurat v4.1.0  was used for all subsequent analysis. First, a series of quality filters were applied to the data to remove those barcodes which fell into any one of these categories recommended by Seurat: too few total transcript counts (<300); possible debris with too few genes expressed (<200) and too few UMIs (<1,000); possible more than one cell with too many genes expressed (>10,000) and too many UMIs (>10,000); possible dead cell or a sign of cellular stress and apoptosis with too high proportion of mitochondrial gene expression over the total transcript counts (>10%). Doublets were filtered out using Scrublet (https://github.com/AllonKleinLab/scrublet). Scrublet was run on each sample separately with the following parameter settings: expected_doublet_rate=0.06, min_counts=2, min_cells=3, min_gene_variability_pctl=85, n_prin_comps=30. The doublet score threshold was adjusted manually. We constructed a Seurat object using the unfiltered feature-barcode matrix for each sample. Each sample was scaled and normalized using Seurat<U+2019>s <U+2018>SCTransform<U+2019> function to correct for batch effects (with parameters: vars.to.regress = c("nCount_RNA", "percent.mito"), variable.features n = 2000). Any merged analysis or subsequent subsetting of cells/samples underwent the same scaling and normalization method. Cells were clustered using the original Louvain algorithm and top 30 PCA dimensions via <U+2018>FindNeighbors<U+2019> and <U+2018>FindClusters<U+2019> (with parameters: resolution = 0.5) functions. The resulting merged and normalized matrix was used for the subsequent analysis. Each sample was scaled and normalized using Seurat<U+2019>s <U+2018>SCTransform<U+2019> function to correct for batch effects (with parameters: vars.to.regress = c("nCount_RNA", "percent.mito"), variable.features.n = 3000). We then merged all samples and repeated the same scaling and normalization method. All cells in the merged Seurat object were then clustered using the original Louvain algorithm (Blondel et al., 2008) and top 30 PCA dimensions via <U+2018>FindNeighbors<U+2019> and <U+2018>FindClusters<U+2019> (with parameters: resolution = 0.5) functions. The resulting merged and normalized matrix was used for the subsequent analysis.	Other	https://www.biorxiv.org/content/10.1101/2023.10.31.565031v1	Release 5.0	Details	
scsnRNA-Seq_level_4_BRCA23/HT137B1-XBn1-1.rds	HTAN WUSTL		HTA12_124_1	scRNA-seq	Level 4	Breast NOS		Lobular carcinoma NOS	Synapse	syn53215012	HTA12	RData	HTA12_124_4000	HTA12_124_3000;HTA12_124_3001;HTA12_124_3002		CellRanger	For each sample, we obtained the unfiltered feature-barcode matrix per sample by passing the demultiplexed FASTQs to Cell Ranger v6.0.2 <U+2018>count<U+2019> command using default parameters and the prebuilt GRCh38 genome reference (refdata-gex-GRCh38-2020-A; GRCh38 and Ensembl 93). Seurat v4.1.0  was used for all subsequent analysis. First, a series of quality filters were applied to the data to remove those barcodes which fell into any one of these categories recommended by Seurat: too few total transcript counts (<300); possible debris with too few genes expressed (<200) and too few UMIs (<1,000); possible more than one cell with too many genes expressed (>10,000) and too many UMIs (>10,000); possible dead cell or a sign of cellular stress and apoptosis with too high proportion of mitochondrial gene expression over the total transcript counts (>10%). Doublets were filtered out using Scrublet (https://github.com/AllonKleinLab/scrublet). Scrublet was run on each sample separately with the following parameter settings: expected_doublet_rate=0.06, min_counts=2, min_cells=3, min_gene_variability_pctl=85, n_prin_comps=30. The doublet score threshold was adjusted manually. We constructed a Seurat object using the unfiltered feature-barcode matrix for each sample. Each sample was scaled and normalized using Seurat<U+2019>s <U+2018>SCTransform<U+2019> function to correct for batch effects (with parameters: vars.to.regress = c("nCount_RNA", "percent.mito"), variable.features n = 2000). Any merged analysis or subsequent subsetting of cells/samples underwent the same scaling and normalization method. Cells were clustered using the original Louvain algorithm and top 30 PCA dimensions via <U+2018>FindNeighbors<U+2019> and <U+2018>FindClusters<U+2019> (with parameters: resolution = 0.5) functions. The resulting merged and normalized matrix was used for the subsequent analysis. Each sample was scaled and normalized using Seurat<U+2019>s <U+2018>SCTransform<U+2019> function to correct for batch effects (with parameters: vars.to.regress = c("nCount_RNA", "percent.mito"), variable.features.n = 3000). We then merged all samples and repeated the same scaling and normalization method. All cells in the merged Seurat object were then clustered using the original Louvain algorithm (Blondel et al., 2008) and top 30 PCA dimensions via <U+2018>FindNeighbors<U+2019> and <U+2018>FindClusters<U+2019> (with parameters: resolution = 0.5) functions. The resulting merged and normalized matrix was used for the subsequent analysis.	Other	https://www.biorxiv.org/content/10.1101/2023.10.31.565031v1	Release 5.0	Details	
scsnRNA-Seq_level_4_BRCA23/HT163B1-S1H6A3-XBn1.rds	HTAN WUSTL		HTA12_127_1	scRNA-seq	Level 4	Breast NOS		Ductal carcinoma NOS	Synapse	syn53215023	HTA12	RData	HTA12_127_4002	HTA12_127_3000;HTA12_127_3001;HTA12_127_3002		CellRanger	For each sample, we obtained the unfiltered feature-barcode matrix per sample by passing the demultiplexed FASTQs to Cell Ranger v6.0.2 <U+2018>count<U+2019> command using default parameters and the prebuilt GRCh38 genome reference (refdata-gex-GRCh38-2020-A; GRCh38 and Ensembl 93). Seurat v4.1.0  was used for all subsequent analysis. First, a series of quality filters were applied to the data to remove those barcodes which fell into any one of these categories recommended by Seurat: too few total transcript counts (<300); possible debris with too few genes expressed (<200) and too few UMIs (<1,000); possible more than one cell with too many genes expressed (>10,000) and too many UMIs (>10,000); possible dead cell or a sign of cellular stress and apoptosis with too high proportion of mitochondrial gene expression over the total transcript counts (>10%). Doublets were filtered out using Scrublet (https://github.com/AllonKleinLab/scrublet). Scrublet was run on each sample separately with the following parameter settings: expected_doublet_rate=0.06, min_counts=2, min_cells=3, min_gene_variability_pctl=85, n_prin_comps=30. The doublet score threshold was adjusted manually. We constructed a Seurat object using the unfiltered feature-barcode matrix for each sample. Each sample was scaled and normalized using Seurat<U+2019>s <U+2018>SCTransform<U+2019> function to correct for batch effects (with parameters: vars.to.regress = c("nCount_RNA", "percent.mito"), variable.features n = 2000). Any merged analysis or subsequent subsetting of cells/samples underwent the same scaling and normalization method. Cells were clustered using the original Louvain algorithm and top 30 PCA dimensions via <U+2018>FindNeighbors<U+2019> and <U+2018>FindClusters<U+2019> (with parameters: resolution = 0.5) functions. The resulting merged and normalized matrix was used for the subsequent analysis. Each sample was scaled and normalized using Seurat<U+2019>s <U+2018>SCTransform<U+2019> function to correct for batch effects (with parameters: vars.to.regress = c("nCount_RNA", "percent.mito"), variable.features.n = 3000). We then merged all samples and repeated the same scaling and normalization method. All cells in the merged Seurat object were then clustered using the original Louvain algorithm (Blondel et al., 2008) and top 30 PCA dimensions via <U+2018>FindNeighbors<U+2019> and <U+2018>FindClusters<U+2019> (with parameters: resolution = 0.5) functions. The resulting merged and normalized matrix was used for the subsequent analysis.	Other	https://www.biorxiv.org/content/10.1101/2023.10.31.565031v1	Release 5.0	Details	
scsnRNA-Seq_level_4_BRCA23/HT088B1-XBn3-1.rds	HTAN WUSTL		HTA12_120_1	scRNA-seq	Level 4	Breast NOS		Lobular carcinoma NOS	Synapse	syn53215030	HTA12	RData	HTA12_120_4002	HTA12_120_3000;HTA12_120_3001;HTA12_120_3002		CellRanger	For each sample, we obtained the unfiltered feature-barcode matrix per sample by passing the demultiplexed FASTQs to Cell Ranger v6.0.2 <U+2018>count<U+2019> command using default parameters and the prebuilt GRCh38 genome reference (refdata-gex-GRCh38-2020-A; GRCh38 and Ensembl 93). Seurat v4.1.0  was used for all subsequent analysis. First, a series of quality filters were applied to the data to remove those barcodes which fell into any one of these categories recommended by Seurat: too few total transcript counts (<300); possible debris with too few genes expressed (<200) and too few UMIs (<1,000); possible more than one cell with too many genes expressed (>10,000) and too many UMIs (>10,000); possible dead cell or a sign of cellular stress and apoptosis with too high proportion of mitochondrial gene expression over the total transcript counts (>10%). Doublets were filtered out using Scrublet (https://github.com/AllonKleinLab/scrublet). Scrublet was run on each sample separately with the following parameter settings: expected_doublet_rate=0.06, min_counts=2, min_cells=3, min_gene_variability_pctl=85, n_prin_comps=30. The doublet score threshold was adjusted manually. We constructed a Seurat object using the unfiltered feature-barcode matrix for each sample. Each sample was scaled and normalized using Seurat<U+2019>s <U+2018>SCTransform<U+2019> function to correct for batch effects (with parameters: vars.to.regress = c("nCount_RNA", "percent.mito"), variable.features n = 2000). Any merged analysis or subsequent subsetting of cells/samples underwent the same scaling and normalization method. Cells were clustered using the original Louvain algorithm and top 30 PCA dimensions via <U+2018>FindNeighbors<U+2019> and <U+2018>FindClusters<U+2019> (with parameters: resolution = 0.5) functions. The resulting merged and normalized matrix was used for the subsequent analysis. Each sample was scaled and normalized using Seurat<U+2019>s <U+2018>SCTransform<U+2019> function to correct for batch effects (with parameters: vars.to.regress = c("nCount_RNA", "percent.mito"), variable.features.n = 3000). We then merged all samples and repeated the same scaling and normalization method. All cells in the merged Seurat object were then clustered using the original Louvain algorithm (Blondel et al., 2008) and top 30 PCA dimensions via <U+2018>FindNeighbors<U+2019> and <U+2018>FindClusters<U+2019> (with parameters: resolution = 0.5) functions. The resulting merged and normalized matrix was used for the subsequent analysis.	Other	https://www.biorxiv.org/content/10.1101/2023.10.31.565031v1	Release 5.0	Details	
scsnRNA-Seq_level_4_BRCA23/HT029B1-XBn1-1.rds	HTAN WUSTL		HTA12_118_1	scRNA-seq	Level 4	Breast NOS		Ductal carcinoma NOS	Synapse	syn53215073	HTA12	RData	HTA12_118_4000	HTA12_118_3000;HTA12_118_3001;HTA12_118_3002		CellRanger	For each sample, we obtained the unfiltered feature-barcode matrix per sample by passing the demultiplexed FASTQs to Cell Ranger v6.0.2 <U+2018>count<U+2019> command using default parameters and the prebuilt GRCh38 genome reference (refdata-gex-GRCh38-2020-A; GRCh38 and Ensembl 93). Seurat v4.1.0  was used for all subsequent analysis. First, a series of quality filters were applied to the data to remove those barcodes which fell into any one of these categories recommended by Seurat: too few total transcript counts (<300); possible debris with too few genes expressed (<200) and too few UMIs (<1,000); possible more than one cell with too many genes expressed (>10,000) and too many UMIs (>10,000); possible dead cell or a sign of cellular stress and apoptosis with too high proportion of mitochondrial gene expression over the total transcript counts (>10%). Doublets were filtered out using Scrublet (https://github.com/AllonKleinLab/scrublet). Scrublet was run on each sample separately with the following parameter settings: expected_doublet_rate=0.06, min_counts=2, min_cells=3, min_gene_variability_pctl=85, n_prin_comps=30. The doublet score threshold was adjusted manually. We constructed a Seurat object using the unfiltered feature-barcode matrix for each sample. Each sample was scaled and normalized using Seurat<U+2019>s <U+2018>SCTransform<U+2019> function to correct for batch effects (with parameters: vars.to.regress = c("nCount_RNA", "percent.mito"), variable.features n = 2000). Any merged analysis or subsequent subsetting of cells/samples underwent the same scaling and normalization method. Cells were clustered using the original Louvain algorithm and top 30 PCA dimensions via <U+2018>FindNeighbors<U+2019> and <U+2018>FindClusters<U+2019> (with parameters: resolution = 0.5) functions. The resulting merged and normalized matrix was used for the subsequent analysis. Each sample was scaled and normalized using Seurat<U+2019>s <U+2018>SCTransform<U+2019> function to correct for batch effects (with parameters: vars.to.regress = c("nCount_RNA", "percent.mito"), variable.features.n = 3000). We then merged all samples and repeated the same scaling and normalization method. All cells in the merged Seurat object were then clustered using the original Louvain algorithm (Blondel et al., 2008) and top 30 PCA dimensions via <U+2018>FindNeighbors<U+2019> and <U+2018>FindClusters<U+2019> (with parameters: resolution = 0.5) functions. The resulting merged and normalized matrix was used for the subsequent analysis.	Other	https://www.biorxiv.org/content/10.1101/2023.10.31.565031v1	Release 5.0	Details	
scsnRNA-Seq_level_4_BRCA23/TWCE-HT171B1-BC1.rds	HTAN WUSTL		HTA12_245_6	scRNA-seq	Level 4	Upper-outer quadrant of breast	Hormone therapy	Infiltrating duct carcinoma NOS	Synapse	syn53215373	HTA12	RData	HTA12_245_4000	HTA12_245_3000;HTA12_245_3001;HTA12_245_3002		CellRanger	For each sample, we obtained the unfiltered feature-barcode matrix per sample by passing the demultiplexed FASTQs to Cell Ranger v6.0.2 <U+2018>count<U+2019> command using default parameters and the prebuilt GRCh38 genome reference (refdata-gex-GRCh38-2020-A; GRCh38 and Ensembl 93). Seurat v4.1.0  was used for all subsequent analysis. First, a series of quality filters were applied to the data to remove those barcodes which fell into any one of these categories recommended by Seurat: too few total transcript counts (<300); possible debris with too few genes expressed (<200) and too few UMIs (<1,000); possible more than one cell with too many genes expressed (>10,000) and too many UMIs (>10,000); possible dead cell or a sign of cellular stress and apoptosis with too high proportion of mitochondrial gene expression over the total transcript counts (>10%). Doublets were filtered out using Scrublet (https://github.com/AllonKleinLab/scrublet). Scrublet was run on each sample separately with the following parameter settings: expected_doublet_rate=0.06, min_counts=2, min_cells=3, min_gene_variability_pctl=85, n_prin_comps=30. The doublet score threshold was adjusted manually. We constructed a Seurat object using the unfiltered feature-barcode matrix for each sample. Each sample was scaled and normalized using Seurat<U+2019>s <U+2018>SCTransform<U+2019> function to correct for batch effects (with parameters: vars.to.regress = c("nCount_RNA", "percent.mito"), variable.features n = 2000). Any merged analysis or subsequent subsetting of cells/samples underwent the same scaling and normalization method. Cells were clustered using the original Louvain algorithm and top 30 PCA dimensions via <U+2018>FindNeighbors<U+2019> and <U+2018>FindClusters<U+2019> (with parameters: resolution = 0.5) functions. The resulting merged and normalized matrix was used for the subsequent analysis. Each sample was scaled and normalized using Seurat<U+2019>s <U+2018>SCTransform<U+2019> function to correct for batch effects (with parameters: vars.to.regress = c("nCount_RNA", "percent.mito"), variable.features.n = 3000). We then merged all samples and repeated the same scaling and normalization method. All cells in the merged Seurat object were then clustered using the original Louvain algorithm (Blondel et al., 2008) and top 30 PCA dimensions via <U+2018>FindNeighbors<U+2019> and <U+2018>FindClusters<U+2019> (with parameters: resolution = 0.5) functions. The resulting merged and normalized matrix was used for the subsequent analysis.	Other	https://www.biorxiv.org/content/10.1101/2023.10.31.565031v1	Release 5.0	Details	
single_cell_RNAseq_level_3/SM-K75P2_raw_feature_bc_matrix.h5	HTAN DFCI		HTA5_1487_1001, HTA5_1925_1001, HTA5_1315_1001, HTA5_1534_1001	scRNA-seq	Level 3	Breast NOS	Hormone therapy, Targeted molecular therapy, Other	Carcinoma NOS	Synapse	syn60106441	HTA5	hdf5	HTA5_0000_1002180	HTA5_0000_1002140		CellRanger	cellranger count     --id ${sample_id}     --transcriptome ${reference}     --include-introns     --disable-ui     --fastqs ${fastq_dir}     --expect-cells ${expected_cells}     --localcores ${cpu}     --localmem ${memory}	CellRanger v6.0.1	Not Applicable	Release 6.0	Details	
single_cell_RNAseq_level_3/SM-KU86U_raw_feature_bc_matrix.h5	HTAN DFCI		HTA5_1793_1001, HTA5_1503_1001, HTA5_1190_1001, HTA5_1172_1001	scRNA-seq	Level 3	Breast NOS	Hormone therapy, Targeted molecular therapy, Chemotherapy	Carcinoma NOS	Synapse	syn60106725	HTA5	hdf5	HTA5_0000_1002181	HTA5_0000_1002142		CellRanger	cellranger count     --id ${sample_id}     --transcriptome ${reference}     --include-introns     --disable-ui     --fastqs ${fastq_dir}     --expect-cells ${expected_cells}     --localcores ${cpu}     --localmem ${memory}	CellRanger v6.0.1	Not Applicable	Release 6.0	Details	
single_cell_RNAseq_level_3/SM-KU86V_raw_feature_bc_matrix.h5	HTAN DFCI		HTA5_1247_1001, HTA5_1193_1001, HTA5_1892_1001	scRNA-seq	Level 3	Breast NOS	Hormone therapy, Targeted molecular therapy	Carcinoma NOS	Synapse	syn60106756	HTA5	hdf5	HTA5_0000_1002182	HTA5_0000_1002144		CellRanger	cellranger count     --id ${sample_id}     --transcriptome ${reference}     --include-introns     --disable-ui     --fastqs ${fastq_dir}     --expect-cells ${expected_cells}     --localcores ${cpu}     --localmem ${memory}	CellRanger v6.0.1	Not Applicable	Release 6.0	Details	
single_cell_RNAseq_level_3/SM-KU86W_raw_feature_bc_matrix.h5	HTAN DFCI		HTA5_1499_1001, HTA5_1821_1002, HTA5_1180_1001, HTA5_1868_1001	scRNA-seq	Level 3	Breast NOS	Hormone therapy, Targeted molecular therapy, Chemotherapy	Carcinoma NOS	Synapse	syn60106770	HTA5	hdf5	HTA5_0000_1002183	HTA5_0000_1002146		CellRanger	cellranger count     --id ${sample_id}     --transcriptome ${reference}     --include-introns     --disable-ui     --fastqs ${fastq_dir}     --expect-cells ${expected_cells}     --localcores ${cpu}     --localmem ${memory}	CellRanger v6.0.1	Not Applicable	Release 6.0	Details	
single_cell_RNAseq_level_3/SM-KU86X_raw_feature_bc_matrix.h5	HTAN DFCI		HTA5_1909_1001, HTA5_1109_1002, HTA5_1794_1001	scRNA-seq	Level 3	Breast NOS	Hormone therapy, Chemotherapy	Carcinoma NOS	Synapse	syn60106803	HTA5	hdf5	HTA5_0000_1002184	HTA5_0000_1002148		CellRanger	cellranger count     --id ${sample_id}     --transcriptome ${reference}     --include-introns     --disable-ui     --fastqs ${fastq_dir}     --expect-cells ${expected_cells}     --localcores ${cpu}     --localmem ${memory}	CellRanger v6.0.1	Not Applicable	Release 6.0	Details	
single_cell_RNAseq_level_3/SM-KU86Y_raw_feature_bc_matrix.h5	HTAN DFCI		HTA5_1789_1001, HTA5_1782_1001, HTA5_1746_1001, HTA5_1860_1001	scRNA-seq	Level 3	Breast NOS	Hormone therapy, Targeted molecular therapy, Chemotherapy	Carcinoma NOS	Synapse	syn60106832	HTA5	hdf5	HTA5_0000_1002185	HTA5_0000_1002150		CellRanger	cellranger count     --id ${sample_id}     --transcriptome ${reference}     --include-introns     --disable-ui     --fastqs ${fastq_dir}     --expect-cells ${expected_cells}     --localcores ${cpu}     --localmem ${memory}	CellRanger v6.0.1	Not Applicable	Release 6.0	Details	
single_cell_RNAseq_level_3/SM-L1238_raw_feature_bc_matrix.h5	HTAN DFCI		HTA5_1307_1001	scRNA-seq	Level 3	Breast NOS	Hormone therapy	Carcinoma NOS	Synapse	syn60106855	HTA5	hdf5	HTA5_0000_1002186	HTA5_0000_1002152		CellRanger	cellranger count     --id ${sample_id}     --transcriptome ${reference}     --include-introns     --disable-ui     --fastqs ${fastq_dir}     --expect-cells ${expected_cells}     --localcores ${cpu}     --localmem ${memory}	CellRanger v6.0.1	Not Applicable	Release 6.0	Details	
single_cell_RNAseq_level_3/SM-L123A_raw_feature_bc_matrix.h5	HTAN DFCI		HTA5_1416_1001, HTA5_1792_1001, HTA5_1787_1001, HTA5_1610_1004	scRNA-seq	Level 3	Breast NOS	Chemotherapy, Hormone therapy, Other	Carcinoma NOS	Synapse	syn60106878	HTA5	hdf5	HTA5_0000_1002187	HTA5_0000_1002154		CellRanger	cellranger count     --id ${sample_id}     --transcriptome ${reference}     --include-introns     --disable-ui     --fastqs ${fastq_dir}     --expect-cells ${expected_cells}     --localcores ${cpu}     --localmem ${memory}	CellRanger v6.0.1	Not Applicable	Release 6.0	Details	
single_cell_RNAseq_level_3/SM-L123B_raw_feature_bc_matrix.h5	HTAN DFCI		HTA5_1274_1001, HTA5_1457_1001, HTA5_1466_1001, HTA5_1753_1001	scRNA-seq	Level 3	Breast NOS	Hormone therapy	Carcinoma NOS	Synapse	syn60106907	HTA5	hdf5	HTA5_0000_1002188	HTA5_0000_1002156		CellRanger	cellranger count     --id ${sample_id}     --transcriptome ${reference}     --include-introns     --disable-ui     --fastqs ${fastq_dir}     --expect-cells ${expected_cells}     --localcores ${cpu}     --localmem ${memory}	CellRanger v6.0.1	Not Applicable	Release 6.0	Details	
single_cell_RNAseq_level_3/SM-L123D_raw_feature_bc_matrix.h5	HTAN DFCI		HTA5_1957_1001, HTA5_1305_1001, HTA5_1343_1001, HTA5_1238_1001	scRNA-seq	Level 3	Breast NOS	Hormone therapy, Chemotherapy	Carcinoma NOS	Synapse	syn60106927	HTA5	hdf5	HTA5_0000_1002189	HTA5_0000_1002158		CellRanger	cellranger count     --id ${sample_id}     --transcriptome ${reference}     --include-introns     --disable-ui     --fastqs ${fastq_dir}     --expect-cells ${expected_cells}     --localcores ${cpu}     --localmem ${memory}	CellRanger v6.0.1	Not Applicable	Release 6.0	Details	
single_cell_RNAseq_level_3/SM-L123E_raw_feature_bc_matrix.h5	HTAN DFCI		HTA5_1872_1001, HTA5_1590_1003, HTA5_1344_1001, HTA5_1538_1001	scRNA-seq	Level 3	Breast NOS	Hormone therapy, Targeted molecular therapy	Carcinoma NOS	Synapse	syn60106948	HTA5	hdf5	HTA5_0000_1002190	HTA5_0000_1002160		CellRanger	cellranger count     --id ${sample_id}     --transcriptome ${reference}     --include-introns     --disable-ui     --fastqs ${fastq_dir}     --expect-cells ${expected_cells}     --localcores ${cpu}     --localmem ${memory}	CellRanger v6.0.1	Not Applicable	Release 6.0	Details	
single_cell_RNAseq_level_3/SM-L123G_raw_feature_bc_matrix.h5	HTAN DFCI		HTA5_1843_1001	scRNA-seq	Level 3	Breast NOS	Hormone therapy	Carcinoma NOS	Synapse	syn60106960	HTA5	hdf5	HTA5_0000_1002191	HTA5_0000_1002162		CellRanger	cellranger count     --id ${sample_id}     --transcriptome ${reference}     --include-introns     --disable-ui     --fastqs ${fastq_dir}     --expect-cells ${expected_cells}     --localcores ${cpu}     --localmem ${memory}	CellRanger v6.0.1	Not Applicable	Release 6.0	Details	
single_cell_RNAseq_level_3/SM-L127V_raw_feature_bc_matrix.h5	HTAN DFCI		HTA5_1853_1006, HTA5_1874_1001, HTA5_1279_1001, HTA5_1282_2002	scRNA-seq	Level 3	Breast NOS	Targeted molecular therapy, Chemotherapy	Carcinoma NOS	Synapse	syn60106980	HTA5	hdf5	HTA5_0000_1002192	HTA5_0000_1002164		CellRanger	cellranger count     --id ${sample_id}     --transcriptome ${reference}     --include-introns     --disable-ui     --fastqs ${fastq_dir}     --expect-cells ${expected_cells}     --localcores ${cpu}     --localmem ${memory}	CellRanger v6.0.1	Not Applicable	Release 6.0	Details	
single_cell_RNAseq_level_3/SM-L127W_raw_feature_bc_matrix.h5	HTAN DFCI		HTA5_1802_1002, HTA5_1211_1003, HTA5_1676_1004, HTA5_1865_1003	scRNA-seq	Level 3	Breast NOS	Targeted molecular therapy, Hormone therapy, Chemotherapy	Carcinoma NOS	Synapse	syn60107009	HTA5	hdf5	HTA5_0000_1002193	HTA5_0000_1002166		CellRanger	cellranger count     --id ${sample_id}     --transcriptome ${reference}     --include-introns     --disable-ui     --fastqs ${fastq_dir}     --expect-cells ${expected_cells}     --localcores ${cpu}     --localmem ${memory}	CellRanger v6.0.1	Not Applicable	Release 6.0	Details	
single_cell_RNAseq_level_3/SM-L1284_raw_feature_bc_matrix.h5	HTAN DFCI		HTA5_1375_1001	scRNA-seq	Level 3	Breast NOS	Hormone therapy	Carcinoma NOS	Synapse	syn60107026	HTA5	hdf5	HTA5_0000_1002195	HTA5_0000_1002170		CellRanger	cellranger count     --id ${sample_id}     --transcriptome ${reference}     --include-introns     --disable-ui     --fastqs ${fastq_dir}     --expect-cells ${expected_cells}     --localcores ${cpu}     --localmem ${memory}	CellRanger v6.0.1	Not Applicable	Release 6.0	Details	
single_cell_RNAseq_level_3/SM-L1288_raw_feature_bc_matrix.h5	HTAN DFCI		HTA5_1866_1003	scRNA-seq	Level 3	Breast NOS	Targeted molecular therapy	Carcinoma NOS	Synapse	syn60107047	HTA5	hdf5	HTA5_0000_1002196	HTA5_0000_1002172		CellRanger	cellranger count     --id ${sample_id}     --transcriptome ${reference}     --include-introns     --disable-ui     --fastqs ${fastq_dir}     --expect-cells ${expected_cells}     --localcores ${cpu}     --localmem ${memory}	CellRanger v6.0.1	Not Applicable	Release 6.0	Details	
single_cell_RNAseq_level_3/SM-L127X_raw_feature_bc_matrix.h5	HTAN DFCI		HTA5_1593_1002, HTA5_1589_1002	scRNA-seq	Level 3	Breast NOS	Hormone therapy	Carcinoma NOS	Synapse	syn60107050	HTA5	hdf5	HTA5_0000_1002194	HTA5_0000_1002168		CellRanger	cellranger count     --id ${sample_id}     --transcriptome ${reference}     --include-introns     --disable-ui     --fastqs ${fastq_dir}     --expect-cells ${expected_cells}     --localcores ${cpu}     --localmem ${memory}	CellRanger v6.0.1	Not Applicable	Release 6.0	Details	
single_cell_RNAseq_level_3/SM-L128K_raw_feature_bc_matrix.h5	HTAN DFCI		HTA5_1676_1001, HTA5_1211_1001, HTA5_1697_1005, HTA5_1610_1001	scRNA-seq	Level 3	Breast NOS	Hormone therapy, Other	Carcinoma NOS	Synapse	syn60107073	HTA5	hdf5	HTA5_0000_1002197	HTA5_0000_1002174		CellRanger	cellranger count     --id ${sample_id}     --transcriptome ${reference}     --include-introns     --disable-ui     --fastqs ${fastq_dir}     --expect-cells ${expected_cells}     --localcores ${cpu}     --localmem ${memory}	CellRanger v6.0.1	Not Applicable	Release 6.0	Details	
single_cell_RNAseq_level_3/SM-L128L_raw_feature_bc_matrix.h5	HTAN DFCI		HTA5_1593_1001, HTA5_1589_1001, HTA5_1620_1001	scRNA-seq	Level 3	Breast NOS	Hormone therapy, Targeted molecular therapy	Carcinoma NOS	Synapse	syn60107080	HTA5	hdf5	HTA5_0000_1002198	HTA5_0000_1002176		CellRanger	cellranger count     --id ${sample_id}     --transcriptome ${reference}     --include-introns     --disable-ui     --fastqs ${fastq_dir}     --expect-cells ${expected_cells}     --localcores ${cpu}     --localmem ${memory}	CellRanger v6.0.1	Not Applicable	Release 6.0	Details	
single_cell_RNAseq_level_3/SM-L128N_raw_feature_bc_matrix.h5	HTAN DFCI		HTA5_1907_1001, HTA5_1156_1001, HTA5_1475_1002, HTA5_1694_1001	scRNA-seq	Level 3	Breast NOS	Hormone therapy, Targeted molecular therapy	Carcinoma NOS	Synapse	syn60107099	HTA5	hdf5	HTA5_0000_1002199	HTA5_0000_1002178		CellRanger	cellranger count     --id ${sample_id}     --transcriptome ${reference}     --include-introns     --disable-ui     --fastqs ${fastq_dir}     --expect-cells ${expected_cells}     --localcores ${cpu}     --localmem ${memory}	CellRanger v6.0.1	Not Applicable	Release 6.0	Details	
snRNA-Seq_level_3-spatial_clone/HT397B1-S1H4A4Y1N1Z1_1Bmn1_1-features.tsv.gz	HTAN WUSTL		HTA12_253_16	scRNA-seq	Level 3	Breast NOS		Ductal carcinoma NOS	Synapse	syn61463882	HTA12	gzip	HTA12_253_3002	HTA12_253_2006		CellRanger	For each sample we obtained the unfiltered feature-barcode matrix per sample by passing the demultiplexed FASTQs to Cell Ranger Arc v.2.0.0 'count' command using default parameters and the prebuilt GRCh38 genome refdata-cellranger-arc-GRCh38-2020-A-2.0.0 (GENCODE v32/Ensembl 98) for snATAC and snRNA data.	cellranger-arc-2.0.0	https://github.com/ding-lab/ST_subclone_publication/blob/main/Processing_script/cellranger-arc.v.2.0.0.sh	Release 6.0	Details	
snRNA-Seq_level_3-spatial_clone/HT339B2-S1H2A3Y1Nd1_1Z1_1Bmn1_1-features.tsv.gz	HTAN WUSTL		HTA12_262_3	scRNA-seq	Level 3	Breast NOS	Chemotherapy	Ductal carcinoma NOS	Synapse	syn61463886	HTA12	gzip	HTA12_262_3002	HTA12_262_2001		CellRanger	For each sample we obtained the unfiltered feature-barcode matrix per sample by passing the demultiplexed FASTQs to Cell Ranger Arc v.2.0.0 'count' command using default parameters and the prebuilt GRCh38 genome refdata-cellranger-arc-GRCh38-2020-A-2.0.0 (GENCODE v32/Ensembl 98) for snATAC and snRNA data.	cellranger-arc-2.0.0	https://github.com/ding-lab/ST_subclone_publication/blob/main/Processing_script/cellranger-arc.v.2.0.0.sh	Release 6.0	Details	
snRNA-Seq_level_3-spatial_clone/HT243B1-H3A2Fc1N1Z1_1Bn1_1-barcodes.tsv.gz	HTAN WUSTL		HTA12_135_17	scRNA-seq	Level 3	Breast NOS		Ductal carcinoma NOS	Synapse	syn61463887	HTA12	gzip	HTA12_135_3040	HTA12_135_2013		CellRanger	For each sample we obtained the unfiltered feature-barcode matrix per sample by passing the demultiplexed FASTQs to Cell Ranger v.5.0.1 'count' command using default parameters and the prebuilt GRCh38 genome reference refdata-gex-GRCh38-2020-A (GENCODE v32/Ensembl 98) for RNA.	cellranger-5.0.1	https://github.com/ding-lab/ST_subclone_publication/blob/main/Processing_script/cellranger.v5.0.1.sh	Release 6.0	Details	
snRNA-Seq_level_3-spatial_clone/HT425B1-S1H1A3Y1N1Z1_1Bmn1_1-barcodes.tsv.gz	HTAN WUSTL		HTA12_266_4	scRNA-seq	Level 3	Breast NOS	Chemotherapy	Lobular carcinoma NOS	Synapse	syn61463892	HTA12	gzip	HTA12_266_3001	HTA12_266_2001		CellRanger	For each sample we obtained the unfiltered feature-barcode matrix per sample by passing the demultiplexed FASTQs to Cell Ranger Arc v.2.0.0 'count' command using default parameters and the prebuilt GRCh38 genome refdata-cellranger-arc-GRCh38-2020-A-2.0.0 (GENCODE v32/Ensembl 98) for snATAC and snRNA data.	cellranger-arc-2.0.0	https://github.com/ding-lab/ST_subclone_publication/blob/main/Processing_script/cellranger-arc.v.2.0.0.sh	Release 6.0	Details	
snRNA-Seq_level_3-spatial_clone/HT339B2-S1H2A3Y1Nd1_1Z1_1Bmn1_1-barcodes.tsv.gz	HTAN WUSTL		HTA12_262_3	scRNA-seq	Level 3	Breast NOS	Chemotherapy	Ductal carcinoma NOS	Synapse	syn61463902	HTA12	gzip	HTA12_262_3001	HTA12_262_2001		CellRanger	For each sample we obtained the unfiltered feature-barcode matrix per sample by passing the demultiplexed FASTQs to Cell Ranger Arc v.2.0.0 'count' command using default parameters and the prebuilt GRCh38 genome refdata-cellranger-arc-GRCh38-2020-A-2.0.0 (GENCODE v32/Ensembl 98) for snATAC and snRNA data.	cellranger-arc-2.0.0	https://github.com/ding-lab/ST_subclone_publication/blob/main/Processing_script/cellranger-arc.v.2.0.0.sh	Release 6.0	Details	
snRNA-Seq_level_3-spatial_clone/HT365B1-S1H1A3Y1N1Z1_1Bmn1_1-features.tsv.gz	HTAN WUSTL		HTA12_251_6	scRNA-seq	Level 3	Upper-inner quadrant of breast		Infiltrating duct carcinoma NOS	Synapse	syn61463903	HTA12	gzip	HTA12_251_3011	HTA12_251_2004		CellRanger	For each sample we obtained the unfiltered feature-barcode matrix per sample by passing the demultiplexed FASTQs to Cell Ranger Arc v.2.0.0 'count' command using default parameters and the prebuilt GRCh38 genome refdata-cellranger-arc-GRCh38-2020-A-2.0.0 (GENCODE v32/Ensembl 98) for snATAC and snRNA data.	cellranger-arc-2.0.0	https://github.com/ding-lab/ST_subclone_publication/blob/main/Processing_script/cellranger-arc.v.2.0.0.sh	Release 6.0	Details	
snRNA-Seq_level_3-spatial_clone/HT243B1-H3A2Fc1N1Z1_1Bn1_1-features.tsv.gz	HTAN WUSTL		HTA12_135_17	scRNA-seq	Level 3	Breast NOS		Ductal carcinoma NOS	Synapse	syn61463904	HTA12	gzip	HTA12_135_3041	HTA12_135_2013		CellRanger	For each sample we obtained the unfiltered feature-barcode matrix per sample by passing the demultiplexed FASTQs to Cell Ranger v.5.0.1 'count' command using default parameters and the prebuilt GRCh38 genome reference refdata-gex-GRCh38-2020-A (GENCODE v32/Ensembl 98) for RNA.	cellranger-5.0.1	https://github.com/ding-lab/ST_subclone_publication/blob/main/Processing_script/cellranger.v5.0.1.sh	Release 6.0	Details	
snRNA-Seq_level_3-spatial_clone/HT425B1-S1H1A3Y1N1Z1_1Bmn1_1-matrix.mtx.gz	HTAN WUSTL		HTA12_266_4	scRNA-seq	Level 3	Breast NOS	Chemotherapy	Lobular carcinoma NOS	Synapse	syn61463905	HTA12	gzip	HTA12_266_3003	HTA12_266_2001		CellRanger	For each sample we obtained the unfiltered feature-barcode matrix per sample by passing the demultiplexed FASTQs to Cell Ranger Arc v.2.0.0 'count' command using default parameters and the prebuilt GRCh38 genome refdata-cellranger-arc-GRCh38-2020-A-2.0.0 (GENCODE v32/Ensembl 98) for snATAC and snRNA data.	cellranger-arc-2.0.0	https://github.com/ding-lab/ST_subclone_publication/blob/main/Processing_script/cellranger-arc.v.2.0.0.sh	Release 6.0	Details	
snRNA-Seq_level_3-spatial_clone/HT486B1-S1H1A3Y1N1Z1_1Bmn1_1-matrix.mtx.gz	HTAN WUSTL		HTA12_271_4	scRNA-seq	Level 3	Breast NOS	Chemotherapy	Ductal carcinoma NOS	Synapse	syn61463908	HTA12	gzip	HTA12_271_3003	HTA12_271_2001		CellRanger	For each sample we obtained the unfiltered feature-barcode matrix per sample by passing the demultiplexed FASTQs to Cell Ranger Arc v.2.0.0 'count' command using default parameters and the prebuilt GRCh38 genome refdata-cellranger-arc-GRCh38-2020-A-2.0.0 (GENCODE v32/Ensembl 98) for snATAC and snRNA data.	cellranger-arc-2.0.0	https://github.com/ding-lab/ST_subclone_publication/blob/main/Processing_script/cellranger-arc.v.2.0.0.sh	Release 6.0	Details	
snRNA-Seq_level_3-spatial_clone/HT486B1-S1H1A3Y1N1Z1_1Bmn1_1-barcodes.tsv.gz	HTAN WUSTL		HTA12_271_4	scRNA-seq	Level 3	Breast NOS	Chemotherapy	Ductal carcinoma NOS	Synapse	syn61463913	HTA12	gzip	HTA12_271_3001	HTA12_271_2001		CellRanger	For each sample we obtained the unfiltered feature-barcode matrix per sample by passing the demultiplexed FASTQs to Cell Ranger Arc v.2.0.0 'count' command using default parameters and the prebuilt GRCh38 genome refdata-cellranger-arc-GRCh38-2020-A-2.0.0 (GENCODE v32/Ensembl 98) for snATAC and snRNA data.	cellranger-arc-2.0.0	https://github.com/ding-lab/ST_subclone_publication/blob/main/Processing_script/cellranger-arc.v.2.0.0.sh	Release 6.0	Details	
snRNA-Seq_level_3-spatial_clone/HT365B1-S1H1A3Y1N1Z1_1Bmn1_1-barcodes.tsv.gz	HTAN WUSTL		HTA12_251_6	scRNA-seq	Level 3	Upper-inner quadrant of breast		Infiltrating duct carcinoma NOS	Synapse	syn61463919	HTA12	gzip	HTA12_251_3010	HTA12_251_2004		CellRanger	For each sample we obtained the unfiltered feature-barcode matrix per sample by passing the demultiplexed FASTQs to Cell Ranger Arc v.2.0.0 'count' command using default parameters and the prebuilt GRCh38 genome refdata-cellranger-arc-GRCh38-2020-A-2.0.0 (GENCODE v32/Ensembl 98) for snATAC and snRNA data.	cellranger-arc-2.0.0	https://github.com/ding-lab/ST_subclone_publication/blob/main/Processing_script/cellranger-arc.v.2.0.0.sh	Release 6.0	Details	
snRNA-Seq_level_3-spatial_clone/HT486B1-S1H1A3Y1N1Z1_1Bmn1_1-features.tsv.gz	HTAN WUSTL		HTA12_271_4	scRNA-seq	Level 3	Breast NOS	Chemotherapy	Ductal carcinoma NOS	Synapse	syn61463920	HTA12	gzip	HTA12_271_3002	HTA12_271_2001		CellRanger	For each sample we obtained the unfiltered feature-barcode matrix per sample by passing the demultiplexed FASTQs to Cell Ranger Arc v.2.0.0 'count' command using default parameters and the prebuilt GRCh38 genome refdata-cellranger-arc-GRCh38-2020-A-2.0.0 (GENCODE v32/Ensembl 98) for snATAC and snRNA data.	cellranger-arc-2.0.0	https://github.com/ding-lab/ST_subclone_publication/blob/main/Processing_script/cellranger-arc.v.2.0.0.sh	Release 6.0	Details	
snRNA-Seq_level_3-spatial_clone/HT397B1-S1H4A4Y1N1Z1_1Bmn1_1-barcodes.tsv.gz	HTAN WUSTL		HTA12_253_16	scRNA-seq	Level 3	Breast NOS		Ductal carcinoma NOS	Synapse	syn61463921	HTA12	gzip	HTA12_253_3001	HTA12_253_2006		CellRanger	For each sample we obtained the unfiltered feature-barcode matrix per sample by passing the demultiplexed FASTQs to Cell Ranger Arc v.2.0.0 'count' command using default parameters and the prebuilt GRCh38 genome refdata-cellranger-arc-GRCh38-2020-A-2.0.0 (GENCODE v32/Ensembl 98) for snATAC and snRNA data.	cellranger-arc-2.0.0	https://github.com/ding-lab/ST_subclone_publication/blob/main/Processing_script/cellranger-arc.v.2.0.0.sh	Release 6.0	Details	
snRNA-Seq_level_3-spatial_clone/HT397B1-S1H4A4Y1N1Z1_1Bmn1_1-matrix.mtx.gz	HTAN WUSTL		HTA12_253_16	scRNA-seq	Level 3	Breast NOS		Ductal carcinoma NOS	Synapse	syn61463962	HTA12	gzip	HTA12_253_3003	HTA12_253_2006		CellRanger	For each sample we obtained the unfiltered feature-barcode matrix per sample by passing the demultiplexed FASTQs to Cell Ranger Arc v.2.0.0 'count' command using default parameters and the prebuilt GRCh38 genome refdata-cellranger-arc-GRCh38-2020-A-2.0.0 (GENCODE v32/Ensembl 98) for snATAC and snRNA data.	cellranger-arc-2.0.0	https://github.com/ding-lab/ST_subclone_publication/blob/main/Processing_script/cellranger-arc.v.2.0.0.sh	Release 6.0	Details	
snRNA-Seq_level_3-spatial_clone/HT425B1-S1H1A3Y1N1Z1_1Bmn1_1-features.tsv.gz	HTAN WUSTL		HTA12_266_4	scRNA-seq	Level 3	Breast NOS	Chemotherapy	Lobular carcinoma NOS	Synapse	syn61463991	HTA12	gzip	HTA12_266_3002	HTA12_266_2001		CellRanger	For each sample we obtained the unfiltered feature-barcode matrix per sample by passing the demultiplexed FASTQs to Cell Ranger Arc v.2.0.0 'count' command using default parameters and the prebuilt GRCh38 genome refdata-cellranger-arc-GRCh38-2020-A-2.0.0 (GENCODE v32/Ensembl 98) for snATAC and snRNA data.	cellranger-arc-2.0.0	https://github.com/ding-lab/ST_subclone_publication/blob/main/Processing_script/cellranger-arc.v.2.0.0.sh	Release 6.0	Details	
snRNA-Seq_level_3-spatial_clone/HT365B1-S1H1A3Y1N1Z1_1Bmn1_1-matrix.mtx.gz	HTAN WUSTL		HTA12_251_6	scRNA-seq	Level 3	Upper-inner quadrant of breast		Infiltrating duct carcinoma NOS	Synapse	syn61463998	HTA12	gzip	HTA12_251_3012	HTA12_251_2004		CellRanger	For each sample we obtained the unfiltered feature-barcode matrix per sample by passing the demultiplexed FASTQs to Cell Ranger Arc v.2.0.0 'count' command using default parameters and the prebuilt GRCh38 genome refdata-cellranger-arc-GRCh38-2020-A-2.0.0 (GENCODE v32/Ensembl 98) for snATAC and snRNA data.	cellranger-arc-2.0.0	https://github.com/ding-lab/ST_subclone_publication/blob/main/Processing_script/cellranger-arc.v.2.0.0.sh	Release 6.0	Details	
snRNA-Seq_level_3-spatial_clone/HT339B2-S1H2A3Y1Nd1_1Z1_1Bmn1_1-matrix.mtx.gz	HTAN WUSTL		HTA12_262_3	scRNA-seq	Level 3	Breast NOS	Chemotherapy	Ductal carcinoma NOS	Synapse	syn61464001	HTA12	gzip	HTA12_262_3003	HTA12_262_2001		CellRanger	For each sample we obtained the unfiltered feature-barcode matrix per sample by passing the demultiplexed FASTQs to Cell Ranger Arc v.2.0.0 'count' command using default parameters and the prebuilt GRCh38 genome refdata-cellranger-arc-GRCh38-2020-A-2.0.0 (GENCODE v32/Ensembl 98) for snATAC and snRNA data.	cellranger-arc-2.0.0	https://github.com/ding-lab/ST_subclone_publication/blob/main/Processing_script/cellranger-arc.v.2.0.0.sh	Release 6.0	Details	
snRNA-Seq_level_3-spatial_clone/HT243B1-H3A2Fc1N1Z1_1Bn1_1-matrix.mtx.gz	HTAN WUSTL		HTA12_135_17	scRNA-seq	Level 3	Breast NOS		Ductal carcinoma NOS	Synapse	syn61464007	HTA12	gzip	HTA12_135_3042	HTA12_135_2013		CellRanger	For each sample we obtained the unfiltered feature-barcode matrix per sample by passing the demultiplexed FASTQs to Cell Ranger v.5.0.1 'count' command using default parameters and the prebuilt GRCh38 genome reference refdata-gex-GRCh38-2020-A (GENCODE v32/Ensembl 98) for RNA.	cellranger-5.0.1	https://github.com/ding-lab/ST_subclone_publication/blob/main/Processing_script/cellranger.v5.0.1.sh	Release 6.0	Details	
snRNA-Seq_level_4-spatial_clone/snRNA_L4__HT425B1-S1H1_combo.rds	HTAN WUSTL		HTA12_266_4	scRNA-seq	Level 4	Breast NOS	Chemotherapy	Lobular carcinoma NOS	Synapse	syn61465396	HTA12	RData	HTA12_266_4001	HTA12_266_3002;HTA12_266_3003;HTA12_266_3001		CellRanger	For each sample, we obtained the unfiltered feature-barcode matrix per sample by passing the demultiplexed FASTQs to cellranger v6.0.2 (cellranger-arc v2.0.0 for 10X multiome libraries) <U+2018>count<U+2019> command using default parameters and the prebuilt GRCh38 genome reference (refdata-gex-GRCh38-2020-A; GRCh38 and Ensembl 98). Seurat v4.1.0  was used for all subsequent analysis. First, a series of quality filters were applied to the data to remove those barcodes which fell into any one of these categories recommended by Seurat: too few total transcript counts (<300); possible debris with too few genes expressed (<200) and too few UMIs (<1,000); possible more than one cell with too many genes expressed (>80,000) and too many UMIs (>10,000); possible dead cell or a sign of cellular stress and apoptosis with too high proportion of mitochondrial gene expression over the total transcript counts (>10%). Doublets were filtered out using Scrublet (https://github.com/AllonKleinLab/scrublet). Scrublet was run on each sample separately with the following parameter settings: expected_doublet_rate=0.06, min_counts=2, min_cells=3, min_gene_variability_pctl=85, n_prin_comps=30. The doublet score threshold was adjusted manually. Each sample was scaled and normalized using Seurat<U+2019>s <U+2018>SCTransform<U+2019> function to correct for batch effects (with parameters: vars.to.regress = c("nCount_RNA", "percent.mito"), return.only.var.genes = F). Cells were clustered using the original Louvain algorithm and top 30 PCA dimensions via <U+2018>FindNeighbors<U+2019> and <U+2018>FindClusters<U+2019> (with parameters: resolution = 0.5) functions. Any merged analysis or subsequent subsetting of cells/samples underwent the same scaling and normalization method.	Other	https://github.com/ding-lab/ST_subclone_publication/blob/main/Processing_script/snRNA_autoprocessing.sh	Release 6.0	Details	
snRNA-Seq_level_4-spatial_clone/snRNA_L4__HT486B1-S1H1_combo.rds	HTAN WUSTL		HTA12_271_4	scRNA-seq	Level 4	Breast NOS	Chemotherapy	Ductal carcinoma NOS	Synapse	syn61465400	HTA12	RData	HTA12_271_4001	HTA12_271_3002;HTA12_271_3003;HTA12_271_3001		CellRanger	For each sample, we obtained the unfiltered feature-barcode matrix per sample by passing the demultiplexed FASTQs to cellranger v6.0.2 (cellranger-arc v2.0.0 for 10X multiome libraries) <U+2018>count<U+2019> command using default parameters and the prebuilt GRCh38 genome reference (refdata-gex-GRCh38-2020-A; GRCh38 and Ensembl 98). Seurat v4.1.0  was used for all subsequent analysis. First, a series of quality filters were applied to the data to remove those barcodes which fell into any one of these categories recommended by Seurat: too few total transcript counts (<300); possible debris with too few genes expressed (<200) and too few UMIs (<1,000); possible more than one cell with too many genes expressed (>80,000) and too many UMIs (>10,000); possible dead cell or a sign of cellular stress and apoptosis with too high proportion of mitochondrial gene expression over the total transcript counts (>10%). Doublets were filtered out using Scrublet (https://github.com/AllonKleinLab/scrublet). Scrublet was run on each sample separately with the following parameter settings: expected_doublet_rate=0.06, min_counts=2, min_cells=3, min_gene_variability_pctl=85, n_prin_comps=30. The doublet score threshold was adjusted manually. Each sample was scaled and normalized using Seurat<U+2019>s <U+2018>SCTransform<U+2019> function to correct for batch effects (with parameters: vars.to.regress = c("nCount_RNA", "percent.mito"), return.only.var.genes = F). Cells were clustered using the original Louvain algorithm and top 30 PCA dimensions via <U+2018>FindNeighbors<U+2019> and <U+2018>FindClusters<U+2019> (with parameters: resolution = 0.5) functions. Any merged analysis or subsequent subsetting of cells/samples underwent the same scaling and normalization method.	Other	https://github.com/ding-lab/ST_subclone_publication/blob/main/Processing_script/snRNA_autoprocessing.sh	Release 6.0	Details	
snRNA-Seq_level_4-spatial_clone/snRNA_L4__HT243B1-H3A2.rds	HTAN WUSTL		HTA12_135_17	scRNA-seq	Level 4	Breast NOS		Ductal carcinoma NOS	Synapse	syn61465401	HTA12	RData	HTA12_135_4002	HTA12_135_3040;HTA12_135_3041;HTA12_135_3042		CellRanger	For each sample, we obtained the unfiltered feature-barcode matrix per sample by passing the demultiplexed FASTQs to cellranger v6.0.2 (cellranger-arc v2.0.0 for 10X multiome libraries) <U+2018>count<U+2019> command using default parameters and the prebuilt GRCh38 genome reference (refdata-gex-GRCh38-2020-A; GRCh38 and Ensembl 98). Seurat v4.1.0  was used for all subsequent analysis. First, a series of quality filters were applied to the data to remove those barcodes which fell into any one of these categories recommended by Seurat: too few total transcript counts (<300); possible debris with too few genes expressed (<200) and too few UMIs (<1,000); possible more than one cell with too many genes expressed (>80,000) and too many UMIs (>10,000); possible dead cell or a sign of cellular stress and apoptosis with too high proportion of mitochondrial gene expression over the total transcript counts (>10%). Doublets were filtered out using Scrublet (https://github.com/AllonKleinLab/scrublet). Scrublet was run on each sample separately with the following parameter settings: expected_doublet_rate=0.06, min_counts=2, min_cells=3, min_gene_variability_pctl=85, n_prin_comps=30. The doublet score threshold was adjusted manually. Each sample was scaled and normalized using Seurat<U+2019>s <U+2018>SCTransform<U+2019> function to correct for batch effects (with parameters: vars.to.regress = c("nCount_RNA", "percent.mito"), return.only.var.genes = F). Cells were clustered using the original Louvain algorithm and top 30 PCA dimensions via <U+2018>FindNeighbors<U+2019> and <U+2018>FindClusters<U+2019> (with parameters: resolution = 0.5) functions. Any merged analysis or subsequent subsetting of cells/samples underwent the same scaling and normalization method.	Other	https://github.com/ding-lab/ST_subclone_publication/blob/main/Processing_script/snRNA_autoprocessing.sh	Release 6.0	Details	
snRNA-Seq_level_4-spatial_clone/snRNA_L4__HT397B1-S1H4_combo.rds	HTAN WUSTL		HTA12_253_16	scRNA-seq	Level 4	Breast NOS		Ductal carcinoma NOS	Synapse	syn61465425	HTA12	RData	HTA12_253_4001	HTA12_253_3002;HTA12_253_3003;HTA12_253_3001		CellRanger	For each sample, we obtained the unfiltered feature-barcode matrix per sample by passing the demultiplexed FASTQs to cellranger v6.0.2 (cellranger-arc v2.0.0 for 10X multiome libraries) <U+2018>count<U+2019> command using default parameters and the prebuilt GRCh38 genome reference (refdata-gex-GRCh38-2020-A; GRCh38 and Ensembl 98). Seurat v4.1.0  was used for all subsequent analysis. First, a series of quality filters were applied to the data to remove those barcodes which fell into any one of these categories recommended by Seurat: too few total transcript counts (<300); possible debris with too few genes expressed (<200) and too few UMIs (<1,000); possible more than one cell with too many genes expressed (>80,000) and too many UMIs (>10,000); possible dead cell or a sign of cellular stress and apoptosis with too high proportion of mitochondrial gene expression over the total transcript counts (>10%). Doublets were filtered out using Scrublet (https://github.com/AllonKleinLab/scrublet). Scrublet was run on each sample separately with the following parameter settings: expected_doublet_rate=0.06, min_counts=2, min_cells=3, min_gene_variability_pctl=85, n_prin_comps=30. The doublet score threshold was adjusted manually. Each sample was scaled and normalized using Seurat<U+2019>s <U+2018>SCTransform<U+2019> function to correct for batch effects (with parameters: vars.to.regress = c("nCount_RNA", "percent.mito"), return.only.var.genes = F). Cells were clustered using the original Louvain algorithm and top 30 PCA dimensions via <U+2018>FindNeighbors<U+2019> and <U+2018>FindClusters<U+2019> (with parameters: resolution = 0.5) functions. Any merged analysis or subsequent subsetting of cells/samples underwent the same scaling and normalization method.	Other	https://github.com/ding-lab/ST_subclone_publication/blob/main/Processing_script/snRNA_autoprocessing.sh	Release 6.0	Details	
snRNA-Seq_level_4-spatial_clone/snRNA_L4__HT365B1-S1H1_combo.rds	HTAN WUSTL		HTA12_251_6	scRNA-seq	Level 4	Upper-inner quadrant of breast		Infiltrating duct carcinoma NOS	Synapse	syn61465429	HTA12	RData	HTA12_251_4002	HTA12_251_3011;HTA12_251_3012;HTA12_251_3010		CellRanger	For each sample, we obtained the unfiltered feature-barcode matrix per sample by passing the demultiplexed FASTQs to cellranger v6.0.2 (cellranger-arc v2.0.0 for 10X multiome libraries) <U+2018>count<U+2019> command using default parameters and the prebuilt GRCh38 genome reference (refdata-gex-GRCh38-2020-A; GRCh38 and Ensembl 98). Seurat v4.1.0  was used for all subsequent analysis. First, a series of quality filters were applied to the data to remove those barcodes which fell into any one of these categories recommended by Seurat: too few total transcript counts (<300); possible debris with too few genes expressed (<200) and too few UMIs (<1,000); possible more than one cell with too many genes expressed (>80,000) and too many UMIs (>10,000); possible dead cell or a sign of cellular stress and apoptosis with too high proportion of mitochondrial gene expression over the total transcript counts (>10%). Doublets were filtered out using Scrublet (https://github.com/AllonKleinLab/scrublet). Scrublet was run on each sample separately with the following parameter settings: expected_doublet_rate=0.06, min_counts=2, min_cells=3, min_gene_variability_pctl=85, n_prin_comps=30. The doublet score threshold was adjusted manually. Each sample was scaled and normalized using Seurat<U+2019>s <U+2018>SCTransform<U+2019> function to correct for batch effects (with parameters: vars.to.regress = c("nCount_RNA", "percent.mito"), return.only.var.genes = F). Cells were clustered using the original Louvain algorithm and top 30 PCA dimensions via <U+2018>FindNeighbors<U+2019> and <U+2018>FindClusters<U+2019> (with parameters: resolution = 0.5) functions. Any merged analysis or subsequent subsetting of cells/samples underwent the same scaling and normalization method.	Other	https://github.com/ding-lab/ST_subclone_publication/blob/main/Processing_script/snRNA_autoprocessing.sh	Release 6.0	Details	
snRNA-Seq_level_4-spatial_clone/snRNA_L4__HT339B2-S1H2_combo.rds	HTAN WUSTL		HTA12_262_3	scRNA-seq	Level 4	Breast NOS	Chemotherapy	Ductal carcinoma NOS	Synapse	syn61465439	HTA12	RData	HTA12_262_4001	HTA12_262_3002;HTA12_262_3003;HTA12_262_3001		CellRanger	For each sample, we obtained the unfiltered feature-barcode matrix per sample by passing the demultiplexed FASTQs to cellranger v6.0.2 (cellranger-arc v2.0.0 for 10X multiome libraries) <U+2018>count<U+2019> command using default parameters and the prebuilt GRCh38 genome reference (refdata-gex-GRCh38-2020-A; GRCh38 and Ensembl 98). Seurat v4.1.0  was used for all subsequent analysis. First, a series of quality filters were applied to the data to remove those barcodes which fell into any one of these categories recommended by Seurat: too few total transcript counts (<300); possible debris with too few genes expressed (<200) and too few UMIs (<1,000); possible more than one cell with too many genes expressed (>80,000) and too many UMIs (>10,000); possible dead cell or a sign of cellular stress and apoptosis with too high proportion of mitochondrial gene expression over the total transcript counts (>10%). Doublets were filtered out using Scrublet (https://github.com/AllonKleinLab/scrublet). Scrublet was run on each sample separately with the following parameter settings: expected_doublet_rate=0.06, min_counts=2, min_cells=3, min_gene_variability_pctl=85, n_prin_comps=30. The doublet score threshold was adjusted manually. Each sample was scaled and normalized using Seurat<U+2019>s <U+2018>SCTransform<U+2019> function to correct for batch effects (with parameters: vars.to.regress = c("nCount_RNA", "percent.mito"), return.only.var.genes = F). Cells were clustered using the original Louvain algorithm and top 30 PCA dimensions via <U+2018>FindNeighbors<U+2019> and <U+2018>FindClusters<U+2019> (with parameters: resolution = 0.5) functions. Any merged analysis or subsequent subsetting of cells/samples underwent the same scaling and normalization method.	Other	https://github.com/ding-lab/ST_subclone_publication/blob/main/Processing_script/snRNA_autoprocessing.sh	Release 6.0	Details	
HTAN Duke/sc_RNAseq_level_3_qin/HTA6_2494_1-barcodes.tsv.gz	HTAN Duke		HTA6_2494_1	scRNA-seq	Level 3	Breast NOS		Ductal carcinoma in situ NOS	Synapse	syn64372029	HTA6	tsv	HTA6_2494_23	HTA6_2494_19		CellRanger	run `cellranger count` with `--expect-cells=10000`, `--chemistry='auto'` and reference bundle 'refdata-gex-GRCh38-2020-A' from the cellranger website	Cell Ranger v6.0.1	https://gitlab.oit.duke.edu/dcibioinformatics/pubs/pca-dcis-scrna-seq/-/tree/master/Cellranger	Release 6.2	Details	
HTAN Duke/sc_RNAseq_level_3_qin/HTA6_2495_1-barcodes.tsv.gz	HTAN Duke		HTA6_2495_1	scRNA-seq	Level 3	Breast NOS		Ductal carcinoma in situ NOS	Synapse	syn64372030	HTA6	tsv	HTA6_2495_14	HTA6_2495_12		CellRanger	run `cellranger count` with `--expect-cells=10000`, `--chemistry='auto'` and reference bundle 'refdata-gex-GRCh38-2020-A' from the cellranger website	Cell Ranger v6.0.1	https://gitlab.oit.duke.edu/dcibioinformatics/pubs/pca-dcis-scrna-seq/-/tree/master/Cellranger	Release 6.2	Details	
HTAN Duke/sc_RNAseq_level_3_qin/HTA6_2494_2-barcodes.tsv.gz	HTAN Duke		HTA6_2494_2	scRNA-seq	Level 3	Breast NOS		Ductal carcinoma in situ NOS	Synapse	syn64372031	HTA6	tsv	HTA6_2494_24	HTA6_2494_20		CellRanger	run `cellranger count` with `--expect-cells=10000`, `--chemistry='auto'` and reference bundle 'refdata-gex-GRCh38-2020-A' from the cellranger website	Cell Ranger v6.0.1	https://gitlab.oit.duke.edu/dcibioinformatics/pubs/pca-dcis-scrna-seq/-/tree/master/Cellranger	Release 6.2	Details	
HTAN Duke/sc_RNAseq_level_3_qin/HTA6_2496_1-barcodes.tsv.gz	HTAN Duke		HTA6_2496_1	scRNA-seq	Level 3	Breast NOS		Ductal carcinoma in situ NOS	Synapse	syn64372032	HTA6	tsv	HTA6_2496_10	HTA6_2496_8		CellRanger	run `cellranger count` with `--expect-cells=10000`, `--chemistry='auto'` and reference bundle 'refdata-gex-GRCh38-2020-A' from the cellranger website	Cell Ranger v6.0.1	https://gitlab.oit.duke.edu/dcibioinformatics/pubs/pca-dcis-scrna-seq/-/tree/master/Cellranger	Release 6.2	Details	
HTAN Duke/sc_RNAseq_level_3_qin/HTA6_2497_1-barcodes.tsv.gz	HTAN Duke		HTA6_2497_1	scRNA-seq	Level 3	Breast NOS		Ductal carcinoma in situ NOS	Synapse	syn64372033	HTA6	tsv	HTA6_2497_10	HTA6_2497_8		CellRanger	run `cellranger count` with `--expect-cells=10000`, `--chemistry='auto'` and reference bundle 'refdata-gex-GRCh38-2020-A' from the cellranger website	Cell Ranger v6.0.1	https://gitlab.oit.duke.edu/dcibioinformatics/pubs/pca-dcis-scrna-seq/-/tree/master/Cellranger	Release 6.2	Details	
HTAN Duke/sc_RNAseq_level_3_qin/HTA6_2498_1-barcodes.tsv.gz	HTAN Duke		HTA6_2498_1	scRNA-seq	Level 3	Breast NOS		Ductal carcinoma in situ NOS	Synapse	syn64372034	HTA6	tsv	HTA6_2498_33	HTA6_2498_29		CellRanger	run `cellranger count` with `--expect-cells=10000`, `--chemistry='auto'` and reference bundle 'refdata-gex-GRCh38-2020-A' from the cellranger website	Cell Ranger v6.0.1	https://gitlab.oit.duke.edu/dcibioinformatics/pubs/pca-dcis-scrna-seq/-/tree/master/Cellranger	Release 6.2	Details	
HTAN Duke/sc_RNAseq_level_3_qin/HTA6_2498_2-barcodes.tsv.gz	HTAN Duke		HTA6_2498_2	scRNA-seq	Level 3	Breast NOS		Ductal carcinoma in situ NOS	Synapse	syn64372035	HTA6	tsv	HTA6_2498_34	HTA6_2498_30		CellRanger	run `cellranger count` with `--expect-cells=10000`, `--chemistry='auto'` and reference bundle 'refdata-gex-GRCh38-2020-A' from the cellranger website	Cell Ranger v6.0.1	https://gitlab.oit.duke.edu/dcibioinformatics/pubs/pca-dcis-scrna-seq/-/tree/master/Cellranger	Release 6.2	Details	
HTAN Duke/sc_RNAseq_level_3_qin/HTA6_2499_1-barcodes.tsv.gz	HTAN Duke		HTA6_2499_1	scRNA-seq	Level 3	Breast NOS		Ductal carcinoma in situ NOS	Synapse	syn64372036	HTA6	tsv	HTA6_2499_19	HTA6_2499_17		CellRanger	run `cellranger count` with `--expect-cells=10000`, `--chemistry='auto'` and reference bundle 'refdata-gex-GRCh38-2020-A' from the cellranger website	Cell Ranger v6.0.1	https://gitlab.oit.duke.edu/dcibioinformatics/pubs/pca-dcis-scrna-seq/-/tree/master/Cellranger	Release 6.2	Details	
HTAN Duke/sc_RNAseq_level_3_qin/HTA6_2500_1-barcodes.tsv.gz	HTAN Duke		HTA6_2500_1	scRNA-seq	Level 3	Breast NOS		Ductal carcinoma in situ NOS	Synapse	syn64372037	HTA6	tsv	HTA6_2500_41	HTA6_2500_35		CellRanger	run `cellranger count` with `--expect-cells=10000`, `--chemistry='auto'` and reference bundle 'refdata-gex-GRCh38-2020-A' from the cellranger website	Cell Ranger v6.0.1	https://gitlab.oit.duke.edu/dcibioinformatics/pubs/pca-dcis-scrna-seq/-/tree/master/Cellranger	Release 6.2	Details	
HTAN Duke/sc_RNAseq_level_3_qin/HTA6_2500_2-barcodes.tsv.gz	HTAN Duke		HTA6_2500_2	scRNA-seq	Level 3	Breast NOS		Ductal carcinoma in situ NOS	Synapse	syn64372038	HTA6	tsv	HTA6_2500_42	HTA6_2500_36		CellRanger	run `cellranger count` with `--expect-cells=10000`, `--chemistry='auto'` and reference bundle 'refdata-gex-GRCh38-2020-A' from the cellranger website	Cell Ranger v6.0.1	https://gitlab.oit.duke.edu/dcibioinformatics/pubs/pca-dcis-scrna-seq/-/tree/master/Cellranger	Release 6.2	Details	
HTAN Duke/sc_RNAseq_level_3_qin/HTA6_2500_3-barcodes.tsv.gz	HTAN Duke		HTA6_2500_3	scRNA-seq	Level 3	Breast NOS		Ductal carcinoma in situ NOS	Synapse	syn64372039	HTA6	tsv	HTA6_2500_43	HTA6_2500_37		CellRanger	run `cellranger count` with `--expect-cells=10000`, `--chemistry='auto'` and reference bundle 'refdata-gex-GRCh38-2020-A' from the cellranger website	Cell Ranger v6.0.1	https://gitlab.oit.duke.edu/dcibioinformatics/pubs/pca-dcis-scrna-seq/-/tree/master/Cellranger	Release 6.2	Details	
HTAN Duke/sc_RNAseq_level_3_qin/HTA6_2501_1-barcodes.tsv.gz	HTAN Duke		HTA6_2501_1	scRNA-seq	Level 3	Breast NOS		Ductal carcinoma in situ NOS	Synapse	syn64372040	HTA6	tsv	HTA6_2501_61	HTA6_2501_55		CellRanger	run `cellranger count` with `--expect-cells=10000`, `--chemistry='auto'` and reference bundle 'refdata-gex-GRCh38-2020-A' from the cellranger website	Cell Ranger v6.0.1	https://gitlab.oit.duke.edu/dcibioinformatics/pubs/pca-dcis-scrna-seq/-/tree/master/Cellranger	Release 6.2	Details	
HTAN Duke/sc_RNAseq_level_3_qin/HTA6_2501_3-barcodes.tsv.gz	HTAN Duke		HTA6_2501_3	scRNA-seq	Level 3	Breast NOS		Ductal carcinoma in situ NOS	Synapse	syn64372041	HTA6	tsv	HTA6_2501_63	HTA6_2501_57		CellRanger	run `cellranger count` with `--expect-cells=10000`, `--chemistry='auto'` and reference bundle 'refdata-gex-GRCh38-2020-A' from the cellranger website	Cell Ranger v6.0.1	https://gitlab.oit.duke.edu/dcibioinformatics/pubs/pca-dcis-scrna-seq/-/tree/master/Cellranger	Release 6.2	Details	
HTAN Duke/sc_RNAseq_level_3_qin/HTA6_2501_2-barcodes.tsv.gz	HTAN Duke		HTA6_2501_2	scRNA-seq	Level 3	Breast NOS		Ductal carcinoma in situ NOS	Synapse	syn64372042	HTA6	tsv	HTA6_2501_62	HTA6_2501_56		CellRanger	run `cellranger count` with `--expect-cells=10000`, `--chemistry='auto'` and reference bundle 'refdata-gex-GRCh38-2020-A' from the cellranger website	Cell Ranger v6.0.1	https://gitlab.oit.duke.edu/dcibioinformatics/pubs/pca-dcis-scrna-seq/-/tree/master/Cellranger	Release 6.2	Details	
HTAN Duke/sc_RNAseq_level_3_qin/HTA6_2502_1-barcodes.tsv.gz	HTAN Duke		HTA6_2502_1	scRNA-seq	Level 3	Breast NOS		Ductal carcinoma in situ NOS	Synapse	syn64372043	HTA6	tsv	HTA6_2502_77	HTA6_2502_69		CellRanger	run `cellranger count` with `--expect-cells=10000`, `--chemistry='auto'` and reference bundle 'refdata-gex-GRCh38-2020-A' from the cellranger website	Cell Ranger v6.0.1	https://gitlab.oit.duke.edu/dcibioinformatics/pubs/pca-dcis-scrna-seq/-/tree/master/Cellranger	Release 6.2	Details	
HTAN Duke/sc_RNAseq_level_3_qin/HTA6_2502_2-barcodes.tsv.gz	HTAN Duke		HTA6_2502_2	scRNA-seq	Level 3	Breast NOS		Ductal carcinoma in situ NOS	Synapse	syn64372044	HTA6	tsv	HTA6_2502_78	HTA6_2502_70		CellRanger	run `cellranger count` with `--expect-cells=10000`, `--chemistry='auto'` and reference bundle 'refdata-gex-GRCh38-2020-A' from the cellranger website	Cell Ranger v6.0.1	https://gitlab.oit.duke.edu/dcibioinformatics/pubs/pca-dcis-scrna-seq/-/tree/master/Cellranger	Release 6.2	Details	
HTAN Duke/sc_RNAseq_level_3_qin/HTA6_2502_3-barcodes.tsv.gz	HTAN Duke		HTA6_2502_3	scRNA-seq	Level 3	Breast NOS		Ductal carcinoma in situ NOS	Synapse	syn64372045	HTA6	tsv	HTA6_2502_79	HTA6_2502_71		CellRanger	run `cellranger count` with `--expect-cells=10000`, `--chemistry='auto'` and reference bundle 'refdata-gex-GRCh38-2020-A' from the cellranger website	Cell Ranger v6.0.1	https://gitlab.oit.duke.edu/dcibioinformatics/pubs/pca-dcis-scrna-seq/-/tree/master/Cellranger	Release 6.2	Details	
HTAN Duke/sc_RNAseq_level_3_qin/HTA6_2502_4-barcodes.tsv.gz	HTAN Duke		HTA6_2502_4	scRNA-seq	Level 3	Breast NOS		Ductal carcinoma in situ NOS	Synapse	syn64372046	HTA6	tsv	HTA6_2502_80	HTA6_2502_72		CellRanger	run `cellranger count` with `--expect-cells=10000`, `--chemistry='auto'` and reference bundle 'refdata-gex-GRCh38-2020-A' from the cellranger website	Cell Ranger v6.0.1	https://gitlab.oit.duke.edu/dcibioinformatics/pubs/pca-dcis-scrna-seq/-/tree/master/Cellranger	Release 6.2	Details	
HTAN Duke/sc_RNAseq_level_3_qin/HTA6_2503_1-barcodes.tsv.gz	HTAN Duke		HTA6_2503_1	scRNA-seq	Level 3	Breast NOS		Ductal carcinoma in situ NOS	Synapse	syn64372047	HTA6	tsv	HTA6_2503_44	HTA6_2503_40		CellRanger	run `cellranger count` with `--expect-cells=10000`, `--chemistry='auto'` and reference bundle 'refdata-gex-GRCh38-2020-A' from the cellranger website	Cell Ranger v6.0.1	https://gitlab.oit.duke.edu/dcibioinformatics/pubs/pca-dcis-scrna-seq/-/tree/master/Cellranger	Release 6.2	Details	
HTAN Duke/sc_RNAseq_level_3_qin/HTA6_2503_2-barcodes.tsv.gz	HTAN Duke		HTA6_2503_2	scRNA-seq	Level 3	Breast NOS		Ductal carcinoma in situ NOS	Synapse	syn64372048	HTA6	tsv	HTA6_2503_45	HTA6_2503_41		CellRanger	run `cellranger count` with `--expect-cells=10000`, `--chemistry='auto'` and reference bundle 'refdata-gex-GRCh38-2020-A' from the cellranger website	Cell Ranger v6.0.1	https://gitlab.oit.duke.edu/dcibioinformatics/pubs/pca-dcis-scrna-seq/-/tree/master/Cellranger	Release 6.2	Details	
HTAN Duke/sc_RNAseq_level_3_qin/HTA6_2504_1-barcodes.tsv.gz	HTAN Duke		HTA6_2504_1	scRNA-seq	Level 3	Breast NOS		Ductal carcinoma in situ NOS	Synapse	syn64372049	HTA6	tsv	HTA6_2504_40	HTA6_2504_36		CellRanger	run `cellranger count` with `--expect-cells=10000`, `--chemistry='auto'` and reference bundle 'refdata-gex-GRCh38-2020-A' from the cellranger website	Cell Ranger v6.0.1	https://gitlab.oit.duke.edu/dcibioinformatics/pubs/pca-dcis-scrna-seq/-/tree/master/Cellranger	Release 6.2	Details	
HTAN Duke/sc_RNAseq_level_3_qin/HTA6_2504_2-barcodes.tsv.gz	HTAN Duke		HTA6_2504_2	scRNA-seq	Level 3	Breast NOS		Ductal carcinoma in situ NOS	Synapse	syn64372050	HTA6	tsv	HTA6_2504_41	HTA6_2504_37		CellRanger	run `cellranger count` with `--expect-cells=10000`, `--chemistry='auto'` and reference bundle 'refdata-gex-GRCh38-2020-A' from the cellranger website	Cell Ranger v6.0.1	https://gitlab.oit.duke.edu/dcibioinformatics/pubs/pca-dcis-scrna-seq/-/tree/master/Cellranger	Release 6.2	Details	
HTAN Duke/sc_RNAseq_level_3_qin/HTA6_2505_1-barcodes.tsv.gz	HTAN Duke		HTA6_2505_1	scRNA-seq	Level 3	Breast NOS		Ductal carcinoma in situ NOS	Synapse	syn64372051	HTA6	tsv	HTA6_2505_25	HTA6_2505_21		CellRanger	run `cellranger count` with `--expect-cells=10000`, `--chemistry='auto'` and reference bundle 'refdata-gex-GRCh38-2020-A' from the cellranger website	Cell Ranger v6.0.1	https://gitlab.oit.duke.edu/dcibioinformatics/pubs/pca-dcis-scrna-seq/-/tree/master/Cellranger	Release 6.2	Details	
HTAN Duke/sc_RNAseq_level_3_qin/HTA6_2505_2-barcodes.tsv.gz	HTAN Duke		HTA6_2505_2	scRNA-seq	Level 3	Breast NOS		Ductal carcinoma in situ NOS	Synapse	syn64372052	HTA6	tsv	HTA6_2505_26	HTA6_2505_22		CellRanger	run `cellranger count` with `--expect-cells=10000`, `--chemistry='auto'` and reference bundle 'refdata-gex-GRCh38-2020-A' from the cellranger website	Cell Ranger v6.0.1	https://gitlab.oit.duke.edu/dcibioinformatics/pubs/pca-dcis-scrna-seq/-/tree/master/Cellranger	Release 6.2	Details	
HTAN Duke/sc_RNAseq_level_3_qin/HTA6_2506_2-barcodes.tsv.gz	HTAN Duke		HTA6_2506_2	scRNA-seq	Level 3	Breast NOS		Ductal carcinoma in situ NOS	Synapse	syn64372053	HTA6	tsv	HTA6_2506_26	HTA6_2506_22		CellRanger	run `cellranger count` with `--expect-cells=10000`, `--chemistry='auto'` and reference bundle 'refdata-gex-GRCh38-2020-A' from the cellranger website	Cell Ranger v6.0.1	https://gitlab.oit.duke.edu/dcibioinformatics/pubs/pca-dcis-scrna-seq/-/tree/master/Cellranger	Release 6.2	Details	
HTAN Duke/sc_RNAseq_level_3_qin/HTA6_2507_1-barcodes.tsv.gz	HTAN Duke		HTA6_2507_1	scRNA-seq	Level 3	Breast NOS		Ductal carcinoma in situ NOS	Synapse	syn64372054	HTA6	tsv	HTA6_2507_12	HTA6_2507_10		CellRanger	run `cellranger count` with `--expect-cells=10000`, `--chemistry='auto'` and reference bundle 'refdata-gex-GRCh38-2020-A' from the cellranger website	Cell Ranger v6.0.1	https://gitlab.oit.duke.edu/dcibioinformatics/pubs/pca-dcis-scrna-seq/-/tree/master/Cellranger	Release 6.2	Details	
HTAN Duke/sc_RNAseq_level_3_qin/HTA6_2506_1-barcodes.tsv.gz	HTAN Duke		HTA6_2506_1	scRNA-seq	Level 3	Breast NOS		Ductal carcinoma in situ NOS	Synapse	syn64372055	HTA6	tsv	HTA6_2506_25	HTA6_2506_21		CellRanger	run `cellranger count` with `--expect-cells=10000`, `--chemistry='auto'` and reference bundle 'refdata-gex-GRCh38-2020-A' from the cellranger website	Cell Ranger v6.0.1	https://gitlab.oit.duke.edu/dcibioinformatics/pubs/pca-dcis-scrna-seq/-/tree/master/Cellranger	Release 6.2	Details	
HTAN Duke/sc_RNAseq_level_3_qin/HTA6_2508_1-barcodes.tsv.gz	HTAN Duke		HTA6_2508_1	scRNA-seq	Level 3	Breast NOS		Ductal carcinoma in situ NOS	Synapse	syn64372056	HTA6	tsv	HTA6_2508_23	HTA6_2508_19		CellRanger	run `cellranger count` with `--expect-cells=10000`, `--chemistry='auto'` and reference bundle 'refdata-gex-GRCh38-2020-A' from the cellranger website	Cell Ranger v6.0.1	https://gitlab.oit.duke.edu/dcibioinformatics/pubs/pca-dcis-scrna-seq/-/tree/master/Cellranger	Release 6.2	Details	
HTAN Duke/sc_RNAseq_level_3_qin/HTA6_2508_2-barcodes.tsv.gz	HTAN Duke		HTA6_2508_2	scRNA-seq	Level 3	Breast NOS		Ductal carcinoma in situ NOS	Synapse	syn64372057	HTA6	tsv	HTA6_2508_24	HTA6_2508_20		CellRanger	run `cellranger count` with `--expect-cells=10000`, `--chemistry='auto'` and reference bundle 'refdata-gex-GRCh38-2020-A' from the cellranger website	Cell Ranger v6.0.1	https://gitlab.oit.duke.edu/dcibioinformatics/pubs/pca-dcis-scrna-seq/-/tree/master/Cellranger	Release 6.2	Details	
HTAN Duke/sc_RNAseq_level_3_qin/HTA6_2509_1-barcodes.tsv.gz	HTAN Duke		HTA6_2509_1	scRNA-seq	Level 3	Breast NOS		Ductal carcinoma in situ NOS	Synapse	syn64372058	HTA6	tsv	HTA6_2509_12	HTA6_2509_10		CellRanger	run `cellranger count` with `--expect-cells=10000`, `--chemistry='auto'` and reference bundle 'refdata-gex-GRCh38-2020-A' from the cellranger website	Cell Ranger v6.0.1	https://gitlab.oit.duke.edu/dcibioinformatics/pubs/pca-dcis-scrna-seq/-/tree/master/Cellranger	Release 6.2	Details	
HTAN Duke/sc_RNAseq_level_3_qin/HTA6_2494_1-features.tsv.gz	HTAN Duke		HTA6_2494_1	scRNA-seq	Level 3	Breast NOS		Ductal carcinoma in situ NOS	Synapse	syn64372059	HTA6	tsv	HTA6_2494_25	HTA6_2494_19		CellRanger	run `cellranger count` with `--expect-cells=10000`, `--chemistry='auto'` and reference bundle 'refdata-gex-GRCh38-2020-A' from the cellranger website	Cell Ranger v6.0.1	https://gitlab.oit.duke.edu/dcibioinformatics/pubs/pca-dcis-scrna-seq/-/tree/master/Cellranger	Release 6.2	Details	
HTAN Duke/sc_RNAseq_level_3_qin/HTA6_2494_2-features.tsv.gz	HTAN Duke		HTA6_2494_2	scRNA-seq	Level 3	Breast NOS		Ductal carcinoma in situ NOS	Synapse	syn64372060	HTA6	tsv	HTA6_2494_26	HTA6_2494_20		CellRanger	run `cellranger count` with `--expect-cells=10000`, `--chemistry='auto'` and reference bundle 'refdata-gex-GRCh38-2020-A' from the cellranger website	Cell Ranger v6.0.1	https://gitlab.oit.duke.edu/dcibioinformatics/pubs/pca-dcis-scrna-seq/-/tree/master/Cellranger	Release 6.2	Details	
HTAN Duke/sc_RNAseq_level_3_qin/HTA6_2495_1-features.tsv.gz	HTAN Duke		HTA6_2495_1	scRNA-seq	Level 3	Breast NOS		Ductal carcinoma in situ NOS	Synapse	syn64372061	HTA6	tsv	HTA6_2495_15	HTA6_2495_12		CellRanger	run `cellranger count` with `--expect-cells=10000`, `--chemistry='auto'` and reference bundle 'refdata-gex-GRCh38-2020-A' from the cellranger website	Cell Ranger v6.0.1	https://gitlab.oit.duke.edu/dcibioinformatics/pubs/pca-dcis-scrna-seq/-/tree/master/Cellranger	Release 6.2	Details	
HTAN Duke/sc_RNAseq_level_3_qin/HTA6_2496_1-features.tsv.gz	HTAN Duke		HTA6_2496_1	scRNA-seq	Level 3	Breast NOS		Ductal carcinoma in situ NOS	Synapse	syn64372062	HTA6	tsv	HTA6_2496_11	HTA6_2496_8		CellRanger	run `cellranger count` with `--expect-cells=10000`, `--chemistry='auto'` and reference bundle 'refdata-gex-GRCh38-2020-A' from the cellranger website	Cell Ranger v6.0.1	https://gitlab.oit.duke.edu/dcibioinformatics/pubs/pca-dcis-scrna-seq/-/tree/master/Cellranger	Release 6.2	Details	
HTAN Duke/sc_RNAseq_level_3_qin/HTA6_2497_1-features.tsv.gz	HTAN Duke		HTA6_2497_1	scRNA-seq	Level 3	Breast NOS		Ductal carcinoma in situ NOS	Synapse	syn64372063	HTA6	tsv	HTA6_2497_11	HTA6_2497_8		CellRanger	run `cellranger count` with `--expect-cells=10000`, `--chemistry='auto'` and reference bundle 'refdata-gex-GRCh38-2020-A' from the cellranger website	Cell Ranger v6.0.1	https://gitlab.oit.duke.edu/dcibioinformatics/pubs/pca-dcis-scrna-seq/-/tree/master/Cellranger	Release 6.2	Details	
HTAN Duke/sc_RNAseq_level_3_qin/HTA6_2498_1-features.tsv.gz	HTAN Duke		HTA6_2498_1	scRNA-seq	Level 3	Breast NOS		Ductal carcinoma in situ NOS	Synapse	syn64372064	HTA6	tsv	HTA6_2498_35	HTA6_2498_29		CellRanger	run `cellranger count` with `--expect-cells=10000`, `--chemistry='auto'` and reference bundle 'refdata-gex-GRCh38-2020-A' from the cellranger website	Cell Ranger v6.0.1	https://gitlab.oit.duke.edu/dcibioinformatics/pubs/pca-dcis-scrna-seq/-/tree/master/Cellranger	Release 6.2	Details	
HTAN Duke/sc_RNAseq_level_3_qin/HTA6_2498_2-features.tsv.gz	HTAN Duke		HTA6_2498_2	scRNA-seq	Level 3	Breast NOS		Ductal carcinoma in situ NOS	Synapse	syn64372065	HTA6	tsv	HTA6_2498_36	HTA6_2498_30		CellRanger	run `cellranger count` with `--expect-cells=10000`, `--chemistry='auto'` and reference bundle 'refdata-gex-GRCh38-2020-A' from the cellranger website	Cell Ranger v6.0.1	https://gitlab.oit.duke.edu/dcibioinformatics/pubs/pca-dcis-scrna-seq/-/tree/master/Cellranger	Release 6.2	Details	
HTAN Duke/sc_RNAseq_level_3_qin/HTA6_2499_1-features.tsv.gz	HTAN Duke		HTA6_2499_1	scRNA-seq	Level 3	Breast NOS		Ductal carcinoma in situ NOS	Synapse	syn64372066	HTA6	tsv	HTA6_2499_20	HTA6_2499_17		CellRanger	run `cellranger count` with `--expect-cells=10000`, `--chemistry='auto'` and reference bundle 'refdata-gex-GRCh38-2020-A' from the cellranger website	Cell Ranger v6.0.1	https://gitlab.oit.duke.edu/dcibioinformatics/pubs/pca-dcis-scrna-seq/-/tree/master/Cellranger	Release 6.2	Details	
HTAN Duke/sc_RNAseq_level_3_qin/HTA6_2500_1-features.tsv.gz	HTAN Duke		HTA6_2500_1	scRNA-seq	Level 3	Breast NOS		Ductal carcinoma in situ NOS	Synapse	syn64372067	HTA6	tsv	HTA6_2500_44	HTA6_2500_35		CellRanger	run `cellranger count` with `--expect-cells=10000`, `--chemistry='auto'` and reference bundle 'refdata-gex-GRCh38-2020-A' from the cellranger website	Cell Ranger v6.0.1	https://gitlab.oit.duke.edu/dcibioinformatics/pubs/pca-dcis-scrna-seq/-/tree/master/Cellranger	Release 6.2	Details	
HTAN Duke/sc_RNAseq_level_3_qin/HTA6_2500_2-features.tsv.gz	HTAN Duke		HTA6_2500_2	scRNA-seq	Level 3	Breast NOS		Ductal carcinoma in situ NOS	Synapse	syn64372068	HTA6	tsv	HTA6_2500_45	HTA6_2500_36		CellRanger	run `cellranger count` with `--expect-cells=10000`, `--chemistry='auto'` and reference bundle 'refdata-gex-GRCh38-2020-A' from the cellranger website	Cell Ranger v6.0.1	https://gitlab.oit.duke.edu/dcibioinformatics/pubs/pca-dcis-scrna-seq/-/tree/master/Cellranger	Release 6.2	Details	
HTAN Duke/sc_RNAseq_level_3_qin/HTA6_2500_3-features.tsv.gz	HTAN Duke		HTA6_2500_3	scRNA-seq	Level 3	Breast NOS		Ductal carcinoma in situ NOS	Synapse	syn64372069	HTA6	tsv	HTA6_2500_46	HTA6_2500_37		CellRanger	run `cellranger count` with `--expect-cells=10000`, `--chemistry='auto'` and reference bundle 'refdata-gex-GRCh38-2020-A' from the cellranger website	Cell Ranger v6.0.1	https://gitlab.oit.duke.edu/dcibioinformatics/pubs/pca-dcis-scrna-seq/-/tree/master/Cellranger	Release 6.2	Details	
HTAN Duke/sc_RNAseq_level_3_qin/HTA6_2501_1-features.tsv.gz	HTAN Duke		HTA6_2501_1	scRNA-seq	Level 3	Breast NOS		Ductal carcinoma in situ NOS	Synapse	syn64372070	HTA6	tsv	HTA6_2501_64	HTA6_2501_55		CellRanger	run `cellranger count` with `--expect-cells=10000`, `--chemistry='auto'` and reference bundle 'refdata-gex-GRCh38-2020-A' from the cellranger website	Cell Ranger v6.0.1	https://gitlab.oit.duke.edu/dcibioinformatics/pubs/pca-dcis-scrna-seq/-/tree/master/Cellranger	Release 6.2	Details	
HTAN Duke/sc_RNAseq_level_3_qin/HTA6_2501_2-features.tsv.gz	HTAN Duke		HTA6_2501_2	scRNA-seq	Level 3	Breast NOS		Ductal carcinoma in situ NOS	Synapse	syn64372071	HTA6	tsv	HTA6_2501_65	HTA6_2501_56		CellRanger	run `cellranger count` with `--expect-cells=10000`, `--chemistry='auto'` and reference bundle 'refdata-gex-GRCh38-2020-A' from the cellranger website	Cell Ranger v6.0.1	https://gitlab.oit.duke.edu/dcibioinformatics/pubs/pca-dcis-scrna-seq/-/tree/master/Cellranger	Release 6.2	Details	
HTAN Duke/sc_RNAseq_level_3_qin/HTA6_2501_3-features.tsv.gz	HTAN Duke		HTA6_2501_3	scRNA-seq	Level 3	Breast NOS		Ductal carcinoma in situ NOS	Synapse	syn64372072	HTA6	tsv	HTA6_2501_66	HTA6_2501_57		CellRanger	run `cellranger count` with `--expect-cells=10000`, `--chemistry='auto'` and reference bundle 'refdata-gex-GRCh38-2020-A' from the cellranger website	Cell Ranger v6.0.1	https://gitlab.oit.duke.edu/dcibioinformatics/pubs/pca-dcis-scrna-seq/-/tree/master/Cellranger	Release 6.2	Details	
HTAN Duke/sc_RNAseq_level_3_qin/HTA6_2502_1-features.tsv.gz	HTAN Duke		HTA6_2502_1	scRNA-seq	Level 3	Breast NOS		Ductal carcinoma in situ NOS	Synapse	syn64372073	HTA6	tsv	HTA6_2502_81	HTA6_2502_69		CellRanger	run `cellranger count` with `--expect-cells=10000`, `--chemistry='auto'` and reference bundle 'refdata-gex-GRCh38-2020-A' from the cellranger website	Cell Ranger v6.0.1	https://gitlab.oit.duke.edu/dcibioinformatics/pubs/pca-dcis-scrna-seq/-/tree/master/Cellranger	Release 6.2	Details	
HTAN Duke/sc_RNAseq_level_3_qin/HTA6_2502_2-features.tsv.gz	HTAN Duke		HTA6_2502_2	scRNA-seq	Level 3	Breast NOS		Ductal carcinoma in situ NOS	Synapse	syn64372074	HTA6	tsv	HTA6_2502_82	HTA6_2502_70		CellRanger	run `cellranger count` with `--expect-cells=10000`, `--chemistry='auto'` and reference bundle 'refdata-gex-GRCh38-2020-A' from the cellranger website	Cell Ranger v6.0.1	https://gitlab.oit.duke.edu/dcibioinformatics/pubs/pca-dcis-scrna-seq/-/tree/master/Cellranger	Release 6.2	Details	
HTAN Duke/sc_RNAseq_level_3_qin/HTA6_2502_3-features.tsv.gz	HTAN Duke		HTA6_2502_3	scRNA-seq	Level 3	Breast NOS		Ductal carcinoma in situ NOS	Synapse	syn64372075	HTA6	tsv	HTA6_2502_83	HTA6_2502_71		CellRanger	run `cellranger count` with `--expect-cells=10000`, `--chemistry='auto'` and reference bundle 'refdata-gex-GRCh38-2020-A' from the cellranger website	Cell Ranger v6.0.1	https://gitlab.oit.duke.edu/dcibioinformatics/pubs/pca-dcis-scrna-seq/-/tree/master/Cellranger	Release 6.2	Details	
HTAN Duke/sc_RNAseq_level_3_qin/HTA6_2502_4-features.tsv.gz	HTAN Duke		HTA6_2502_4	scRNA-seq	Level 3	Breast NOS		Ductal carcinoma in situ NOS	Synapse	syn64372076	HTA6	tsv	HTA6_2502_84	HTA6_2502_72		CellRanger	run `cellranger count` with `--expect-cells=10000`, `--chemistry='auto'` and reference bundle 'refdata-gex-GRCh38-2020-A' from the cellranger website	Cell Ranger v6.0.1	https://gitlab.oit.duke.edu/dcibioinformatics/pubs/pca-dcis-scrna-seq/-/tree/master/Cellranger	Release 6.2	Details	
HTAN Duke/sc_RNAseq_level_3_qin/HTA6_2503_1-features.tsv.gz	HTAN Duke		HTA6_2503_1	scRNA-seq	Level 3	Breast NOS		Ductal carcinoma in situ NOS	Synapse	syn64372077	HTA6	tsv	HTA6_2503_46	HTA6_2503_40		CellRanger	run `cellranger count` with `--expect-cells=10000`, `--chemistry='auto'` and reference bundle 'refdata-gex-GRCh38-2020-A' from the cellranger website	Cell Ranger v6.0.1	https://gitlab.oit.duke.edu/dcibioinformatics/pubs/pca-dcis-scrna-seq/-/tree/master/Cellranger	Release 6.2	Details	
HTAN Duke/sc_RNAseq_level_3_qin/HTA6_2503_2-features.tsv.gz	HTAN Duke		HTA6_2503_2	scRNA-seq	Level 3	Breast NOS		Ductal carcinoma in situ NOS	Synapse	syn64372078	HTA6	tsv	HTA6_2503_47	HTA6_2503_41		CellRanger	run `cellranger count` with `--expect-cells=10000`, `--chemistry='auto'` and reference bundle 'refdata-gex-GRCh38-2020-A' from the cellranger website	Cell Ranger v6.0.1	https://gitlab.oit.duke.edu/dcibioinformatics/pubs/pca-dcis-scrna-seq/-/tree/master/Cellranger	Release 6.2	Details	
HTAN Duke/sc_RNAseq_level_3_qin/HTA6_2504_1-features.tsv.gz	HTAN Duke		HTA6_2504_1	scRNA-seq	Level 3	Breast NOS		Ductal carcinoma in situ NOS	Synapse	syn64372079	HTA6	tsv	HTA6_2504_42	HTA6_2504_36		CellRanger	run `cellranger count` with `--expect-cells=10000`, `--chemistry='auto'` and reference bundle 'refdata-gex-GRCh38-2020-A' from the cellranger website	Cell Ranger v6.0.1	https://gitlab.oit.duke.edu/dcibioinformatics/pubs/pca-dcis-scrna-seq/-/tree/master/Cellranger	Release 6.2	Details	
HTAN Duke/sc_RNAseq_level_3_qin/HTA6_2504_2-features.tsv.gz	HTAN Duke		HTA6_2504_2	scRNA-seq	Level 3	Breast NOS		Ductal carcinoma in situ NOS	Synapse	syn64372080	HTA6	tsv	HTA6_2504_43	HTA6_2504_37		CellRanger	run `cellranger count` with `--expect-cells=10000`, `--chemistry='auto'` and reference bundle 'refdata-gex-GRCh38-2020-A' from the cellranger website	Cell Ranger v6.0.1	https://gitlab.oit.duke.edu/dcibioinformatics/pubs/pca-dcis-scrna-seq/-/tree/master/Cellranger	Release 6.2	Details	
HTAN Duke/sc_RNAseq_level_3_qin/HTA6_2505_1-features.tsv.gz	HTAN Duke		HTA6_2505_1	scRNA-seq	Level 3	Breast NOS		Ductal carcinoma in situ NOS	Synapse	syn64372081	HTA6	tsv	HTA6_2505_27	HTA6_2505_21		CellRanger	run `cellranger count` with `--expect-cells=10000`, `--chemistry='auto'` and reference bundle 'refdata-gex-GRCh38-2020-A' from the cellranger website	Cell Ranger v6.0.1	https://gitlab.oit.duke.edu/dcibioinformatics/pubs/pca-dcis-scrna-seq/-/tree/master/Cellranger	Release 6.2	Details	
HTAN Duke/sc_RNAseq_level_3_qin/HTA6_2505_2-features.tsv.gz	HTAN Duke		HTA6_2505_2	scRNA-seq	Level 3	Breast NOS		Ductal carcinoma in situ NOS	Synapse	syn64372082	HTA6	tsv	HTA6_2505_28	HTA6_2505_22		CellRanger	run `cellranger count` with `--expect-cells=10000`, `--chemistry='auto'` and reference bundle 'refdata-gex-GRCh38-2020-A' from the cellranger website	Cell Ranger v6.0.1	https://gitlab.oit.duke.edu/dcibioinformatics/pubs/pca-dcis-scrna-seq/-/tree/master/Cellranger	Release 6.2	Details	
HTAN Duke/sc_RNAseq_level_3_qin/HTA6_2506_1-features.tsv.gz	HTAN Duke		HTA6_2506_1	scRNA-seq	Level 3	Breast NOS		Ductal carcinoma in situ NOS	Synapse	syn64372083	HTA6	tsv	HTA6_2506_27	HTA6_2506_21		CellRanger	run `cellranger count` with `--expect-cells=10000`, `--chemistry='auto'` and reference bundle 'refdata-gex-GRCh38-2020-A' from the cellranger website	Cell Ranger v6.0.1	https://gitlab.oit.duke.edu/dcibioinformatics/pubs/pca-dcis-scrna-seq/-/tree/master/Cellranger	Release 6.2	Details	
HTAN Duke/sc_RNAseq_level_3_qin/HTA6_2506_2-features.tsv.gz	HTAN Duke		HTA6_2506_2	scRNA-seq	Level 3	Breast NOS		Ductal carcinoma in situ NOS	Synapse	syn64372084	HTA6	tsv	HTA6_2506_28	HTA6_2506_22		CellRanger	run `cellranger count` with `--expect-cells=10000`, `--chemistry='auto'` and reference bundle 'refdata-gex-GRCh38-2020-A' from the cellranger website	Cell Ranger v6.0.1	https://gitlab.oit.duke.edu/dcibioinformatics/pubs/pca-dcis-scrna-seq/-/tree/master/Cellranger	Release 6.2	Details	
HTAN Duke/sc_RNAseq_level_3_qin/HTA6_2507_1-features.tsv.gz	HTAN Duke		HTA6_2507_1	scRNA-seq	Level 3	Breast NOS		Ductal carcinoma in situ NOS	Synapse	syn64372085	HTA6	tsv	HTA6_2507_13	HTA6_2507_10		CellRanger	run `cellranger count` with `--expect-cells=10000`, `--chemistry='auto'` and reference bundle 'refdata-gex-GRCh38-2020-A' from the cellranger website	Cell Ranger v6.0.1	https://gitlab.oit.duke.edu/dcibioinformatics/pubs/pca-dcis-scrna-seq/-/tree/master/Cellranger	Release 6.2	Details	
HTAN Duke/sc_RNAseq_level_3_qin/HTA6_2508_1-features.tsv.gz	HTAN Duke		HTA6_2508_1	scRNA-seq	Level 3	Breast NOS		Ductal carcinoma in situ NOS	Synapse	syn64372086	HTA6	tsv	HTA6_2508_25	HTA6_2508_19		CellRanger	run `cellranger count` with `--expect-cells=10000`, `--chemistry='auto'` and reference bundle 'refdata-gex-GRCh38-2020-A' from the cellranger website	Cell Ranger v6.0.1	https://gitlab.oit.duke.edu/dcibioinformatics/pubs/pca-dcis-scrna-seq/-/tree/master/Cellranger	Release 6.2	Details	
HTAN Duke/sc_RNAseq_level_3_qin/HTA6_2508_2-features.tsv.gz	HTAN Duke		HTA6_2508_2	scRNA-seq	Level 3	Breast NOS		Ductal carcinoma in situ NOS	Synapse	syn64372087	HTA6	tsv	HTA6_2508_26	HTA6_2508_20		CellRanger	run `cellranger count` with `--expect-cells=10000`, `--chemistry='auto'` and reference bundle 'refdata-gex-GRCh38-2020-A' from the cellranger website	Cell Ranger v6.0.1	https://gitlab.oit.duke.edu/dcibioinformatics/pubs/pca-dcis-scrna-seq/-/tree/master/Cellranger	Release 6.2	Details	
HTAN Duke/sc_RNAseq_level_3_qin/HTA6_2509_1-features.tsv.gz	HTAN Duke		HTA6_2509_1	scRNA-seq	Level 3	Breast NOS		Ductal carcinoma in situ NOS	Synapse	syn64372088	HTA6	tsv	HTA6_2509_13	HTA6_2509_10		CellRanger	run `cellranger count` with `--expect-cells=10000`, `--chemistry='auto'` and reference bundle 'refdata-gex-GRCh38-2020-A' from the cellranger website	Cell Ranger v6.0.1	https://gitlab.oit.duke.edu/dcibioinformatics/pubs/pca-dcis-scrna-seq/-/tree/master/Cellranger	Release 6.2	Details	
HTAN Duke/sc_RNAseq_level_3_qin/HTA6_2494_1-matrix.mtx.gz	HTAN Duke		HTA6_2494_1	scRNA-seq	Level 3	Breast NOS		Ductal carcinoma in situ NOS	Synapse	syn64372097	HTA6	mtx	HTA6_2494_27	HTA6_2494_19		CellRanger	run `cellranger count` with `--expect-cells=10000`, `--chemistry='auto'` and reference bundle 'refdata-gex-GRCh38-2020-A' from the cellranger website	Cell Ranger v6.0.1	https://gitlab.oit.duke.edu/dcibioinformatics/pubs/pca-dcis-scrna-seq/-/tree/master/Cellranger	Release 6.2	Details	
HTAN Duke/sc_RNAseq_level_3_qin/HTA6_2494_2-matrix.mtx.gz	HTAN Duke		HTA6_2494_2	scRNA-seq	Level 3	Breast NOS		Ductal carcinoma in situ NOS	Synapse	syn64372098	HTA6	mtx	HTA6_2494_28	HTA6_2494_20		CellRanger	run `cellranger count` with `--expect-cells=10000`, `--chemistry='auto'` and reference bundle 'refdata-gex-GRCh38-2020-A' from the cellranger website	Cell Ranger v6.0.1	https://gitlab.oit.duke.edu/dcibioinformatics/pubs/pca-dcis-scrna-seq/-/tree/master/Cellranger	Release 6.2	Details	
HTAN Duke/sc_RNAseq_level_3_qin/HTA6_2495_1-matrix.mtx.gz	HTAN Duke		HTA6_2495_1	scRNA-seq	Level 3	Breast NOS		Ductal carcinoma in situ NOS	Synapse	syn64372099	HTA6	mtx	HTA6_2495_16	HTA6_2495_12		CellRanger	run `cellranger count` with `--expect-cells=10000`, `--chemistry='auto'` and reference bundle 'refdata-gex-GRCh38-2020-A' from the cellranger website	Cell Ranger v6.0.1	https://gitlab.oit.duke.edu/dcibioinformatics/pubs/pca-dcis-scrna-seq/-/tree/master/Cellranger	Release 6.2	Details	
HTAN Duke/sc_RNAseq_level_3_qin/HTA6_2496_1-matrix.mtx.gz	HTAN Duke		HTA6_2496_1	scRNA-seq	Level 3	Breast NOS		Ductal carcinoma in situ NOS	Synapse	syn64372100	HTA6	mtx	HTA6_2496_12	HTA6_2496_8		CellRanger	run `cellranger count` with `--expect-cells=10000`, `--chemistry='auto'` and reference bundle 'refdata-gex-GRCh38-2020-A' from the cellranger website	Cell Ranger v6.0.1	https://gitlab.oit.duke.edu/dcibioinformatics/pubs/pca-dcis-scrna-seq/-/tree/master/Cellranger	Release 6.2	Details	
HTAN Duke/sc_RNAseq_level_3_qin/HTA6_2497_1-matrix.mtx.gz	HTAN Duke		HTA6_2497_1	scRNA-seq	Level 3	Breast NOS		Ductal carcinoma in situ NOS	Synapse	syn64372101	HTA6	mtx	HTA6_2497_12	HTA6_2497_8		CellRanger	run `cellranger count` with `--expect-cells=10000`, `--chemistry='auto'` and reference bundle 'refdata-gex-GRCh38-2020-A' from the cellranger website	Cell Ranger v6.0.1	https://gitlab.oit.duke.edu/dcibioinformatics/pubs/pca-dcis-scrna-seq/-/tree/master/Cellranger	Release 6.2	Details	
HTAN Duke/sc_RNAseq_level_3_qin/HTA6_2498_1-matrix.mtx.gz	HTAN Duke		HTA6_2498_1	scRNA-seq	Level 3	Breast NOS		Ductal carcinoma in situ NOS	Synapse	syn64372102	HTA6	mtx	HTA6_2498_37	HTA6_2498_29		CellRanger	run `cellranger count` with `--expect-cells=10000`, `--chemistry='auto'` and reference bundle 'refdata-gex-GRCh38-2020-A' from the cellranger website	Cell Ranger v6.0.1	https://gitlab.oit.duke.edu/dcibioinformatics/pubs/pca-dcis-scrna-seq/-/tree/master/Cellranger	Release 6.2	Details	
HTAN Duke/sc_RNAseq_level_3_qin/HTA6_2498_2-matrix.mtx.gz	HTAN Duke		HTA6_2498_2	scRNA-seq	Level 3	Breast NOS		Ductal carcinoma in situ NOS	Synapse	syn64372103	HTA6	mtx	HTA6_2498_38	HTA6_2498_30		CellRanger	run `cellranger count` with `--expect-cells=10000`, `--chemistry='auto'` and reference bundle 'refdata-gex-GRCh38-2020-A' from the cellranger website	Cell Ranger v6.0.1	https://gitlab.oit.duke.edu/dcibioinformatics/pubs/pca-dcis-scrna-seq/-/tree/master/Cellranger	Release 6.2	Details	
HTAN Duke/sc_RNAseq_level_3_qin/HTA6_2499_1-matrix.mtx.gz	HTAN Duke		HTA6_2499_1	scRNA-seq	Level 3	Breast NOS		Ductal carcinoma in situ NOS	Synapse	syn64372104	HTA6	mtx	HTA6_2499_21	HTA6_2499_17		CellRanger	run `cellranger count` with `--expect-cells=10000`, `--chemistry='auto'` and reference bundle 'refdata-gex-GRCh38-2020-A' from the cellranger website	Cell Ranger v6.0.1	https://gitlab.oit.duke.edu/dcibioinformatics/pubs/pca-dcis-scrna-seq/-/tree/master/Cellranger	Release 6.2	Details	
HTAN Duke/sc_RNAseq_level_3_qin/HTA6_2500_1-matrix.mtx.gz	HTAN Duke		HTA6_2500_1	scRNA-seq	Level 3	Breast NOS		Ductal carcinoma in situ NOS	Synapse	syn64372105	HTA6	mtx	HTA6_2500_47	HTA6_2500_35		CellRanger	run `cellranger count` with `--expect-cells=10000`, `--chemistry='auto'` and reference bundle 'refdata-gex-GRCh38-2020-A' from the cellranger website	Cell Ranger v6.0.1	https://gitlab.oit.duke.edu/dcibioinformatics/pubs/pca-dcis-scrna-seq/-/tree/master/Cellranger	Release 6.2	Details	
HTAN Duke/sc_RNAseq_level_3_qin/HTA6_2500_2-matrix.mtx.gz	HTAN Duke		HTA6_2500_2	scRNA-seq	Level 3	Breast NOS		Ductal carcinoma in situ NOS	Synapse	syn64372106	HTA6	mtx	HTA6_2500_48	HTA6_2500_36		CellRanger	run `cellranger count` with `--expect-cells=10000`, `--chemistry='auto'` and reference bundle 'refdata-gex-GRCh38-2020-A' from the cellranger website	Cell Ranger v6.0.1	https://gitlab.oit.duke.edu/dcibioinformatics/pubs/pca-dcis-scrna-seq/-/tree/master/Cellranger	Release 6.2	Details	
HTAN Duke/sc_RNAseq_level_3_qin/HTA6_2500_3-matrix.mtx.gz	HTAN Duke		HTA6_2500_3	scRNA-seq	Level 3	Breast NOS		Ductal carcinoma in situ NOS	Synapse	syn64372107	HTA6	mtx	HTA6_2500_49	HTA6_2500_37		CellRanger	run `cellranger count` with `--expect-cells=10000`, `--chemistry='auto'` and reference bundle 'refdata-gex-GRCh38-2020-A' from the cellranger website	Cell Ranger v6.0.1	https://gitlab.oit.duke.edu/dcibioinformatics/pubs/pca-dcis-scrna-seq/-/tree/master/Cellranger	Release 6.2	Details	
HTAN Duke/sc_RNAseq_level_3_qin/HTA6_2501_1-matrix.mtx.gz	HTAN Duke		HTA6_2501_1	scRNA-seq	Level 3	Breast NOS		Ductal carcinoma in situ NOS	Synapse	syn64372108	HTA6	mtx	HTA6_2501_67	HTA6_2501_55		CellRanger	run `cellranger count` with `--expect-cells=10000`, `--chemistry='auto'` and reference bundle 'refdata-gex-GRCh38-2020-A' from the cellranger website	Cell Ranger v6.0.1	https://gitlab.oit.duke.edu/dcibioinformatics/pubs/pca-dcis-scrna-seq/-/tree/master/Cellranger	Release 6.2	Details	
HTAN Duke/sc_RNAseq_level_3_qin/HTA6_2501_2-matrix.mtx.gz	HTAN Duke		HTA6_2501_2	scRNA-seq	Level 3	Breast NOS		Ductal carcinoma in situ NOS	Synapse	syn64372109	HTA6	mtx	HTA6_2501_68	HTA6_2501_56		CellRanger	run `cellranger count` with `--expect-cells=10000`, `--chemistry='auto'` and reference bundle 'refdata-gex-GRCh38-2020-A' from the cellranger website	Cell Ranger v6.0.1	https://gitlab.oit.duke.edu/dcibioinformatics/pubs/pca-dcis-scrna-seq/-/tree/master/Cellranger	Release 6.2	Details	
HTAN Duke/sc_RNAseq_level_3_qin/HTA6_2501_3-matrix.mtx.gz	HTAN Duke		HTA6_2501_3	scRNA-seq	Level 3	Breast NOS		Ductal carcinoma in situ NOS	Synapse	syn64372110	HTA6	mtx	HTA6_2501_69	HTA6_2501_57		CellRanger	run `cellranger count` with `--expect-cells=10000`, `--chemistry='auto'` and reference bundle 'refdata-gex-GRCh38-2020-A' from the cellranger website	Cell Ranger v6.0.1	https://gitlab.oit.duke.edu/dcibioinformatics/pubs/pca-dcis-scrna-seq/-/tree/master/Cellranger	Release 6.2	Details	
HTAN Duke/sc_RNAseq_level_3_qin/HTA6_2502_1-matrix.mtx.gz	HTAN Duke		HTA6_2502_1	scRNA-seq	Level 3	Breast NOS		Ductal carcinoma in situ NOS	Synapse	syn64372111	HTA6	mtx	HTA6_2502_85	HTA6_2502_69		CellRanger	run `cellranger count` with `--expect-cells=10000`, `--chemistry='auto'` and reference bundle 'refdata-gex-GRCh38-2020-A' from the cellranger website	Cell Ranger v6.0.1	https://gitlab.oit.duke.edu/dcibioinformatics/pubs/pca-dcis-scrna-seq/-/tree/master/Cellranger	Release 6.2	Details	
HTAN Duke/sc_RNAseq_level_3_qin/HTA6_2502_2-matrix.mtx.gz	HTAN Duke		HTA6_2502_2	scRNA-seq	Level 3	Breast NOS		Ductal carcinoma in situ NOS	Synapse	syn64372112	HTA6	mtx	HTA6_2502_86	HTA6_2502_70		CellRanger	run `cellranger count` with `--expect-cells=10000`, `--chemistry='auto'` and reference bundle 'refdata-gex-GRCh38-2020-A' from the cellranger website	Cell Ranger v6.0.1	https://gitlab.oit.duke.edu/dcibioinformatics/pubs/pca-dcis-scrna-seq/-/tree/master/Cellranger	Release 6.2	Details	
HTAN Duke/sc_RNAseq_level_3_qin/HTA6_2502_3-matrix.mtx.gz	HTAN Duke		HTA6_2502_3	scRNA-seq	Level 3	Breast NOS		Ductal carcinoma in situ NOS	Synapse	syn64372113	HTA6	mtx	HTA6_2502_87	HTA6_2502_71		CellRanger	run `cellranger count` with `--expect-cells=10000`, `--chemistry='auto'` and reference bundle 'refdata-gex-GRCh38-2020-A' from the cellranger website	Cell Ranger v6.0.1	https://gitlab.oit.duke.edu/dcibioinformatics/pubs/pca-dcis-scrna-seq/-/tree/master/Cellranger	Release 6.2	Details	
HTAN Duke/sc_RNAseq_level_3_qin/HTA6_2502_4-matrix.mtx.gz	HTAN Duke		HTA6_2502_4	scRNA-seq	Level 3	Breast NOS		Ductal carcinoma in situ NOS	Synapse	syn64372114	HTA6	mtx	HTA6_2502_88	HTA6_2502_72		CellRanger	run `cellranger count` with `--expect-cells=10000`, `--chemistry='auto'` and reference bundle 'refdata-gex-GRCh38-2020-A' from the cellranger website	Cell Ranger v6.0.1	https://gitlab.oit.duke.edu/dcibioinformatics/pubs/pca-dcis-scrna-seq/-/tree/master/Cellranger	Release 6.2	Details	
HTAN Duke/sc_RNAseq_level_3_qin/HTA6_2503_1-matrix.mtx.gz	HTAN Duke		HTA6_2503_1	scRNA-seq	Level 3	Breast NOS		Ductal carcinoma in situ NOS	Synapse	syn64372115	HTA6	mtx	HTA6_2503_48	HTA6_2503_40		CellRanger	run `cellranger count` with `--expect-cells=10000`, `--chemistry='auto'` and reference bundle 'refdata-gex-GRCh38-2020-A' from the cellranger website	Cell Ranger v6.0.1	https://gitlab.oit.duke.edu/dcibioinformatics/pubs/pca-dcis-scrna-seq/-/tree/master/Cellranger	Release 6.2	Details	
HTAN Duke/sc_RNAseq_level_3_qin/HTA6_2503_2-matrix.mtx.gz	HTAN Duke		HTA6_2503_2	scRNA-seq	Level 3	Breast NOS		Ductal carcinoma in situ NOS	Synapse	syn64372116	HTA6	mtx	HTA6_2503_49	HTA6_2503_41		CellRanger	run `cellranger count` with `--expect-cells=10000`, `--chemistry='auto'` and reference bundle 'refdata-gex-GRCh38-2020-A' from the cellranger website	Cell Ranger v6.0.1	https://gitlab.oit.duke.edu/dcibioinformatics/pubs/pca-dcis-scrna-seq/-/tree/master/Cellranger	Release 6.2	Details	
HTAN Duke/sc_RNAseq_level_3_qin/HTA6_2504_1-matrix.mtx.gz	HTAN Duke		HTA6_2504_1	scRNA-seq	Level 3	Breast NOS		Ductal carcinoma in situ NOS	Synapse	syn64372117	HTA6	mtx	HTA6_2504_44	HTA6_2504_36		CellRanger	run `cellranger count` with `--expect-cells=10000`, `--chemistry='auto'` and reference bundle 'refdata-gex-GRCh38-2020-A' from the cellranger website	Cell Ranger v6.0.1	https://gitlab.oit.duke.edu/dcibioinformatics/pubs/pca-dcis-scrna-seq/-/tree/master/Cellranger	Release 6.2	Details	
HTAN Duke/sc_RNAseq_level_3_qin/HTA6_2504_2-matrix.mtx.gz	HTAN Duke		HTA6_2504_2	scRNA-seq	Level 3	Breast NOS		Ductal carcinoma in situ NOS	Synapse	syn64372118	HTA6	mtx	HTA6_2504_45	HTA6_2504_37		CellRanger	run `cellranger count` with `--expect-cells=10000`, `--chemistry='auto'` and reference bundle 'refdata-gex-GRCh38-2020-A' from the cellranger website	Cell Ranger v6.0.1	https://gitlab.oit.duke.edu/dcibioinformatics/pubs/pca-dcis-scrna-seq/-/tree/master/Cellranger	Release 6.2	Details	
HTAN Duke/sc_RNAseq_level_3_qin/HTA6_2505_1-matrix.mtx.gz	HTAN Duke		HTA6_2505_1	scRNA-seq	Level 3	Breast NOS		Ductal carcinoma in situ NOS	Synapse	syn64372119	HTA6	mtx	HTA6_2505_29	HTA6_2505_21		CellRanger	run `cellranger count` with `--expect-cells=10000`, `--chemistry='auto'` and reference bundle 'refdata-gex-GRCh38-2020-A' from the cellranger website	Cell Ranger v6.0.1	https://gitlab.oit.duke.edu/dcibioinformatics/pubs/pca-dcis-scrna-seq/-/tree/master/Cellranger	Release 6.2	Details	
HTAN Duke/sc_RNAseq_level_3_qin/HTA6_2505_2-matrix.mtx.gz	HTAN Duke		HTA6_2505_2	scRNA-seq	Level 3	Breast NOS		Ductal carcinoma in situ NOS	Synapse	syn64372120	HTA6	mtx	HTA6_2505_30	HTA6_2505_22		CellRanger	run `cellranger count` with `--expect-cells=10000`, `--chemistry='auto'` and reference bundle 'refdata-gex-GRCh38-2020-A' from the cellranger website	Cell Ranger v6.0.1	https://gitlab.oit.duke.edu/dcibioinformatics/pubs/pca-dcis-scrna-seq/-/tree/master/Cellranger	Release 6.2	Details	
HTAN Duke/sc_RNAseq_level_3_qin/HTA6_2506_1-matrix.mtx.gz	HTAN Duke		HTA6_2506_1	scRNA-seq	Level 3	Breast NOS		Ductal carcinoma in situ NOS	Synapse	syn64372121	HTA6	mtx	HTA6_2506_29	HTA6_2506_21		CellRanger	run `cellranger count` with `--expect-cells=10000`, `--chemistry='auto'` and reference bundle 'refdata-gex-GRCh38-2020-A' from the cellranger website	Cell Ranger v6.0.1	https://gitlab.oit.duke.edu/dcibioinformatics/pubs/pca-dcis-scrna-seq/-/tree/master/Cellranger	Release 6.2	Details	
HTAN Duke/sc_RNAseq_level_3_qin/HTA6_2506_2-matrix.mtx.gz	HTAN Duke		HTA6_2506_2	scRNA-seq	Level 3	Breast NOS		Ductal carcinoma in situ NOS	Synapse	syn64372122	HTA6	mtx	HTA6_2506_30	HTA6_2506_22		CellRanger	run `cellranger count` with `--expect-cells=10000`, `--chemistry='auto'` and reference bundle 'refdata-gex-GRCh38-2020-A' from the cellranger website	Cell Ranger v6.0.1	https://gitlab.oit.duke.edu/dcibioinformatics/pubs/pca-dcis-scrna-seq/-/tree/master/Cellranger	Release 6.2	Details	
HTAN Duke/sc_RNAseq_level_3_qin/HTA6_2507_1-matrix.mtx.gz	HTAN Duke		HTA6_2507_1	scRNA-seq	Level 3	Breast NOS		Ductal carcinoma in situ NOS	Synapse	syn64372123	HTA6	mtx	HTA6_2507_14	HTA6_2507_10		CellRanger	run `cellranger count` with `--expect-cells=10000`, `--chemistry='auto'` and reference bundle 'refdata-gex-GRCh38-2020-A' from the cellranger website	Cell Ranger v6.0.1	https://gitlab.oit.duke.edu/dcibioinformatics/pubs/pca-dcis-scrna-seq/-/tree/master/Cellranger	Release 6.2	Details	
HTAN Duke/sc_RNAseq_level_3_qin/HTA6_2508_1-matrix.mtx.gz	HTAN Duke		HTA6_2508_1	scRNA-seq	Level 3	Breast NOS		Ductal carcinoma in situ NOS	Synapse	syn64372124	HTA6	mtx	HTA6_2508_27	HTA6_2508_19		CellRanger	run `cellranger count` with `--expect-cells=10000`, `--chemistry='auto'` and reference bundle 'refdata-gex-GRCh38-2020-A' from the cellranger website	Cell Ranger v6.0.1	https://gitlab.oit.duke.edu/dcibioinformatics/pubs/pca-dcis-scrna-seq/-/tree/master/Cellranger	Release 6.2	Details	
HTAN Duke/sc_RNAseq_level_3_qin/HTA6_2508_2-matrix.mtx.gz	HTAN Duke		HTA6_2508_2	scRNA-seq	Level 3	Breast NOS		Ductal carcinoma in situ NOS	Synapse	syn64372125	HTA6	mtx	HTA6_2508_28	HTA6_2508_20		CellRanger	run `cellranger count` with `--expect-cells=10000`, `--chemistry='auto'` and reference bundle 'refdata-gex-GRCh38-2020-A' from the cellranger website	Cell Ranger v6.0.1	https://gitlab.oit.duke.edu/dcibioinformatics/pubs/pca-dcis-scrna-seq/-/tree/master/Cellranger	Release 6.2	Details	
HTAN Duke/sc_RNAseq_level_3_qin/HTA6_2509_1-matrix.mtx.gz	HTAN Duke		HTA6_2509_1	scRNA-seq	Level 3	Breast NOS		Ductal carcinoma in situ NOS	Synapse	syn64372126	HTA6	mtx	HTA6_2509_14	HTA6_2509_10		CellRanger	run `cellranger count` with `--expect-cells=10000`, `--chemistry='auto'` and reference bundle 'refdata-gex-GRCh38-2020-A' from the cellranger website	Cell Ranger v6.0.1	https://gitlab.oit.duke.edu/dcibioinformatics/pubs/pca-dcis-scrna-seq/-/tree/master/Cellranger	Release 6.2	Details	
HTAN Duke/sc_RNAseq_level_4_qin/BPCA_FilteredByQC_IntByBatch_scSorter0p2_KumarHybrid_MixedPON_NoGroup_leiden_SeuratObj.rds	HTAN Duke		HTA6_2494_1, HTA6_2494_2, HTA6_2495_1, HTA6_2496_1, HTA6_2497_1, HTA6_2498_1, HTA6_2498_2, HTA6_2499_1, HTA6_2505_1, HTA6_2505_2, HTA6_2506_1, HTA6_2506_2, HTA6_2507_1, HTA6_2508_1, HTA6_2508_2, HTA6_2509_1, HTA6_2500_1, HTA6_2500_2, HTA6_2500_3, HTA6_2502_2, HTA6_2503_2, HTA6_2504_2	scRNA-seq	Level 4	Breast NOS		Ductal carcinoma in situ NOS	Synapse	syn64372214	HTA6	RData	HTA6_0_10	HTA6_2494_19, HTA6_2494_20, HTA6_2495_12, HTA6_2496_8, HTA6_2497_8, HTA6_2498_29, HTA6_2498_30, HTA6_2499_17, HTA6_2505_21, HTA6_2505_22, HTA6_2506_21, HTA6_2506_22, HTA6_2507_10, HTA6_2508_19, HTA6_2508_20, HTA6_2509_10, HTA6_2500_35, HTA6_2500_36, HTA6_2500_37, HTA6_2502_70, HTA6_2503_41, HTA6_2504_37		Other	Other	See paper Methods	https://gitlab.oit.duke.edu/dcibioinformatics/pubs/pca-dcis-scrna-seq/-/tree/master/scRNAseq	Release 6.2	Details	
HTAN OHSU/sc_rnaseq_level_3/0000368073.h5	HTAN OHSU		HTA9_16_43	scRNA-seq	Level 3	Upper-inner quadrant of breast	Targeted molecular therapy	Duct carcinoma NOS	Synapse	syn68503062	HTA9	hdf5	HTA9_16_5057	HTA9_16_5055		CellRanger	include-introns=TRUE	7.0.0	https://github.com/10XGenomics/cellranger	Release 7.0	Details	
HTAN OHSU/sc_rnaseq_level_3/0000368115.h5	HTAN OHSU		HTA9_16_44	scRNA-seq	Level 3	Upper-inner quadrant of breast	Targeted molecular therapy	Duct carcinoma NOS	Synapse	syn68503064	HTA9	hdf5	HTA9_16_5058	HTA9_16_5056		CellRanger	include-introns=TRUE	7.0.0	https://github.com/10XGenomics/cellranger	Release 7.0	Details	
HTAN OHSU/sc_rnaseq_level_3/0000382508.h5	HTAN OHSU		HTA9_17_43	scRNA-seq	Level 3	Upper-outer quadrant of breast	Immunotherapy (including vaccines)	Duct carcinoma NOS	Synapse	syn68503065	HTA9	hdf5	HTA9_42_1053	HTA9_42_1051		CellRanger	include-introns=TRUE	7.0.0	https://github.com/10XGenomics/cellranger	Release 7.0	Details	
HTAN OHSU/sc_rnaseq_level_3/0000382613.h5	HTAN OHSU		HTA9_17_44	scRNA-seq	Level 3	Upper-outer quadrant of breast	Immunotherapy (including vaccines)	Duct carcinoma NOS	Synapse	syn68503066	HTA9	hdf5	HTA9_42_1054	HTA9_42_1052		CellRanger	include-introns=TRUE	7.0.0	https://github.com/10XGenomics/cellranger	Release 7.0	Details	
HTAN OHSU/sc_rnaseq_level_3/0000382750.h5	HTAN OHSU		HTA9_18_42	scRNA-seq	Level 3	Upper-outer quadrant of breast	Immunotherapy (including vaccines)	Duct carcinoma NOS	Synapse	syn68503067	HTA9	hdf5	HTA9_17_10630	HTA9_17_10628		CellRanger	include-introns=TRUE	7.0.0	https://github.com/10XGenomics/cellranger	Release 7.0	Details	
HTAN OHSU/sc_rnaseq_level_3/0000382840.h5	HTAN OHSU		HTA9_18_43	scRNA-seq	Level 3	Upper-outer quadrant of breast	Immunotherapy (including vaccines)	Duct carcinoma NOS	Synapse	syn68503068	HTA9	hdf5	HTA9_17_10631	HTA9_17_10629		CellRanger	include-introns=TRUE	7.0.0	https://github.com/10XGenomics/cellranger	Release 7.0	Details	
HTAN OHSU/sc_rnaseq_level_3/0000382864.h5	HTAN OHSU		HTA9_1_160	scRNA-seq	Level 3	Upper-inner quadrant of breast	Targeted molecular therapy	Duct carcinoma NOS	Synapse	syn68503069	HTA9	hdf5	HTA9_1_40677	HTA9_1_40676		CellRanger	include-introns=TRUE	7.0.0	https://github.com/10XGenomics/cellranger	Release 7.0	Details	
HTAN OHSU/sc_rnaseq_level_3/0000382888.h5	HTAN OHSU		HTA9_24_74	scRNA-seq	Level 3	Upper-outer quadrant of breast	Targeted molecular therapy	Infiltrating duct carcinoma NOS	Synapse	syn68503073	HTA9	hdf5	HTA9_18_9135	HTA9_18_9134		CellRanger	include-introns=TRUE	7.0.0	https://github.com/10XGenomics/cellranger	Release 7.0	Details	
HTAN OHSU/sc_rnaseq_level_3/0000394766.h5	HTAN OHSU		HTA9_29_57	scRNA-seq	Level 3	Upper-outer quadrant of breast	Targeted molecular therapy	Infiltrating duct carcinoma NOS	Synapse	syn68503074	HTA9	hdf5	HTA9_18_9136	HTA9_18_9133		CellRanger	include-introns=TRUE	7.0.0	https://github.com/10XGenomics/cellranger	Release 7.0	Details	
HTAN OHSU/sc_rnaseq_level_3/0000399184.h5	HTAN OHSU		HTA9_29_58	scRNA-seq	Level 3	Upper-outer quadrant of breast	Targeted molecular therapy	Infiltrating duct carcinoma NOS	Synapse	syn68503075	HTA9	hdf5	HTA9_24_1413	HTA9_24_1412		CellRanger	include-introns=TRUE	7.0.0	https://github.com/10XGenomics/cellranger	Release 7.0	Details	
HTAN OHSU/sc_rnaseq_level_3/0000434407.h5	HTAN OHSU		HTA9_42_24	scRNA-seq	Level 3	Breast NOS	Immunotherapy (including vaccines)	Adenocarcinoma NOS	Synapse	syn68503076	HTA9	hdf5	HTA9_44_1024	HTA9_44_1023		CellRanger	include-introns=TRUE	7.0.0	https://github.com/10XGenomics/cellranger	Release 7.0	Details	
HTAN OHSU/sc_rnaseq_level_3/0000446973.h5	HTAN OHSU		HTA9_42_25	scRNA-seq	Level 3	Breast NOS	Immunotherapy (including vaccines)	Adenocarcinoma NOS	Synapse	syn68503078	HTA9	hdf5	HTA9_29_8105	HTA9_29_8103		CellRanger	include-introns=TRUE	7.0.0	https://github.com/10XGenomics/cellranger	Release 7.0	Details	
HTAN OHSU/sc_rnaseq_level_3/0000447034.h5	HTAN OHSU		HTA9_44_26	scRNA-seq	Level 3	Overlapping lesion of breast	Targeted molecular therapy	Infiltrating duct carcinoma NOS	Synapse	syn68503079	HTA9	hdf5	HTA9_29_8106	HTA9_29_8104		CellRanger	include-introns=TRUE	7.0.0	https://github.com/10XGenomics/cellranger	Release 7.0	Details	